device_type,brand,model,symptom_text,diagnosis,components,repair_time,success_rate,technician_level
laptop,Dell,XPS 15,won't turn on no power black screen,Power supply failure,Power adapter;Battery;Motherboard;Power jack,52,93.4,Intermediate
laptop,Dell,XPS 15,completely dead not responding to power button,Power supply failure,Power adapter;Battery;Motherboard;Power jack,64,94.9,Intermediate
laptop,Dell,XPS 15,no lights no signs of life,Power supply failure,Power adapter;Battery;Motherboard;Power jack,70,88.0,Intermediate
laptop,Dell,XPS 15,power button not working device dead,Power supply failure,Power adapter;Battery;Motherboard;Power jack,52,92.8,Intermediate
laptop,Dell,XPS 15,tried charging overnight still won't turn on,Power supply failure,Power adapter;Battery;Motherboard;Power jack,66,85.5,Intermediate
laptop,Dell,XPS 15,dead battery not charging,Battery failure,Battery;Charging port;Battery connector,39,90.5,Beginner
laptop,Dell,XPS 15,battery drains very fast only lasts 30 minutes,Battery failure,Battery;Charging port;Battery connector,46,95.4,Beginner
laptop,Dell,XPS 15,charging but percentage not increasing,Battery failure,Battery;Charging port;Battery connector,36,99.4,Beginner
laptop,Dell,XPS 15,battery swollen device bulging,Battery failure,Battery;Charging port;Battery connector,39,93.0,Beginner
laptop,Dell,XPS 15,shows charging but battery percentage drops,Battery failure,Battery;Charging port;Battery connector,36,93.2,Beginner
laptop,Dell,XPS 15,screen cracked broken display,Screen damage,Display;LCD panel;Touch digitizer;Display cable,81,98.8,Advanced
laptop,Dell,XPS 15,display shattered touch not working,Screen damage,Display;LCD panel;Touch digitizer;Display cable,67,99.3,Advanced
laptop,Dell,XPS 15,black spots on screen after drop,Screen damage,Display;LCD panel;Touch digitizer;Display cable,69,100.0,Advanced
laptop,Dell,XPS 15,screen flickering lines across display,Screen damage,Display;LCD panel;Touch digitizer;Display cable,66,96.7,Advanced
laptop,Dell,XPS 15,half screen not working after fall,Screen damage,Display;LCD panel;Touch digitizer;Display cable,68,96.0,Advanced
laptop,Dell,XPS 15,screen stays black but device is on,Display malfunction,Display cable;LCD panel;Inverter board;Backlight,59,89.3,Intermediate
laptop,Dell,XPS 15,display very dim can barely see anything,Display malfunction,Display cable;LCD panel;Inverter board;Backlight,63,88.0,Intermediate
laptop,Dell,XPS 15,screen flickers when moving lid,Display malfunction,Display cable;LCD panel;Inverter board;Backlight,51,86.5,Intermediate
laptop,Dell,XPS 15,vertical lines on display,Display malfunction,Display cable;LCD panel;Inverter board;Backlight,66,85.9,Intermediate
laptop,Dell,XPS 15,screen goes black randomly,Display malfunction,Display cable;LCD panel;Inverter board;Backlight,58,80.6,Intermediate
laptop,Dell,XPS 15,slow performance lag freezing,Software issue,RAM;SSD;Operating system;Drivers,88,83.7,Intermediate
laptop,Dell,XPS 15,apps crash constantly won't stay open,Software issue,RAM;SSD;Operating system;Drivers,86,82.6,Intermediate
laptop,Dell,XPS 15,system freezes need to force restart,Software issue,RAM;SSD;Operating system;Drivers,87,83.8,Intermediate
laptop,Dell,XPS 15,very slow takes forever to open anything,Software issue,RAM;SSD;Operating system;Drivers,84,86.0,Intermediate
laptop,Dell,XPS 15,keeps restarting on its own,Software issue,RAM;SSD;Operating system;Drivers,95,81.1,Intermediate
laptop,Dell,XPS 15,overheating fan loud hot,Cooling system failure,Fan;Heat sink;Thermal paste;Cooling system,58,92.9,Intermediate
laptop,Dell,XPS 15,device gets extremely hot can't touch it,Cooling system failure,Fan;Heat sink;Thermal paste;Cooling system,52,92.6,Intermediate
laptop,Dell,XPS 15,fan running at full speed very noisy,Cooling system failure,Fan;Heat sink;Thermal paste;Cooling system,60,92.8,Intermediate
laptop,Dell,XPS 15,shuts down due to overheating,Cooling system failure,Fan;Heat sink;Thermal paste;Cooling system,53,89.8,Intermediate
laptop,Dell,XPS 15,bottom gets burning hot during use,Cooling system failure,Fan;Heat sink;Thermal paste;Cooling system,69,90.7,Intermediate
laptop,Dell,XPS 15,wifi not connecting no internet,Network failure,Wifi card;Network drivers;Antenna;Bluetooth module,28,93.2,Beginner
laptop,Dell,XPS 15,bluetooth won't turn on greyed out,Network failure,Wifi card;Network drivers;Antenna;Bluetooth module,21,89.8,Beginner
laptop,Dell,XPS 15,wifi keeps disconnecting every few minutes,Network failure,Wifi card;Network drivers;Antenna;Bluetooth module,28,93.9,Beginner
laptop,Dell,XPS 15,can't find any wifi networks,Network failure,Wifi card;Network drivers;Antenna;Bluetooth module,20,94.5,Beginner
laptop,Dell,XPS 15,network adapter not detected,Network failure,Wifi card;Network drivers;Antenna;Bluetooth module,28,87.3,Beginner
laptop,Dell,XPS 15,keyboard not working some keys,Keyboard failure,Keyboard;Ribbon cable;Keyboard controller,48,85.9,Intermediate
laptop,Dell,XPS 15,several keys don't respond when pressed,Keyboard failure,Keyboard;Ribbon cable;Keyboard controller,47,91.5,Intermediate
laptop,Dell,XPS 15,keyboard types wrong characters,Keyboard failure,Keyboard;Ribbon cable;Keyboard controller,44,93.1,Intermediate
laptop,Dell,XPS 15,spacebar and enter key not working,Keyboard failure,Keyboard;Ribbon cable;Keyboard controller,53,94.5,Intermediate
laptop,Dell,XPS 15,liquid spilled on keyboard not working,Keyboard failure,Keyboard;Ribbon cable;Keyboard controller,37,94.3,Intermediate
laptop,Dell,XPS 15,no sound speaker audio issue,Audio failure,Speakers;Audio jack;Audio drivers;Sound card,22,89.4,Beginner
laptop,Dell,XPS 15,speakers crackling distorted sound,Audio failure,Speakers;Audio jack;Audio drivers;Sound card,27,82.6,Beginner
laptop,Dell,XPS 15,microphone not working during calls,Audio failure,Speakers;Audio jack;Audio drivers;Sound card,27,82.6,Beginner
laptop,Dell,XPS 15,audio only works with headphones,Audio failure,Speakers;Audio jack;Audio drivers;Sound card,20,82.8,Beginner
laptop,Dell,XPS 15,one speaker not working,Audio failure,Speakers;Audio jack;Audio drivers;Sound card,38,80.3,Beginner
laptop,Dell,XPS 15,usb ports not working,USB failure,USB ports;Motherboard;USB controller,39,91.4,Intermediate
laptop,Dell,XPS 15,usb devices not recognized,USB failure,USB ports;Motherboard;USB controller,54,85.2,Intermediate
laptop,Dell,XPS 15,charging port loose not connecting properly,USB failure,USB ports;Motherboard;USB controller,40,84.2,Intermediate
laptop,Dell,XPS 15,usb port physically damaged,USB failure,USB ports;Motherboard;USB controller,38,86.2,Intermediate
laptop,Dell,XPS 15,some usb ports work others don't,USB failure,USB ports;Motherboard;USB controller,46,87.4,Intermediate
laptop,Dell,XPS 15,camera not working,Camera failure,Webcam;Camera cable;Camera drivers,44,83.1,Intermediate
laptop,Dell,XPS 15,camera shows black screen,Camera failure,Webcam;Camera cable;Camera drivers,40,83.5,Intermediate
laptop,Dell,XPS 15,camera blurry won't focus,Camera failure,Webcam;Camera cable;Camera drivers,54,87.5,Intermediate
laptop,Dell,XPS 15,front camera works but rear camera doesn't,Camera failure,Webcam;Camera cable;Camera drivers,39,90.4,Intermediate
laptop,Dell,XPS 15,camera app crashes when opened,Camera failure,Webcam;Camera cable;Camera drivers,50,87.7,Intermediate
laptop,Dell,XPS 15,hard drive not detected,Storage failure,SSD;HDD;Storage controller;SATA cable,79,66.5,Advanced
laptop,Dell,XPS 15,storage full can't save anything,Storage failure,SSD;HDD;Storage controller;SATA cable,65,74.1,Advanced
laptop,Dell,XPS 15,ssd failed system won't boot,Storage failure,SSD;HDD;Storage controller;SATA cable,68,69.0,Advanced
laptop,Dell,XPS 15,corrupted storage data loss,Storage failure,SSD;HDD;Storage controller;SATA cable,72,72.5,Advanced
laptop,Dell,XPS 15,disk errors constant warnings,Storage failure,SSD;HDD;Storage controller;SATA cable,81,68.1,Advanced
laptop,Dell,XPS 15,dropped in water won't turn on,Water damage,Motherboard;Keyboard;Battery;Display,111,58.6,Expert
laptop,Dell,XPS 15,liquid damage corrosion visible,Water damage,Motherboard;Keyboard;Battery;Display,129,62.3,Expert
laptop,Dell,XPS 15,water indicator triggered device wet,Water damage,Motherboard;Keyboard;Battery;Display,126,57.8,Expert
laptop,Dell,XPS 15,coffee spilled on device not working,Water damage,Motherboard;Keyboard;Battery;Display,118,59.9,Expert
laptop,Dell,XPS 15,moisture inside screen foggy display,Water damage,Motherboard;Keyboard;Battery;Display,111,60.1,Expert
laptop,Dell,XPS 15,dropped device cracked case,Physical damage,Chassis;Hinges;Case;Frame,53,75.0,Intermediate
laptop,Dell,XPS 15,bent frame after sitting on it,Physical damage,Chassis;Hinges;Case;Frame,51,77.4,Intermediate
laptop,Dell,XPS 15,buttons physically broken,Physical damage,Chassis;Hinges;Case;Frame,61,77.6,Intermediate
laptop,Dell,XPS 15,housing cracked from impact,Physical damage,Chassis;Hinges;Case;Frame,58,76.2,Intermediate
laptop,Dell,XPS 15,device dented from fall,Physical damage,Chassis;Hinges;Case;Frame,64,76.6,Intermediate
laptop,Dell,XPS 15,device powers on but no display,Motherboard failure,Motherboard;CPU;GPU;Chipset,144,64.1,Expert
laptop,Dell,XPS 15,random shutdowns motherboard issue,Motherboard failure,Motherboard;CPU;GPU;Chipset,148,60.2,Expert
laptop,Dell,XPS 15,short circuit smell burning,Motherboard failure,Motherboard;CPU;GPU;Chipset,142,66.6,Expert
laptop,Dell,XPS 15,no boot beep codes,Motherboard failure,Motherboard;CPU;GPU;Chipset,152,60.1,Expert
laptop,Dell,XPS 15,device turns on for few seconds then dies,Motherboard failure,Motherboard;CPU;GPU;Chipset,143,62.3,Expert
laptop,HP,EliteBook 840,won't turn on no power black screen,Power supply failure,Power adapter;Battery;Motherboard;Power jack,56,85.5,Intermediate
laptop,HP,EliteBook 840,completely dead not responding to power button,Power supply failure,Power adapter;Battery;Motherboard;Power jack,54,91.0,Intermediate
laptop,HP,EliteBook 840,no lights no signs of life,Power supply failure,Power adapter;Battery;Motherboard;Power jack,63,93.2,Intermediate
laptop,HP,EliteBook 840,power button not working device dead,Power supply failure,Power adapter;Battery;Motherboard;Power jack,52,91.4,Intermediate
laptop,HP,EliteBook 840,tried charging overnight still won't turn on,Power supply failure,Power adapter;Battery;Motherboard;Power jack,58,88.4,Intermediate
laptop,HP,EliteBook 840,dead battery not charging,Battery failure,Battery;Charging port;Battery connector,35,96.5,Beginner
laptop,HP,EliteBook 840,battery drains very fast only lasts 30 minutes,Battery failure,Battery;Charging port;Battery connector,46,94.2,Beginner
laptop,HP,EliteBook 840,charging but percentage not increasing,Battery failure,Battery;Charging port;Battery connector,46,96.1,Beginner
laptop,HP,EliteBook 840,battery swollen device bulging,Battery failure,Battery;Charging port;Battery connector,46,93.8,Beginner
laptop,HP,EliteBook 840,shows charging but battery percentage drops,Battery failure,Battery;Charging port;Battery connector,38,96.6,Beginner
laptop,HP,EliteBook 840,screen cracked broken display,Screen damage,Display;LCD panel;Touch digitizer;Display cable,71,95.8,Advanced
laptop,HP,EliteBook 840,display shattered touch not working,Screen damage,Display;LCD panel;Touch digitizer;Display cable,79,94.0,Advanced
laptop,HP,EliteBook 840,black spots on screen after drop,Screen damage,Display;LCD panel;Touch digitizer;Display cable,76,96.8,Advanced
laptop,HP,EliteBook 840,screen flickering lines across display,Screen damage,Display;LCD panel;Touch digitizer;Display cable,81,97.4,Advanced
laptop,HP,EliteBook 840,half screen not working after fall,Screen damage,Display;LCD panel;Touch digitizer;Display cable,72,91.7,Advanced
laptop,HP,EliteBook 840,screen stays black but device is on,Display malfunction,Display cable;LCD panel;Inverter board;Backlight,68,80.6,Intermediate
laptop,HP,EliteBook 840,display very dim can barely see anything,Display malfunction,Display cable;LCD panel;Inverter board;Backlight,69,83.0,Intermediate
laptop,HP,EliteBook 840,screen flickers when moving lid,Display malfunction,Display cable;LCD panel;Inverter board;Backlight,65,88.1,Intermediate
laptop,HP,EliteBook 840,vertical lines on display,Display malfunction,Display cable;LCD panel;Inverter board;Backlight,52,88.4,Intermediate
laptop,HP,EliteBook 840,screen goes black randomly,Display malfunction,Display cable;LCD panel;Inverter board;Backlight,67,87.2,Intermediate
laptop,HP,EliteBook 840,slow performance lag freezing,Software issue,RAM;SSD;Operating system;Drivers,85,81.8,Intermediate
laptop,HP,EliteBook 840,apps crash constantly won't stay open,Software issue,RAM;SSD;Operating system;Drivers,94,81.9,Intermediate
laptop,HP,EliteBook 840,system freezes need to force restart,Software issue,RAM;SSD;Operating system;Drivers,81,85.7,Intermediate
laptop,HP,EliteBook 840,very slow takes forever to open anything,Software issue,RAM;SSD;Operating system;Drivers,92,86.8,Intermediate
laptop,HP,EliteBook 840,keeps restarting on its own,Software issue,RAM;SSD;Operating system;Drivers,91,85.3,Intermediate
laptop,HP,EliteBook 840,overheating fan loud hot,Cooling system failure,Fan;Heat sink;Thermal paste;Cooling system,56,84.9,Intermediate
laptop,HP,EliteBook 840,device gets extremely hot can't touch it,Cooling system failure,Fan;Heat sink;Thermal paste;Cooling system,57,86.0,Intermediate
laptop,HP,EliteBook 840,fan running at full speed very noisy,Cooling system failure,Fan;Heat sink;Thermal paste;Cooling system,60,88.2,Intermediate
laptop,HP,EliteBook 840,shuts down due to overheating,Cooling system failure,Fan;Heat sink;Thermal paste;Cooling system,65,83.5,Intermediate
laptop,HP,EliteBook 840,bottom gets burning hot during use,Cooling system failure,Fan;Heat sink;Thermal paste;Cooling system,70,89.3,Intermediate
laptop,HP,EliteBook 840,wifi not connecting no internet,Network failure,Wifi card;Network drivers;Antenna;Bluetooth module,31,93.5,Beginner
laptop,HP,EliteBook 840,bluetooth won't turn on greyed out,Network failure,Wifi card;Network drivers;Antenna;Bluetooth module,27,91.0,Beginner
laptop,HP,EliteBook 840,wifi keeps disconnecting every few minutes,Network failure,Wifi card;Network drivers;Antenna;Bluetooth module,36,91.8,Beginner
laptop,HP,EliteBook 840,can't find any wifi networks,Network failure,Wifi card;Network drivers;Antenna;Bluetooth module,33,96.2,Beginner
laptop,HP,EliteBook 840,network adapter not detected,Network failure,Wifi card;Network drivers;Antenna;Bluetooth module,25,96.0,Beginner
laptop,HP,EliteBook 840,keyboard not working some keys,Keyboard failure,Keyboard;Ribbon cable;Keyboard controller,54,89.7,Intermediate
laptop,HP,EliteBook 840,several keys don't respond when pressed,Keyboard failure,Keyboard;Ribbon cable;Keyboard controller,39,85.2,Intermediate
laptop,HP,EliteBook 840,keyboard types wrong characters,Keyboard failure,Keyboard;Ribbon cable;Keyboard controller,50,93.7,Intermediate
laptop,HP,EliteBook 840,spacebar and enter key not working,Keyboard failure,Keyboard;Ribbon cable;Keyboard controller,53,93.1,Intermediate
laptop,HP,EliteBook 840,liquid spilled on keyboard not working,Keyboard failure,Keyboard;Ribbon cable;Keyboard controller,55,93.0,Intermediate
laptop,HP,EliteBook 840,no sound speaker audio issue,Audio failure,Speakers;Audio jack;Audio drivers;Sound card,31,84.5,Beginner
laptop,HP,EliteBook 840,speakers crackling distorted sound,Audio failure,Speakers;Audio jack;Audio drivers;Sound card,21,84.5,Beginner
laptop,HP,EliteBook 840,microphone not working during calls,Audio failure,Speakers;Audio jack;Audio drivers;Sound card,25,87.5,Beginner
laptop,HP,EliteBook 840,audio only works with headphones,Audio failure,Speakers;Audio jack;Audio drivers;Sound card,26,86.7,Beginner
laptop,HP,EliteBook 840,one speaker not working,Audio failure,Speakers;Audio jack;Audio drivers;Sound card,28,88.7,Beginner
laptop,HP,EliteBook 840,usb ports not working,USB failure,USB ports;Motherboard;USB controller,35,87.5,Intermediate
laptop,HP,EliteBook 840,usb devices not recognized,USB failure,USB ports;Motherboard;USB controller,44,83.1,Intermediate
laptop,HP,EliteBook 840,charging port loose not connecting properly,USB failure,USB ports;Motherboard;USB controller,47,91.9,Intermediate
laptop,HP,EliteBook 840,usb port physically damaged,USB failure,USB ports;Motherboard;USB controller,44,84.7,Intermediate
laptop,HP,EliteBook 840,some usb ports work others don't,USB failure,USB ports;Motherboard;USB controller,50,84.6,Intermediate
laptop,HP,EliteBook 840,camera not working,Camera failure,Webcam;Camera cable;Camera drivers,37,89.2,Intermediate
laptop,HP,EliteBook 840,camera shows black screen,Camera failure,Webcam;Camera cable;Camera drivers,48,87.2,Intermediate
laptop,HP,EliteBook 840,camera blurry won't focus,Camera failure,Webcam;Camera cable;Camera drivers,43,90.6,Intermediate
laptop,HP,EliteBook 840,front camera works but rear camera doesn't,Camera failure,Webcam;Camera cable;Camera drivers,36,83.0,Intermediate
laptop,HP,EliteBook 840,camera app crashes when opened,Camera failure,Webcam;Camera cable;Camera drivers,41,91.7,Intermediate
laptop,HP,EliteBook 840,hard drive not detected,Storage failure,SSD;HDD;Storage controller;SATA cable,67,70.5,Advanced
laptop,HP,EliteBook 840,storage full can't save anything,Storage failure,SSD;HDD;Storage controller;SATA cable,82,66.2,Advanced
laptop,HP,EliteBook 840,ssd failed system won't boot,Storage failure,SSD;HDD;Storage controller;SATA cable,78,68.7,Advanced
laptop,HP,EliteBook 840,corrupted storage data loss,Storage failure,SSD;HDD;Storage controller;SATA cable,65,65.9,Advanced
laptop,HP,EliteBook 840,disk errors constant warnings,Storage failure,SSD;HDD;Storage controller;SATA cable,85,72.8,Advanced
laptop,HP,EliteBook 840,dropped in water won't turn on,Water damage,Motherboard;Keyboard;Battery;Display,114,55.2,Expert
laptop,HP,EliteBook 840,liquid damage corrosion visible,Water damage,Motherboard;Keyboard;Battery;Display,120,61.8,Expert
laptop,HP,EliteBook 840,water indicator triggered device wet,Water damage,Motherboard;Keyboard;Battery;Display,115,59.4,Expert
laptop,HP,EliteBook 840,coffee spilled on device not working,Water damage,Motherboard;Keyboard;Battery;Display,114,57.4,Expert
laptop,HP,EliteBook 840,moisture inside screen foggy display,Water damage,Motherboard;Keyboard;Battery;Display,123,59.3,Expert
laptop,HP,EliteBook 840,dropped device cracked case,Physical damage,Chassis;Hinges;Case;Frame,52,82.9,Intermediate
laptop,HP,EliteBook 840,bent frame after sitting on it,Physical damage,Chassis;Hinges;Case;Frame,66,76.9,Intermediate
laptop,HP,EliteBook 840,buttons physically broken,Physical damage,Chassis;Hinges;Case;Frame,70,80.8,Intermediate
laptop,HP,EliteBook 840,housing cracked from impact,Physical damage,Chassis;Hinges;Case;Frame,59,78.7,Intermediate
laptop,HP,EliteBook 840,device dented from fall,Physical damage,Chassis;Hinges;Case;Frame,50,81.6,Intermediate
laptop,HP,EliteBook 840,device powers on but no display,Motherboard failure,Motherboard;CPU;GPU;Chipset,149,66.9,Expert
laptop,HP,EliteBook 840,random shutdowns motherboard issue,Motherboard failure,Motherboard;CPU;GPU;Chipset,160,61.3,Expert
laptop,HP,EliteBook 840,short circuit smell burning,Motherboard failure,Motherboard;CPU;GPU;Chipset,151,67.6,Expert
laptop,HP,EliteBook 840,no boot beep codes,Motherboard failure,Motherboard;CPU;GPU;Chipset,141,68.4,Expert
laptop,HP,EliteBook 840,device turns on for few seconds then dies,Motherboard failure,Motherboard;CPU;GPU;Chipset,149,61.6,Expert
laptop,Lenovo,ThinkPad T490,won't turn on no power black screen,Power supply failure,Power adapter;Battery;Motherboard;Power jack,54,85.3,Intermediate
laptop,Lenovo,ThinkPad T490,completely dead not responding to power button,Power supply failure,Power adapter;Battery;Motherboard;Power jack,68,90.9,Intermediate
laptop,Lenovo,ThinkPad T490,no lights no signs of life,Power supply failure,Power adapter;Battery;Motherboard;Power jack,60,89.0,Intermediate
laptop,Lenovo,ThinkPad T490,power button not working device dead,Power supply failure,Power adapter;Battery;Motherboard;Power jack,50,92.3,Intermediate
laptop,Lenovo,ThinkPad T490,tried charging overnight still won't turn on,Power supply failure,Power adapter;Battery;Motherboard;Power jack,50,94.0,Intermediate
laptop,Lenovo,ThinkPad T490,dead battery not charging,Battery failure,Battery;Charging port;Battery connector,48,90.4,Beginner
laptop,Lenovo,ThinkPad T490,battery drains very fast only lasts 30 minutes,Battery failure,Battery;Charging port;Battery connector,50,96.3,Beginner
laptop,Lenovo,ThinkPad T490,charging but percentage not increasing,Battery failure,Battery;Charging port;Battery connector,48,99.8,Beginner
laptop,Lenovo,ThinkPad T490,battery swollen device bulging,Battery failure,Battery;Charging port;Battery connector,52,95.7,Beginner
laptop,Lenovo,ThinkPad T490,shows charging but battery percentage drops,Battery failure,Battery;Charging port;Battery connector,48,96.1,Beginner
laptop,Lenovo,ThinkPad T490,screen cracked broken display,Screen damage,Display;LCD panel;Touch digitizer;Display cable,74,99.4,Advanced
laptop,Lenovo,ThinkPad T490,display shattered touch not working,Screen damage,Display;LCD panel;Touch digitizer;Display cable,85,93.7,Advanced
laptop,Lenovo,ThinkPad T490,black spots on screen after drop,Screen damage,Display;LCD panel;Touch digitizer;Display cable,85,96.8,Advanced
laptop,Lenovo,ThinkPad T490,screen flickering lines across display,Screen damage,Display;LCD panel;Touch digitizer;Display cable,66,90.5,Advanced
laptop,Lenovo,ThinkPad T490,half screen not working after fall,Screen damage,Display;LCD panel;Touch digitizer;Display cable,75,96.4,Advanced
laptop,Lenovo,ThinkPad T490,screen stays black but device is on,Display malfunction,Display cable;LCD panel;Inverter board;Backlight,69,84.5,Intermediate
laptop,Lenovo,ThinkPad T490,display very dim can barely see anything,Display malfunction,Display cable;LCD panel;Inverter board;Backlight,61,85.7,Intermediate
laptop,Lenovo,ThinkPad T490,screen flickers when moving lid,Display malfunction,Display cable;LCD panel;Inverter board;Backlight,58,83.8,Intermediate
laptop,Lenovo,ThinkPad T490,vertical lines on display,Display malfunction,Display cable;LCD panel;Inverter board;Backlight,60,83.6,Intermediate
laptop,Lenovo,ThinkPad T490,screen goes black randomly,Display malfunction,Display cable;LCD panel;Inverter board;Backlight,61,81.2,Intermediate
laptop,Lenovo,ThinkPad T490,slow performance lag freezing,Software issue,RAM;SSD;Operating system;Drivers,85,89.0,Intermediate
laptop,Lenovo,ThinkPad T490,apps crash constantly won't stay open,Software issue,RAM;SSD;Operating system;Drivers,87,83.1,Intermediate
laptop,Lenovo,ThinkPad T490,system freezes need to force restart,Software issue,RAM;SSD;Operating system;Drivers,82,82.9,Intermediate
laptop,Lenovo,ThinkPad T490,very slow takes forever to open anything,Software issue,RAM;SSD;Operating system;Drivers,99,87.0,Intermediate
laptop,Lenovo,ThinkPad T490,keeps restarting on its own,Software issue,RAM;SSD;Operating system;Drivers,92,89.6,Intermediate
laptop,Lenovo,ThinkPad T490,overheating fan loud hot,Cooling system failure,Fan;Heat sink;Thermal paste;Cooling system,66,84.8,Intermediate
laptop,Lenovo,ThinkPad T490,device gets extremely hot can't touch it,Cooling system failure,Fan;Heat sink;Thermal paste;Cooling system,60,89.1,Intermediate
laptop,Lenovo,ThinkPad T490,fan running at full speed very noisy,Cooling system failure,Fan;Heat sink;Thermal paste;Cooling system,51,87.8,Intermediate
laptop,Lenovo,ThinkPad T490,shuts down due to overheating,Cooling system failure,Fan;Heat sink;Thermal paste;Cooling system,63,87.2,Intermediate
laptop,Lenovo,ThinkPad T490,bottom gets burning hot during use,Cooling system failure,Fan;Heat sink;Thermal paste;Cooling system,50,91.6,Intermediate
laptop,Lenovo,ThinkPad T490,wifi not connecting no internet,Network failure,Wifi card;Network drivers;Antenna;Bluetooth module,38,91.0,Beginner
laptop,Lenovo,ThinkPad T490,bluetooth won't turn on greyed out,Network failure,Wifi card;Network drivers;Antenna;Bluetooth module,29,93.2,Beginner
laptop,Lenovo,ThinkPad T490,wifi keeps disconnecting every few minutes,Network failure,Wifi card;Network drivers;Antenna;Bluetooth module,36,91.3,Beginner
laptop,Lenovo,ThinkPad T490,can't find any wifi networks,Network failure,Wifi card;Network drivers;Antenna;Bluetooth module,26,91.1,Beginner
laptop,Lenovo,ThinkPad T490,network adapter not detected,Network failure,Wifi card;Network drivers;Antenna;Bluetooth module,27,95.1,Beginner
laptop,Lenovo,ThinkPad T490,keyboard not working some keys,Keyboard failure,Keyboard;Ribbon cable;Keyboard controller,35,90.2,Intermediate
laptop,Lenovo,ThinkPad T490,several keys don't respond when pressed,Keyboard failure,Keyboard;Ribbon cable;Keyboard controller,54,88.7,Intermediate
laptop,Lenovo,ThinkPad T490,keyboard types wrong characters,Keyboard failure,Keyboard;Ribbon cable;Keyboard controller,50,89.3,Intermediate
laptop,Lenovo,ThinkPad T490,spacebar and enter key not working,Keyboard failure,Keyboard;Ribbon cable;Keyboard controller,51,91.1,Intermediate
laptop,Lenovo,ThinkPad T490,liquid spilled on keyboard not working,Keyboard failure,Keyboard;Ribbon cable;Keyboard controller,38,87.2,Intermediate
laptop,Lenovo,ThinkPad T490,no sound speaker audio issue,Audio failure,Speakers;Audio jack;Audio drivers;Sound card,34,87.0,Beginner
laptop,Lenovo,ThinkPad T490,speakers crackling distorted sound,Audio failure,Speakers;Audio jack;Audio drivers;Sound card,32,88.6,Beginner
laptop,Lenovo,ThinkPad T490,microphone not working during calls,Audio failure,Speakers;Audio jack;Audio drivers;Sound card,28,84.0,Beginner
laptop,Lenovo,ThinkPad T490,audio only works with headphones,Audio failure,Speakers;Audio jack;Audio drivers;Sound card,21,87.2,Beginner
laptop,Lenovo,ThinkPad T490,one speaker not working,Audio failure,Speakers;Audio jack;Audio drivers;Sound card,40,83.1,Beginner
laptop,Lenovo,ThinkPad T490,usb ports not working,USB failure,USB ports;Motherboard;USB controller,47,86.4,Intermediate
laptop,Lenovo,ThinkPad T490,usb devices not recognized,USB failure,USB ports;Motherboard;USB controller,42,83.2,Intermediate
laptop,Lenovo,ThinkPad T490,charging port loose not connecting properly,USB failure,USB ports;Motherboard;USB controller,38,84.7,Intermediate
laptop,Lenovo,ThinkPad T490,usb port physically damaged,USB failure,USB ports;Motherboard;USB controller,46,83.2,Intermediate
laptop,Lenovo,ThinkPad T490,some usb ports work others don't,USB failure,USB ports;Motherboard;USB controller,45,82.8,Intermediate
laptop,Lenovo,ThinkPad T490,camera not working,Camera failure,Webcam;Camera cable;Camera drivers,36,89.1,Intermediate
laptop,Lenovo,ThinkPad T490,camera shows black screen,Camera failure,Webcam;Camera cable;Camera drivers,41,89.1,Intermediate
laptop,Lenovo,ThinkPad T490,camera blurry won't focus,Camera failure,Webcam;Camera cable;Camera drivers,38,82.2,Intermediate
laptop,Lenovo,ThinkPad T490,front camera works but rear camera doesn't,Camera failure,Webcam;Camera cable;Camera drivers,44,88.4,Intermediate
laptop,Lenovo,ThinkPad T490,camera app crashes when opened,Camera failure,Webcam;Camera cable;Camera drivers,40,86.8,Intermediate
laptop,Lenovo,ThinkPad T490,hard drive not detected,Storage failure,SSD;HDD;Storage controller;SATA cable,82,68.4,Advanced
laptop,Lenovo,ThinkPad T490,storage full can't save anything,Storage failure,SSD;HDD;Storage controller;SATA cable,83,68.1,Advanced
laptop,Lenovo,ThinkPad T490,ssd failed system won't boot,Storage failure,SSD;HDD;Storage controller;SATA cable,70,67.4,Advanced
laptop,Lenovo,ThinkPad T490,corrupted storage data loss,Storage failure,SSD;HDD;Storage controller;SATA cable,85,66.3,Advanced
laptop,Lenovo,ThinkPad T490,disk errors constant warnings,Storage failure,SSD;HDD;Storage controller;SATA cable,70,67.8,Advanced
laptop,Lenovo,ThinkPad T490,dropped in water won't turn on,Water damage,Motherboard;Keyboard;Battery;Display,130,56.5,Expert
laptop,Lenovo,ThinkPad T490,liquid damage corrosion visible,Water damage,Motherboard;Keyboard;Battery;Display,124,64.6,Expert
laptop,Lenovo,ThinkPad T490,water indicator triggered device wet,Water damage,Motherboard;Keyboard;Battery;Display,129,64.4,Expert
laptop,Lenovo,ThinkPad T490,coffee spilled on device not working,Water damage,Motherboard;Keyboard;Battery;Display,115,55.9,Expert
laptop,Lenovo,ThinkPad T490,moisture inside screen foggy display,Water damage,Motherboard;Keyboard;Battery;Display,111,56.1,Expert
laptop,Lenovo,ThinkPad T490,dropped device cracked case,Physical damage,Chassis;Hinges;Case;Frame,57,77.2,Intermediate
laptop,Lenovo,ThinkPad T490,bent frame after sitting on it,Physical damage,Chassis;Hinges;Case;Frame,57,83.7,Intermediate
laptop,Lenovo,ThinkPad T490,buttons physically broken,Physical damage,Chassis;Hinges;Case;Frame,56,80.5,Intermediate
laptop,Lenovo,ThinkPad T490,housing cracked from impact,Physical damage,Chassis;Hinges;Case;Frame,55,77.9,Intermediate
laptop,Lenovo,ThinkPad T490,device dented from fall,Physical damage,Chassis;Hinges;Case;Frame,57,76.7,Intermediate
laptop,Lenovo,ThinkPad T490,device powers on but no display,Motherboard failure,Motherboard;CPU;GPU;Chipset,140,63.1,Expert
laptop,Lenovo,ThinkPad T490,random shutdowns motherboard issue,Motherboard failure,Motherboard;CPU;GPU;Chipset,148,60.4,Expert
laptop,Lenovo,ThinkPad T490,short circuit smell burning,Motherboard failure,Motherboard;CPU;GPU;Chipset,155,63.6,Expert
laptop,Lenovo,ThinkPad T490,no boot beep codes,Motherboard failure,Motherboard;CPU;GPU;Chipset,141,65.5,Expert
laptop,Lenovo,ThinkPad T490,device turns on for few seconds then dies,Motherboard failure,Motherboard;CPU;GPU;Chipset,147,63.5,Expert
laptop,Apple,MacBook Pro,won't turn on no power black screen,Power supply failure,Power adapter;Battery;Motherboard;Power jack,53,89.3,Intermediate
laptop,Apple,MacBook Pro,completely dead not responding to power button,Power supply failure,Power adapter;Battery;Motherboard;Power jack,52,85.1,Intermediate
laptop,Apple,MacBook Pro,no lights no signs of life,Power supply failure,Power adapter;Battery;Motherboard;Power jack,59,94.4,Intermediate
laptop,Apple,MacBook Pro,power button not working device dead,Power supply failure,Power adapter;Battery;Motherboard;Power jack,59,87.8,Intermediate
laptop,Apple,MacBook Pro,tried charging overnight still won't turn on,Power supply failure,Power adapter;Battery;Motherboard;Power jack,65,91.6,Intermediate
laptop,Apple,MacBook Pro,dead battery not charging,Battery failure,Battery;Charging port;Battery connector,38,99.9,Beginner
laptop,Apple,MacBook Pro,battery drains very fast only lasts 30 minutes,Battery failure,Battery;Charging port;Battery connector,46,90.6,Beginner
laptop,Apple,MacBook Pro,charging but percentage not increasing,Battery failure,Battery;Charging port;Battery connector,39,95.4,Beginner
laptop,Apple,MacBook Pro,battery swollen device bulging,Battery failure,Battery;Charging port;Battery connector,54,91.6,Beginner
laptop,Apple,MacBook Pro,shows charging but battery percentage drops,Battery failure,Battery;Charging port;Battery connector,42,99.3,Beginner
laptop,Apple,MacBook Pro,screen cracked broken display,Screen damage,Display;LCD panel;Touch digitizer;Display cable,84,98.8,Advanced
laptop,Apple,MacBook Pro,display shattered touch not working,Screen damage,Display;LCD panel;Touch digitizer;Display cable,77,97.4,Advanced
laptop,Apple,MacBook Pro,black spots on screen after drop,Screen damage,Display;LCD panel;Touch digitizer;Display cable,70,90.2,Advanced
laptop,Apple,MacBook Pro,screen flickering lines across display,Screen damage,Display;LCD panel;Touch digitizer;Display cable,68,92.9,Advanced
laptop,Apple,MacBook Pro,half screen not working after fall,Screen damage,Display;LCD panel;Touch digitizer;Display cable,74,94.8,Advanced
laptop,Apple,MacBook Pro,screen stays black but device is on,Display malfunction,Display cable;LCD panel;Inverter board;Backlight,70,89.5,Intermediate
laptop,Apple,MacBook Pro,display very dim can barely see anything,Display malfunction,Display cable;LCD panel;Inverter board;Backlight,68,84.6,Intermediate
laptop,Apple,MacBook Pro,screen flickers when moving lid,Display malfunction,Display cable;LCD panel;Inverter board;Backlight,68,86.0,Intermediate
laptop,Apple,MacBook Pro,vertical lines on display,Display malfunction,Display cable;LCD panel;Inverter board;Backlight,59,89.2,Intermediate
laptop,Apple,MacBook Pro,screen goes black randomly,Display malfunction,Display cable;LCD panel;Inverter board;Backlight,69,81.9,Intermediate
laptop,Apple,MacBook Pro,slow performance lag freezing,Software issue,RAM;SSD;Operating system;Drivers,90,84.2,Intermediate
laptop,Apple,MacBook Pro,apps crash constantly won't stay open,Software issue,RAM;SSD;Operating system;Drivers,97,86.7,Intermediate
laptop,Apple,MacBook Pro,system freezes need to force restart,Software issue,RAM;SSD;Operating system;Drivers,81,84.6,Intermediate
laptop,Apple,MacBook Pro,very slow takes forever to open anything,Software issue,RAM;SSD;Operating system;Drivers,100,82.0,Intermediate
laptop,Apple,MacBook Pro,keeps restarting on its own,Software issue,RAM;SSD;Operating system;Drivers,84,80.6,Intermediate
laptop,Apple,MacBook Pro,overheating fan loud hot,Cooling system failure,Fan;Heat sink;Thermal paste;Cooling system,57,85.7,Intermediate
laptop,Apple,MacBook Pro,device gets extremely hot can't touch it,Cooling system failure,Fan;Heat sink;Thermal paste;Cooling system,65,92.9,Intermediate
laptop,Apple,MacBook Pro,fan running at full speed very noisy,Cooling system failure,Fan;Heat sink;Thermal paste;Cooling system,58,86.6,Intermediate
laptop,Apple,MacBook Pro,shuts down due to overheating,Cooling system failure,Fan;Heat sink;Thermal paste;Cooling system,70,89.6,Intermediate
laptop,Apple,MacBook Pro,bottom gets burning hot during use,Cooling system failure,Fan;Heat sink;Thermal paste;Cooling system,60,84.7,Intermediate
laptop,Apple,MacBook Pro,wifi not connecting no internet,Network failure,Wifi card;Network drivers;Antenna;Bluetooth module,36,89.7,Beginner
laptop,Apple,MacBook Pro,bluetooth won't turn on greyed out,Network failure,Wifi card;Network drivers;Antenna;Bluetooth module,37,93.7,Beginner
laptop,Apple,MacBook Pro,wifi keeps disconnecting every few minutes,Network failure,Wifi card;Network drivers;Antenna;Bluetooth module,29,95.7,Beginner
laptop,Apple,MacBook Pro,can't find any wifi networks,Network failure,Wifi card;Network drivers;Antenna;Bluetooth module,34,89.1,Beginner
laptop,Apple,MacBook Pro,network adapter not detected,Network failure,Wifi card;Network drivers;Antenna;Bluetooth module,34,89.4,Beginner
laptop,Apple,MacBook Pro,keyboard not working some keys,Keyboard failure,Keyboard;Ribbon cable;Keyboard controller,54,89.3,Intermediate
laptop,Apple,MacBook Pro,several keys don't respond when pressed,Keyboard failure,Keyboard;Ribbon cable;Keyboard controller,47,94.6,Intermediate
laptop,Apple,MacBook Pro,keyboard types wrong characters,Keyboard failure,Keyboard;Ribbon cable;Keyboard controller,46,92.0,Intermediate
laptop,Apple,MacBook Pro,spacebar and enter key not working,Keyboard failure,Keyboard;Ribbon cable;Keyboard controller,55,86.1,Intermediate
laptop,Apple,MacBook Pro,liquid spilled on keyboard not working,Keyboard failure,Keyboard;Ribbon cable;Keyboard controller,42,93.7,Intermediate
laptop,Apple,MacBook Pro,no sound speaker audio issue,Audio failure,Speakers;Audio jack;Audio drivers;Sound card,30,81.4,Beginner
laptop,Apple,MacBook Pro,speakers crackling distorted sound,Audio failure,Speakers;Audio jack;Audio drivers;Sound card,30,87.2,Beginner
laptop,Apple,MacBook Pro,microphone not working during calls,Audio failure,Speakers;Audio jack;Audio drivers;Sound card,35,80.6,Beginner
laptop,Apple,MacBook Pro,audio only works with headphones,Audio failure,Speakers;Audio jack;Audio drivers;Sound card,38,83.6,Beginner
laptop,Apple,MacBook Pro,one speaker not working,Audio failure,Speakers;Audio jack;Audio drivers;Sound card,26,84.7,Beginner
laptop,Apple,MacBook Pro,usb ports not working,USB failure,USB ports;Motherboard;USB controller,49,86.0,Intermediate
laptop,Apple,MacBook Pro,usb devices not recognized,USB failure,USB ports;Motherboard;USB controller,37,82.7,Intermediate
laptop,Apple,MacBook Pro,charging port loose not connecting properly,USB failure,USB ports;Motherboard;USB controller,35,91.5,Intermediate
laptop,Apple,MacBook Pro,usb port physically damaged,USB failure,USB ports;Motherboard;USB controller,54,90.7,Intermediate
laptop,Apple,MacBook Pro,some usb ports work others don't,USB failure,USB ports;Motherboard;USB controller,40,85.8,Intermediate
laptop,Apple,MacBook Pro,camera not working,Camera failure,Webcam;Camera cable;Camera drivers,36,91.6,Intermediate
laptop,Apple,MacBook Pro,camera shows black screen,Camera failure,Webcam;Camera cable;Camera drivers,49,87.2,Intermediate
laptop,Apple,MacBook Pro,camera blurry won't focus,Camera failure,Webcam;Camera cable;Camera drivers,37,91.6,Intermediate
laptop,Apple,MacBook Pro,front camera works but rear camera doesn't,Camera failure,Webcam;Camera cable;Camera drivers,50,86.1,Intermediate
laptop,Apple,MacBook Pro,camera app crashes when opened,Camera failure,Webcam;Camera cable;Camera drivers,36,89.9,Intermediate
laptop,Apple,MacBook Pro,hard drive not detected,Storage failure,SSD;HDD;Storage controller;SATA cable,65,70.8,Advanced
laptop,Apple,MacBook Pro,storage full can't save anything,Storage failure,SSD;HDD;Storage controller;SATA cable,73,71.9,Advanced
laptop,Apple,MacBook Pro,ssd failed system won't boot,Storage failure,SSD;HDD;Storage controller;SATA cable,77,70.3,Advanced
laptop,Apple,MacBook Pro,corrupted storage data loss,Storage failure,SSD;HDD;Storage controller;SATA cable,72,70.2,Advanced
laptop,Apple,MacBook Pro,disk errors constant warnings,Storage failure,SSD;HDD;Storage controller;SATA cable,75,71.7,Advanced
laptop,Apple,MacBook Pro,dropped in water won't turn on,Water damage,Motherboard;Keyboard;Battery;Display,120,56.3,Expert
laptop,Apple,MacBook Pro,liquid damage corrosion visible,Water damage,Motherboard;Keyboard;Battery;Display,119,63.1,Expert
laptop,Apple,MacBook Pro,water indicator triggered device wet,Water damage,Motherboard;Keyboard;Battery;Display,119,56.8,Expert
laptop,Apple,MacBook Pro,coffee spilled on device not working,Water damage,Motherboard;Keyboard;Battery;Display,116,59.6,Expert
laptop,Apple,MacBook Pro,moisture inside screen foggy display,Water damage,Motherboard;Keyboard;Battery;Display,123,63.6,Expert
laptop,Apple,MacBook Pro,dropped device cracked case,Physical damage,Chassis;Hinges;Case;Frame,70,83.6,Intermediate
laptop,Apple,MacBook Pro,bent frame after sitting on it,Physical damage,Chassis;Hinges;Case;Frame,53,82.9,Intermediate
laptop,Apple,MacBook Pro,buttons physically broken,Physical damage,Chassis;Hinges;Case;Frame,68,82.2,Intermediate
laptop,Apple,MacBook Pro,housing cracked from impact,Physical damage,Chassis;Hinges;Case;Frame,65,82.4,Intermediate
laptop,Apple,MacBook Pro,device dented from fall,Physical damage,Chassis;Hinges;Case;Frame,65,84.2,Intermediate
laptop,Apple,MacBook Pro,device powers on but no display,Motherboard failure,Motherboard;CPU;GPU;Chipset,145,64.9,Expert
laptop,Apple,MacBook Pro,random shutdowns motherboard issue,Motherboard failure,Motherboard;CPU;GPU;Chipset,159,63.1,Expert
laptop,Apple,MacBook Pro,short circuit smell burning,Motherboard failure,Motherboard;CPU;GPU;Chipset,151,64.9,Expert
laptop,Apple,MacBook Pro,no boot beep codes,Motherboard failure,Motherboard;CPU;GPU;Chipset,144,60.9,Expert
laptop,Apple,MacBook Pro,device turns on for few seconds then dies,Motherboard failure,Motherboard;CPU;GPU;Chipset,143,63.0,Expert
laptop,Dell,Latitude 5420,won't turn on no power black screen,Power supply failure,Power adapter;Battery;Motherboard;Power jack,70,92.8,Intermediate
laptop,Dell,Latitude 5420,completely dead not responding to power button,Power supply failure,Power adapter;Battery;Motherboard;Power jack,63,85.8,Intermediate
laptop,Dell,Latitude 5420,no lights no signs of life,Power supply failure,Power adapter;Battery;Motherboard;Power jack,66,88.6,Intermediate
laptop,Dell,Latitude 5420,power button not working device dead,Power supply failure,Power adapter;Battery;Motherboard;Power jack,51,94.4,Intermediate
laptop,Dell,Latitude 5420,tried charging overnight still won't turn on,Power supply failure,Power adapter;Battery;Motherboard;Power jack,57,89.2,Intermediate
laptop,Dell,Latitude 5420,dead battery not charging,Battery failure,Battery;Charging port;Battery connector,39,95.4,Beginner
laptop,Dell,Latitude 5420,battery drains very fast only lasts 30 minutes,Battery failure,Battery;Charging port;Battery connector,49,93.4,Beginner
laptop,Dell,Latitude 5420,charging but percentage not increasing,Battery failure,Battery;Charging port;Battery connector,47,92.8,Beginner
laptop,Dell,Latitude 5420,battery swollen device bulging,Battery failure,Battery;Charging port;Battery connector,38,99.2,Beginner
laptop,Dell,Latitude 5420,shows charging but battery percentage drops,Battery failure,Battery;Charging port;Battery connector,36,99.4,Beginner
laptop,Dell,Latitude 5420,screen cracked broken display,Screen damage,Display;LCD panel;Touch digitizer;Display cable,78,97.6,Advanced
laptop,Dell,Latitude 5420,display shattered touch not working,Screen damage,Display;LCD panel;Touch digitizer;Display cable,82,98.9,Advanced
laptop,Dell,Latitude 5420,black spots on screen after drop,Screen damage,Display;LCD panel;Touch digitizer;Display cable,76,97.6,Advanced
laptop,Dell,Latitude 5420,screen flickering lines across display,Screen damage,Display;LCD panel;Touch digitizer;Display cable,74,97.5,Advanced
laptop,Dell,Latitude 5420,half screen not working after fall,Screen damage,Display;LCD panel;Touch digitizer;Display cable,75,96.5,Advanced
laptop,Dell,Latitude 5420,screen stays black but device is on,Display malfunction,Display cable;LCD panel;Inverter board;Backlight,68,85.3,Intermediate
laptop,Dell,Latitude 5420,display very dim can barely see anything,Display malfunction,Display cable;LCD panel;Inverter board;Backlight,60,86.3,Intermediate
laptop,Dell,Latitude 5420,screen flickers when moving lid,Display malfunction,Display cable;LCD panel;Inverter board;Backlight,69,82.6,Intermediate
laptop,Dell,Latitude 5420,vertical lines on display,Display malfunction,Display cable;LCD panel;Inverter board;Backlight,69,89.5,Intermediate
laptop,Dell,Latitude 5420,screen goes black randomly,Display malfunction,Display cable;LCD panel;Inverter board;Backlight,56,84.6,Intermediate
laptop,Dell,Latitude 5420,slow performance lag freezing,Software issue,RAM;SSD;Operating system;Drivers,86,83.8,Intermediate
laptop,Dell,Latitude 5420,apps crash constantly won't stay open,Software issue,RAM;SSD;Operating system;Drivers,99,85.6,Intermediate
laptop,Dell,Latitude 5420,system freezes need to force restart,Software issue,RAM;SSD;Operating system;Drivers,80,89.3,Intermediate
laptop,Dell,Latitude 5420,very slow takes forever to open anything,Software issue,RAM;SSD;Operating system;Drivers,88,87.3,Intermediate
laptop,Dell,Latitude 5420,keeps restarting on its own,Software issue,RAM;SSD;Operating system;Drivers,100,89.9,Intermediate
laptop,Dell,Latitude 5420,overheating fan loud hot,Cooling system failure,Fan;Heat sink;Thermal paste;Cooling system,61,88.1,Intermediate
laptop,Dell,Latitude 5420,device gets extremely hot can't touch it,Cooling system failure,Fan;Heat sink;Thermal paste;Cooling system,64,91.1,Intermediate
laptop,Dell,Latitude 5420,fan running at full speed very noisy,Cooling system failure,Fan;Heat sink;Thermal paste;Cooling system,54,88.7,Intermediate
laptop,Dell,Latitude 5420,shuts down due to overheating,Cooling system failure,Fan;Heat sink;Thermal paste;Cooling system,53,87.1,Intermediate
laptop,Dell,Latitude 5420,bottom gets burning hot during use,Cooling system failure,Fan;Heat sink;Thermal paste;Cooling system,61,92.1,Intermediate
laptop,Dell,Latitude 5420,wifi not connecting no internet,Network failure,Wifi card;Network drivers;Antenna;Bluetooth module,27,94.9,Beginner
laptop,Dell,Latitude 5420,bluetooth won't turn on greyed out,Network failure,Wifi card;Network drivers;Antenna;Bluetooth module,31,87.3,Beginner
laptop,Dell,Latitude 5420,wifi keeps disconnecting every few minutes,Network failure,Wifi card;Network drivers;Antenna;Bluetooth module,31,96.2,Beginner
laptop,Dell,Latitude 5420,can't find any wifi networks,Network failure,Wifi card;Network drivers;Antenna;Bluetooth module,36,92.3,Beginner
laptop,Dell,Latitude 5420,network adapter not detected,Network failure,Wifi card;Network drivers;Antenna;Bluetooth module,29,88.4,Beginner
laptop,Dell,Latitude 5420,keyboard not working some keys,Keyboard failure,Keyboard;Ribbon cable;Keyboard controller,48,93.0,Intermediate
laptop,Dell,Latitude 5420,several keys don't respond when pressed,Keyboard failure,Keyboard;Ribbon cable;Keyboard controller,50,93.8,Intermediate
laptop,Dell,Latitude 5420,keyboard types wrong characters,Keyboard failure,Keyboard;Ribbon cable;Keyboard controller,41,90.2,Intermediate
laptop,Dell,Latitude 5420,spacebar and enter key not working,Keyboard failure,Keyboard;Ribbon cable;Keyboard controller,37,86.2,Intermediate
laptop,Dell,Latitude 5420,liquid spilled on keyboard not working,Keyboard failure,Keyboard;Ribbon cable;Keyboard controller,35,88.4,Intermediate
laptop,Dell,Latitude 5420,no sound speaker audio issue,Audio failure,Speakers;Audio jack;Audio drivers;Sound card,21,81.7,Beginner
laptop,Dell,Latitude 5420,speakers crackling distorted sound,Audio failure,Speakers;Audio jack;Audio drivers;Sound card,30,80.5,Beginner
laptop,Dell,Latitude 5420,microphone not working during calls,Audio failure,Speakers;Audio jack;Audio drivers;Sound card,28,80.7,Beginner
laptop,Dell,Latitude 5420,audio only works with headphones,Audio failure,Speakers;Audio jack;Audio drivers;Sound card,27,83.6,Beginner
laptop,Dell,Latitude 5420,one speaker not working,Audio failure,Speakers;Audio jack;Audio drivers;Sound card,29,86.6,Beginner
laptop,Dell,Latitude 5420,usb ports not working,USB failure,USB ports;Motherboard;USB controller,40,89.1,Intermediate
laptop,Dell,Latitude 5420,usb devices not recognized,USB failure,USB ports;Motherboard;USB controller,48,84.7,Intermediate
laptop,Dell,Latitude 5420,charging port loose not connecting properly,USB failure,USB ports;Motherboard;USB controller,48,87.9,Intermediate
laptop,Dell,Latitude 5420,usb port physically damaged,USB failure,USB ports;Motherboard;USB controller,41,83.5,Intermediate
laptop,Dell,Latitude 5420,some usb ports work others don't,USB failure,USB ports;Motherboard;USB controller,46,83.7,Intermediate
laptop,Dell,Latitude 5420,camera not working,Camera failure,Webcam;Camera cable;Camera drivers,44,91.1,Intermediate
laptop,Dell,Latitude 5420,camera shows black screen,Camera failure,Webcam;Camera cable;Camera drivers,41,84.8,Intermediate
laptop,Dell,Latitude 5420,camera blurry won't focus,Camera failure,Webcam;Camera cable;Camera drivers,43,83.0,Intermediate
laptop,Dell,Latitude 5420,front camera works but rear camera doesn't,Camera failure,Webcam;Camera cable;Camera drivers,36,89.7,Intermediate
laptop,Dell,Latitude 5420,camera app crashes when opened,Camera failure,Webcam;Camera cable;Camera drivers,50,83.4,Intermediate
laptop,Dell,Latitude 5420,hard drive not detected,Storage failure,SSD;HDD;Storage controller;SATA cable,71,70.4,Advanced
laptop,Dell,Latitude 5420,storage full can't save anything,Storage failure,SSD;HDD;Storage controller;SATA cable,69,69.8,Advanced
laptop,Dell,Latitude 5420,ssd failed system won't boot,Storage failure,SSD;HDD;Storage controller;SATA cable,75,65.9,Advanced
laptop,Dell,Latitude 5420,corrupted storage data loss,Storage failure,SSD;HDD;Storage controller;SATA cable,81,66.7,Advanced
laptop,Dell,Latitude 5420,disk errors constant warnings,Storage failure,SSD;HDD;Storage controller;SATA cable,83,65.4,Advanced
laptop,Dell,Latitude 5420,dropped in water won't turn on,Water damage,Motherboard;Keyboard;Battery;Display,125,55.8,Expert
laptop,Dell,Latitude 5420,liquid damage corrosion visible,Water damage,Motherboard;Keyboard;Battery;Display,110,60.6,Expert
laptop,Dell,Latitude 5420,water indicator triggered device wet,Water damage,Motherboard;Keyboard;Battery;Display,122,58.3,Expert
laptop,Dell,Latitude 5420,coffee spilled on device not working,Water damage,Motherboard;Keyboard;Battery;Display,112,57.9,Expert
laptop,Dell,Latitude 5420,moisture inside screen foggy display,Water damage,Motherboard;Keyboard;Battery;Display,125,55.1,Expert
laptop,Dell,Latitude 5420,dropped device cracked case,Physical damage,Chassis;Hinges;Case;Frame,56,81.3,Intermediate
laptop,Dell,Latitude 5420,bent frame after sitting on it,Physical damage,Chassis;Hinges;Case;Frame,66,78.2,Intermediate
laptop,Dell,Latitude 5420,buttons physically broken,Physical damage,Chassis;Hinges;Case;Frame,58,75.0,Intermediate
laptop,Dell,Latitude 5420,housing cracked from impact,Physical damage,Chassis;Hinges;Case;Frame,61,79.2,Intermediate
laptop,Dell,Latitude 5420,device dented from fall,Physical damage,Chassis;Hinges;Case;Frame,56,78.1,Intermediate
laptop,Dell,Latitude 5420,device powers on but no display,Motherboard failure,Motherboard;CPU;GPU;Chipset,153,66.6,Expert
laptop,Dell,Latitude 5420,random shutdowns motherboard issue,Motherboard failure,Motherboard;CPU;GPU;Chipset,156,67.2,Expert
laptop,Dell,Latitude 5420,short circuit smell burning,Motherboard failure,Motherboard;CPU;GPU;Chipset,148,63.1,Expert
laptop,Dell,Latitude 5420,no boot beep codes,Motherboard failure,Motherboard;CPU;GPU;Chipset,142,62.6,Expert
laptop,Dell,Latitude 5420,device turns on for few seconds then dies,Motherboard failure,Motherboard;CPU;GPU;Chipset,140,66.1,Expert
laptop,HP,Envy x360,won't turn on no power black screen,Power supply failure,Power adapter;Battery;Motherboard;Power jack,62,87.2,Intermediate
laptop,HP,Envy x360,completely dead not responding to power button,Power supply failure,Power adapter;Battery;Motherboard;Power jack,69,93.4,Intermediate
laptop,HP,Envy x360,no lights no signs of life,Power supply failure,Power adapter;Battery;Motherboard;Power jack,57,89.1,Intermediate
laptop,HP,Envy x360,power button not working device dead,Power supply failure,Power adapter;Battery;Motherboard;Power jack,56,85.7,Intermediate
laptop,HP,Envy x360,tried charging overnight still won't turn on,Power supply failure,Power adapter;Battery;Motherboard;Power jack,55,94.2,Intermediate
laptop,HP,Envy x360,dead battery not charging,Battery failure,Battery;Charging port;Battery connector,36,90.1,Beginner
laptop,HP,Envy x360,battery drains very fast only lasts 30 minutes,Battery failure,Battery;Charging port;Battery connector,44,95.2,Beginner
laptop,HP,Envy x360,charging but percentage not increasing,Battery failure,Battery;Charging port;Battery connector,51,92.1,Beginner
laptop,HP,Envy x360,battery swollen device bulging,Battery failure,Battery;Charging port;Battery connector,51,90.5,Beginner
laptop,HP,Envy x360,shows charging but battery percentage drops,Battery failure,Battery;Charging port;Battery connector,40,94.8,Beginner
laptop,HP,Envy x360,screen cracked broken display,Screen damage,Display;LCD panel;Touch digitizer;Display cable,83,99.0,Advanced
laptop,HP,Envy x360,display shattered touch not working,Screen damage,Display;LCD panel;Touch digitizer;Display cable,85,97.8,Advanced
laptop,HP,Envy x360,black spots on screen after drop,Screen damage,Display;LCD panel;Touch digitizer;Display cable,77,98.2,Advanced
laptop,HP,Envy x360,screen flickering lines across display,Screen damage,Display;LCD panel;Touch digitizer;Display cable,73,96.9,Advanced
laptop,HP,Envy x360,half screen not working after fall,Screen damage,Display;LCD panel;Touch digitizer;Display cable,71,97.8,Advanced
laptop,HP,Envy x360,screen stays black but device is on,Display malfunction,Display cable;LCD panel;Inverter board;Backlight,64,81.7,Intermediate
laptop,HP,Envy x360,display very dim can barely see anything,Display malfunction,Display cable;LCD panel;Inverter board;Backlight,57,89.6,Intermediate
laptop,HP,Envy x360,screen flickers when moving lid,Display malfunction,Display cable;LCD panel;Inverter board;Backlight,57,84.5,Intermediate
laptop,HP,Envy x360,vertical lines on display,Display malfunction,Display cable;LCD panel;Inverter board;Backlight,67,86.4,Intermediate
laptop,HP,Envy x360,screen goes black randomly,Display malfunction,Display cable;LCD panel;Inverter board;Backlight,60,86.6,Intermediate
laptop,HP,Envy x360,slow performance lag freezing,Software issue,RAM;SSD;Operating system;Drivers,84,81.3,Intermediate
laptop,HP,Envy x360,apps crash constantly won't stay open,Software issue,RAM;SSD;Operating system;Drivers,83,84.4,Intermediate
laptop,HP,Envy x360,system freezes need to force restart,Software issue,RAM;SSD;Operating system;Drivers,96,89.4,Intermediate
laptop,HP,Envy x360,very slow takes forever to open anything,Software issue,RAM;SSD;Operating system;Drivers,96,89.2,Intermediate
laptop,HP,Envy x360,keeps restarting on its own,Software issue,RAM;SSD;Operating system;Drivers,81,86.2,Intermediate
laptop,HP,Envy x360,overheating fan loud hot,Cooling system failure,Fan;Heat sink;Thermal paste;Cooling system,56,83.3,Intermediate
laptop,HP,Envy x360,device gets extremely hot can't touch it,Cooling system failure,Fan;Heat sink;Thermal paste;Cooling system,63,86.9,Intermediate
laptop,HP,Envy x360,fan running at full speed very noisy,Cooling system failure,Fan;Heat sink;Thermal paste;Cooling system,53,92.7,Intermediate
laptop,HP,Envy x360,shuts down due to overheating,Cooling system failure,Fan;Heat sink;Thermal paste;Cooling system,66,88.8,Intermediate
laptop,HP,Envy x360,bottom gets burning hot during use,Cooling system failure,Fan;Heat sink;Thermal paste;Cooling system,62,85.9,Intermediate
laptop,HP,Envy x360,wifi not connecting no internet,Network failure,Wifi card;Network drivers;Antenna;Bluetooth module,37,96.2,Beginner
laptop,HP,Envy x360,bluetooth won't turn on greyed out,Network failure,Wifi card;Network drivers;Antenna;Bluetooth module,32,96.4,Beginner
laptop,HP,Envy x360,wifi keeps disconnecting every few minutes,Network failure,Wifi card;Network drivers;Antenna;Bluetooth module,32,88.0,Beginner
laptop,HP,Envy x360,can't find any wifi networks,Network failure,Wifi card;Network drivers;Antenna;Bluetooth module,38,87.8,Beginner
laptop,HP,Envy x360,network adapter not detected,Network failure,Wifi card;Network drivers;Antenna;Bluetooth module,30,93.9,Beginner
laptop,HP,Envy x360,keyboard not working some keys,Keyboard failure,Keyboard;Ribbon cable;Keyboard controller,36,92.0,Intermediate
laptop,HP,Envy x360,several keys don't respond when pressed,Keyboard failure,Keyboard;Ribbon cable;Keyboard controller,43,89.1,Intermediate
laptop,HP,Envy x360,keyboard types wrong characters,Keyboard failure,Keyboard;Ribbon cable;Keyboard controller,48,86.5,Intermediate
laptop,HP,Envy x360,spacebar and enter key not working,Keyboard failure,Keyboard;Ribbon cable;Keyboard controller,38,92.8,Intermediate
laptop,HP,Envy x360,liquid spilled on keyboard not working,Keyboard failure,Keyboard;Ribbon cable;Keyboard controller,48,89.0,Intermediate
laptop,HP,Envy x360,no sound speaker audio issue,Audio failure,Speakers;Audio jack;Audio drivers;Sound card,30,87.7,Beginner
laptop,HP,Envy x360,speakers crackling distorted sound,Audio failure,Speakers;Audio jack;Audio drivers;Sound card,32,82.0,Beginner
laptop,HP,Envy x360,microphone not working during calls,Audio failure,Speakers;Audio jack;Audio drivers;Sound card,37,82.4,Beginner
laptop,HP,Envy x360,audio only works with headphones,Audio failure,Speakers;Audio jack;Audio drivers;Sound card,35,88.4,Beginner
laptop,HP,Envy x360,one speaker not working,Audio failure,Speakers;Audio jack;Audio drivers;Sound card,26,89.5,Beginner
laptop,HP,Envy x360,usb ports not working,USB failure,USB ports;Motherboard;USB controller,53,89.6,Intermediate
laptop,HP,Envy x360,usb devices not recognized,USB failure,USB ports;Motherboard;USB controller,40,87.1,Intermediate
laptop,HP,Envy x360,charging port loose not connecting properly,USB failure,USB ports;Motherboard;USB controller,45,84.5,Intermediate
laptop,HP,Envy x360,usb port physically damaged,USB failure,USB ports;Motherboard;USB controller,51,89.9,Intermediate
laptop,HP,Envy x360,some usb ports work others don't,USB failure,USB ports;Motherboard;USB controller,53,88.7,Intermediate
laptop,HP,Envy x360,camera not working,Camera failure,Webcam;Camera cable;Camera drivers,52,88.3,Intermediate
laptop,HP,Envy x360,camera shows black screen,Camera failure,Webcam;Camera cable;Camera drivers,45,82.8,Intermediate
laptop,HP,Envy x360,camera blurry won't focus,Camera failure,Webcam;Camera cable;Camera drivers,48,83.5,Intermediate
laptop,HP,Envy x360,front camera works but rear camera doesn't,Camera failure,Webcam;Camera cable;Camera drivers,38,90.3,Intermediate
laptop,HP,Envy x360,camera app crashes when opened,Camera failure,Webcam;Camera cable;Camera drivers,52,91.6,Intermediate
laptop,HP,Envy x360,hard drive not detected,Storage failure,SSD;HDD;Storage controller;SATA cable,80,72.6,Advanced
laptop,HP,Envy x360,storage full can't save anything,Storage failure,SSD;HDD;Storage controller;SATA cable,83,73.7,Advanced
laptop,HP,Envy x360,ssd failed system won't boot,Storage failure,SSD;HDD;Storage controller;SATA cable,66,73.5,Advanced
laptop,HP,Envy x360,corrupted storage data loss,Storage failure,SSD;HDD;Storage controller;SATA cable,68,66.4,Advanced
laptop,HP,Envy x360,disk errors constant warnings,Storage failure,SSD;HDD;Storage controller;SATA cable,82,73.7,Advanced
laptop,HP,Envy x360,dropped in water won't turn on,Water damage,Motherboard;Keyboard;Battery;Display,118,61.5,Expert
laptop,HP,Envy x360,liquid damage corrosion visible,Water damage,Motherboard;Keyboard;Battery;Display,122,62.3,Expert
laptop,HP,Envy x360,water indicator triggered device wet,Water damage,Motherboard;Keyboard;Battery;Display,118,59.5,Expert
laptop,HP,Envy x360,coffee spilled on device not working,Water damage,Motherboard;Keyboard;Battery;Display,112,57.4,Expert
laptop,HP,Envy x360,moisture inside screen foggy display,Water damage,Motherboard;Keyboard;Battery;Display,120,57.5,Expert
laptop,HP,Envy x360,dropped device cracked case,Physical damage,Chassis;Hinges;Case;Frame,69,84.9,Intermediate
laptop,HP,Envy x360,bent frame after sitting on it,Physical damage,Chassis;Hinges;Case;Frame,58,75.5,Intermediate
laptop,HP,Envy x360,buttons physically broken,Physical damage,Chassis;Hinges;Case;Frame,53,77.1,Intermediate
laptop,HP,Envy x360,housing cracked from impact,Physical damage,Chassis;Hinges;Case;Frame,52,78.7,Intermediate
laptop,HP,Envy x360,device dented from fall,Physical damage,Chassis;Hinges;Case;Frame,52,78.2,Intermediate
laptop,HP,Envy x360,device powers on but no display,Motherboard failure,Motherboard;CPU;GPU;Chipset,147,68.1,Expert
laptop,HP,Envy x360,random shutdowns motherboard issue,Motherboard failure,Motherboard;CPU;GPU;Chipset,160,69.5,Expert
laptop,HP,Envy x360,short circuit smell burning,Motherboard failure,Motherboard;CPU;GPU;Chipset,155,64.1,Expert
laptop,HP,Envy x360,no boot beep codes,Motherboard failure,Motherboard;CPU;GPU;Chipset,149,69.7,Expert
laptop,HP,Envy x360,device turns on for few seconds then dies,Motherboard failure,Motherboard;CPU;GPU;Chipset,141,60.4,Expert
laptop,Asus,ROG Zephyrus,won't turn on no power black screen,Power supply failure,Power adapter;Battery;Motherboard;Power jack,63,91.7,Intermediate
laptop,Asus,ROG Zephyrus,completely dead not responding to power button,Power supply failure,Power adapter;Battery;Motherboard;Power jack,62,87.5,Intermediate
laptop,Asus,ROG Zephyrus,no lights no signs of life,Power supply failure,Power adapter;Battery;Motherboard;Power jack,66,92.3,Intermediate
laptop,Asus,ROG Zephyrus,power button not working device dead,Power supply failure,Power adapter;Battery;Motherboard;Power jack,50,92.5,Intermediate
laptop,Asus,ROG Zephyrus,tried charging overnight still won't turn on,Power supply failure,Power adapter;Battery;Motherboard;Power jack,66,87.0,Intermediate
laptop,Asus,ROG Zephyrus,dead battery not charging,Battery failure,Battery;Charging port;Battery connector,53,99.1,Beginner
laptop,Asus,ROG Zephyrus,battery drains very fast only lasts 30 minutes,Battery failure,Battery;Charging port;Battery connector,36,93.8,Beginner
laptop,Asus,ROG Zephyrus,charging but percentage not increasing,Battery failure,Battery;Charging port;Battery connector,51,97.4,Beginner
laptop,Asus,ROG Zephyrus,battery swollen device bulging,Battery failure,Battery;Charging port;Battery connector,38,93.5,Beginner
laptop,Asus,ROG Zephyrus,shows charging but battery percentage drops,Battery failure,Battery;Charging port;Battery connector,42,97.8,Beginner
laptop,Asus,ROG Zephyrus,screen cracked broken display,Screen damage,Display;LCD panel;Touch digitizer;Display cable,76,97.6,Advanced
laptop,Asus,ROG Zephyrus,display shattered touch not working,Screen damage,Display;LCD panel;Touch digitizer;Display cable,68,99.0,Advanced
laptop,Asus,ROG Zephyrus,black spots on screen after drop,Screen damage,Display;LCD panel;Touch digitizer;Display cable,82,99.2,Advanced
laptop,Asus,ROG Zephyrus,screen flickering lines across display,Screen damage,Display;LCD panel;Touch digitizer;Display cable,71,94.8,Advanced
laptop,Asus,ROG Zephyrus,half screen not working after fall,Screen damage,Display;LCD panel;Touch digitizer;Display cable,85,94.7,Advanced
laptop,Asus,ROG Zephyrus,screen stays black but device is on,Display malfunction,Display cable;LCD panel;Inverter board;Backlight,58,84.3,Intermediate
laptop,Asus,ROG Zephyrus,display very dim can barely see anything,Display malfunction,Display cable;LCD panel;Inverter board;Backlight,66,82.7,Intermediate
laptop,Asus,ROG Zephyrus,screen flickers when moving lid,Display malfunction,Display cable;LCD panel;Inverter board;Backlight,51,83.0,Intermediate
laptop,Asus,ROG Zephyrus,vertical lines on display,Display malfunction,Display cable;LCD panel;Inverter board;Backlight,50,86.0,Intermediate
laptop,Asus,ROG Zephyrus,screen goes black randomly,Display malfunction,Display cable;LCD panel;Inverter board;Backlight,60,82.7,Intermediate
laptop,Asus,ROG Zephyrus,slow performance lag freezing,Software issue,RAM;SSD;Operating system;Drivers,100,82.9,Intermediate
laptop,Asus,ROG Zephyrus,apps crash constantly won't stay open,Software issue,RAM;SSD;Operating system;Drivers,100,84.1,Intermediate
laptop,Asus,ROG Zephyrus,system freezes need to force restart,Software issue,RAM;SSD;Operating system;Drivers,82,80.9,Intermediate
laptop,Asus,ROG Zephyrus,very slow takes forever to open anything,Software issue,RAM;SSD;Operating system;Drivers,83,88.5,Intermediate
laptop,Asus,ROG Zephyrus,keeps restarting on its own,Software issue,RAM;SSD;Operating system;Drivers,97,88.2,Intermediate
laptop,Asus,ROG Zephyrus,overheating fan loud hot,Cooling system failure,Fan;Heat sink;Thermal paste;Cooling system,65,84.1,Intermediate
laptop,Asus,ROG Zephyrus,device gets extremely hot can't touch it,Cooling system failure,Fan;Heat sink;Thermal paste;Cooling system,62,91.0,Intermediate
laptop,Asus,ROG Zephyrus,fan running at full speed very noisy,Cooling system failure,Fan;Heat sink;Thermal paste;Cooling system,59,86.8,Intermediate
laptop,Asus,ROG Zephyrus,shuts down due to overheating,Cooling system failure,Fan;Heat sink;Thermal paste;Cooling system,62,91.0,Intermediate
laptop,Asus,ROG Zephyrus,bottom gets burning hot during use,Cooling system failure,Fan;Heat sink;Thermal paste;Cooling system,50,83.4,Intermediate
laptop,Asus,ROG Zephyrus,wifi not connecting no internet,Network failure,Wifi card;Network drivers;Antenna;Bluetooth module,20,96.6,Beginner
laptop,Asus,ROG Zephyrus,bluetooth won't turn on greyed out,Network failure,Wifi card;Network drivers;Antenna;Bluetooth module,39,89.3,Beginner
laptop,Asus,ROG Zephyrus,wifi keeps disconnecting every few minutes,Network failure,Wifi card;Network drivers;Antenna;Bluetooth module,34,94.5,Beginner
laptop,Asus,ROG Zephyrus,can't find any wifi networks,Network failure,Wifi card;Network drivers;Antenna;Bluetooth module,40,88.9,Beginner
laptop,Asus,ROG Zephyrus,network adapter not detected,Network failure,Wifi card;Network drivers;Antenna;Bluetooth module,23,93.6,Beginner
laptop,Asus,ROG Zephyrus,keyboard not working some keys,Keyboard failure,Keyboard;Ribbon cable;Keyboard controller,51,85.1,Intermediate
laptop,Asus,ROG Zephyrus,several keys don't respond when pressed,Keyboard failure,Keyboard;Ribbon cable;Keyboard controller,39,85.4,Intermediate
laptop,Asus,ROG Zephyrus,keyboard types wrong characters,Keyboard failure,Keyboard;Ribbon cable;Keyboard controller,54,87.1,Intermediate
laptop,Asus,ROG Zephyrus,spacebar and enter key not working,Keyboard failure,Keyboard;Ribbon cable;Keyboard controller,39,90.7,Intermediate
laptop,Asus,ROG Zephyrus,liquid spilled on keyboard not working,Keyboard failure,Keyboard;Ribbon cable;Keyboard controller,38,92.9,Intermediate
laptop,Asus,ROG Zephyrus,no sound speaker audio issue,Audio failure,Speakers;Audio jack;Audio drivers;Sound card,36,82.6,Beginner
laptop,Asus,ROG Zephyrus,speakers crackling distorted sound,Audio failure,Speakers;Audio jack;Audio drivers;Sound card,21,84.9,Beginner
laptop,Asus,ROG Zephyrus,microphone not working during calls,Audio failure,Speakers;Audio jack;Audio drivers;Sound card,34,80.6,Beginner
laptop,Asus,ROG Zephyrus,audio only works with headphones,Audio failure,Speakers;Audio jack;Audio drivers;Sound card,35,89.4,Beginner
laptop,Asus,ROG Zephyrus,one speaker not working,Audio failure,Speakers;Audio jack;Audio drivers;Sound card,24,82.9,Beginner
laptop,Asus,ROG Zephyrus,usb ports not working,USB failure,USB ports;Motherboard;USB controller,49,87.9,Intermediate
laptop,Asus,ROG Zephyrus,usb devices not recognized,USB failure,USB ports;Motherboard;USB controller,42,83.7,Intermediate
laptop,Asus,ROG Zephyrus,charging port loose not connecting properly,USB failure,USB ports;Motherboard;USB controller,51,82.9,Intermediate
laptop,Asus,ROG Zephyrus,usb port physically damaged,USB failure,USB ports;Motherboard;USB controller,55,82.0,Intermediate
laptop,Asus,ROG Zephyrus,some usb ports work others don't,USB failure,USB ports;Motherboard;USB controller,38,87.1,Intermediate
laptop,Asus,ROG Zephyrus,camera not working,Camera failure,Webcam;Camera cable;Camera drivers,37,83.9,Intermediate
laptop,Asus,ROG Zephyrus,camera shows black screen,Camera failure,Webcam;Camera cable;Camera drivers,40,85.8,Intermediate
laptop,Asus,ROG Zephyrus,camera blurry won't focus,Camera failure,Webcam;Camera cable;Camera drivers,52,83.9,Intermediate
laptop,Asus,ROG Zephyrus,front camera works but rear camera doesn't,Camera failure,Webcam;Camera cable;Camera drivers,41,85.1,Intermediate
laptop,Asus,ROG Zephyrus,camera app crashes when opened,Camera failure,Webcam;Camera cable;Camera drivers,40,82.6,Intermediate
laptop,Asus,ROG Zephyrus,hard drive not detected,Storage failure,SSD;HDD;Storage controller;SATA cable,76,67.5,Advanced
laptop,Asus,ROG Zephyrus,storage full can't save anything,Storage failure,SSD;HDD;Storage controller;SATA cable,79,72.2,Advanced
laptop,Asus,ROG Zephyrus,ssd failed system won't boot,Storage failure,SSD;HDD;Storage controller;SATA cable,72,67.8,Advanced
laptop,Asus,ROG Zephyrus,corrupted storage data loss,Storage failure,SSD;HDD;Storage controller;SATA cable,71,70.8,Advanced
laptop,Asus,ROG Zephyrus,disk errors constant warnings,Storage failure,SSD;HDD;Storage controller;SATA cable,73,73.9,Advanced
laptop,Asus,ROG Zephyrus,dropped in water won't turn on,Water damage,Motherboard;Keyboard;Battery;Display,121,58.7,Expert
laptop,Asus,ROG Zephyrus,liquid damage corrosion visible,Water damage,Motherboard;Keyboard;Battery;Display,116,61.0,Expert
laptop,Asus,ROG Zephyrus,water indicator triggered device wet,Water damage,Motherboard;Keyboard;Battery;Display,114,62.4,Expert
laptop,Asus,ROG Zephyrus,coffee spilled on device not working,Water damage,Motherboard;Keyboard;Battery;Display,122,56.5,Expert
laptop,Asus,ROG Zephyrus,moisture inside screen foggy display,Water damage,Motherboard;Keyboard;Battery;Display,126,59.2,Expert
laptop,Asus,ROG Zephyrus,dropped device cracked case,Physical damage,Chassis;Hinges;Case;Frame,62,79.2,Intermediate
laptop,Asus,ROG Zephyrus,bent frame after sitting on it,Physical damage,Chassis;Hinges;Case;Frame,64,79.7,Intermediate
laptop,Asus,ROG Zephyrus,buttons physically broken,Physical damage,Chassis;Hinges;Case;Frame,67,81.5,Intermediate
laptop,Asus,ROG Zephyrus,housing cracked from impact,Physical damage,Chassis;Hinges;Case;Frame,57,84.6,Intermediate
laptop,Asus,ROG Zephyrus,device dented from fall,Physical damage,Chassis;Hinges;Case;Frame,69,77.5,Intermediate
laptop,Asus,ROG Zephyrus,device powers on but no display,Motherboard failure,Motherboard;CPU;GPU;Chipset,149,65.8,Expert
laptop,Asus,ROG Zephyrus,random shutdowns motherboard issue,Motherboard failure,Motherboard;CPU;GPU;Chipset,159,63.0,Expert
laptop,Asus,ROG Zephyrus,short circuit smell burning,Motherboard failure,Motherboard;CPU;GPU;Chipset,140,62.4,Expert
laptop,Asus,ROG Zephyrus,no boot beep codes,Motherboard failure,Motherboard;CPU;GPU;Chipset,155,65.9,Expert
laptop,Asus,ROG Zephyrus,device turns on for few seconds then dies,Motherboard failure,Motherboard;CPU;GPU;Chipset,146,65.1,Expert
laptop,Acer,Predator Helios,won't turn on no power black screen,Power supply failure,Power adapter;Battery;Motherboard;Power jack,58,89.1,Intermediate
laptop,Acer,Predator Helios,completely dead not responding to power button,Power supply failure,Power adapter;Battery;Motherboard;Power jack,50,89.7,Intermediate
laptop,Acer,Predator Helios,no lights no signs of life,Power supply failure,Power adapter;Battery;Motherboard;Power jack,56,94.4,Intermediate
laptop,Acer,Predator Helios,power button not working device dead,Power supply failure,Power adapter;Battery;Motherboard;Power jack,63,88.2,Intermediate
laptop,Acer,Predator Helios,tried charging overnight still won't turn on,Power supply failure,Power adapter;Battery;Motherboard;Power jack,68,88.7,Intermediate
laptop,Acer,Predator Helios,dead battery not charging,Battery failure,Battery;Charging port;Battery connector,44,97.9,Beginner
laptop,Acer,Predator Helios,battery drains very fast only lasts 30 minutes,Battery failure,Battery;Charging port;Battery connector,42,96.2,Beginner
laptop,Acer,Predator Helios,charging but percentage not increasing,Battery failure,Battery;Charging port;Battery connector,54,92.2,Beginner
laptop,Acer,Predator Helios,battery swollen device bulging,Battery failure,Battery;Charging port;Battery connector,49,92.0,Beginner
laptop,Acer,Predator Helios,shows charging but battery percentage drops,Battery failure,Battery;Charging port;Battery connector,49,93.0,Beginner
laptop,Acer,Predator Helios,screen cracked broken display,Screen damage,Display;LCD panel;Touch digitizer;Display cable,68,96.3,Advanced
laptop,Acer,Predator Helios,display shattered touch not working,Screen damage,Display;LCD panel;Touch digitizer;Display cable,70,90.1,Advanced
laptop,Acer,Predator Helios,black spots on screen after drop,Screen damage,Display;LCD panel;Touch digitizer;Display cable,83,94.2,Advanced
laptop,Acer,Predator Helios,screen flickering lines across display,Screen damage,Display;LCD panel;Touch digitizer;Display cable,83,93.4,Advanced
laptop,Acer,Predator Helios,half screen not working after fall,Screen damage,Display;LCD panel;Touch digitizer;Display cable,85,92.9,Advanced
laptop,Acer,Predator Helios,screen stays black but device is on,Display malfunction,Display cable;LCD panel;Inverter board;Backlight,51,88.1,Intermediate
laptop,Acer,Predator Helios,display very dim can barely see anything,Display malfunction,Display cable;LCD panel;Inverter board;Backlight,64,82.8,Intermediate
laptop,Acer,Predator Helios,screen flickers when moving lid,Display malfunction,Display cable;LCD panel;Inverter board;Backlight,69,85.9,Intermediate
laptop,Acer,Predator Helios,vertical lines on display,Display malfunction,Display cable;LCD panel;Inverter board;Backlight,64,88.1,Intermediate
laptop,Acer,Predator Helios,screen goes black randomly,Display malfunction,Display cable;LCD panel;Inverter board;Backlight,51,82.4,Intermediate
laptop,Acer,Predator Helios,slow performance lag freezing,Software issue,RAM;SSD;Operating system;Drivers,99,83.7,Intermediate
laptop,Acer,Predator Helios,apps crash constantly won't stay open,Software issue,RAM;SSD;Operating system;Drivers,88,84.7,Intermediate
laptop,Acer,Predator Helios,system freezes need to force restart,Software issue,RAM;SSD;Operating system;Drivers,92,87.9,Intermediate
laptop,Acer,Predator Helios,very slow takes forever to open anything,Software issue,RAM;SSD;Operating system;Drivers,89,80.1,Intermediate
laptop,Acer,Predator Helios,keeps restarting on its own,Software issue,RAM;SSD;Operating system;Drivers,95,80.6,Intermediate
laptop,Acer,Predator Helios,overheating fan loud hot,Cooling system failure,Fan;Heat sink;Thermal paste;Cooling system,70,90.8,Intermediate
laptop,Acer,Predator Helios,device gets extremely hot can't touch it,Cooling system failure,Fan;Heat sink;Thermal paste;Cooling system,55,83.0,Intermediate
laptop,Acer,Predator Helios,fan running at full speed very noisy,Cooling system failure,Fan;Heat sink;Thermal paste;Cooling system,58,86.9,Intermediate
laptop,Acer,Predator Helios,shuts down due to overheating,Cooling system failure,Fan;Heat sink;Thermal paste;Cooling system,56,83.1,Intermediate
laptop,Acer,Predator Helios,bottom gets burning hot during use,Cooling system failure,Fan;Heat sink;Thermal paste;Cooling system,55,92.2,Intermediate
laptop,Acer,Predator Helios,wifi not connecting no internet,Network failure,Wifi card;Network drivers;Antenna;Bluetooth module,34,93.8,Beginner
laptop,Acer,Predator Helios,bluetooth won't turn on greyed out,Network failure,Wifi card;Network drivers;Antenna;Bluetooth module,40,90.6,Beginner
laptop,Acer,Predator Helios,wifi keeps disconnecting every few minutes,Network failure,Wifi card;Network drivers;Antenna;Bluetooth module,22,95.1,Beginner
laptop,Acer,Predator Helios,can't find any wifi networks,Network failure,Wifi card;Network drivers;Antenna;Bluetooth module,30,89.7,Beginner
laptop,Acer,Predator Helios,network adapter not detected,Network failure,Wifi card;Network drivers;Antenna;Bluetooth module,28,89.5,Beginner
laptop,Acer,Predator Helios,keyboard not working some keys,Keyboard failure,Keyboard;Ribbon cable;Keyboard controller,53,92.3,Intermediate
laptop,Acer,Predator Helios,several keys don't respond when pressed,Keyboard failure,Keyboard;Ribbon cable;Keyboard controller,49,88.8,Intermediate
laptop,Acer,Predator Helios,keyboard types wrong characters,Keyboard failure,Keyboard;Ribbon cable;Keyboard controller,37,87.2,Intermediate
laptop,Acer,Predator Helios,spacebar and enter key not working,Keyboard failure,Keyboard;Ribbon cable;Keyboard controller,46,89.0,Intermediate
laptop,Acer,Predator Helios,liquid spilled on keyboard not working,Keyboard failure,Keyboard;Ribbon cable;Keyboard controller,54,93.2,Intermediate
laptop,Acer,Predator Helios,no sound speaker audio issue,Audio failure,Speakers;Audio jack;Audio drivers;Sound card,33,87.7,Beginner
laptop,Acer,Predator Helios,speakers crackling distorted sound,Audio failure,Speakers;Audio jack;Audio drivers;Sound card,26,88.5,Beginner
laptop,Acer,Predator Helios,microphone not working during calls,Audio failure,Speakers;Audio jack;Audio drivers;Sound card,35,88.0,Beginner
laptop,Acer,Predator Helios,audio only works with headphones,Audio failure,Speakers;Audio jack;Audio drivers;Sound card,24,80.1,Beginner
laptop,Acer,Predator Helios,one speaker not working,Audio failure,Speakers;Audio jack;Audio drivers;Sound card,29,80.6,Beginner
laptop,Acer,Predator Helios,usb ports not working,USB failure,USB ports;Motherboard;USB controller,49,88.1,Intermediate
laptop,Acer,Predator Helios,usb devices not recognized,USB failure,USB ports;Motherboard;USB controller,52,84.8,Intermediate
laptop,Acer,Predator Helios,charging port loose not connecting properly,USB failure,USB ports;Motherboard;USB controller,49,88.7,Intermediate
laptop,Acer,Predator Helios,usb port physically damaged,USB failure,USB ports;Motherboard;USB controller,47,85.4,Intermediate
laptop,Acer,Predator Helios,some usb ports work others don't,USB failure,USB ports;Motherboard;USB controller,35,89.4,Intermediate
laptop,Acer,Predator Helios,camera not working,Camera failure,Webcam;Camera cable;Camera drivers,49,85.1,Intermediate
laptop,Acer,Predator Helios,camera shows black screen,Camera failure,Webcam;Camera cable;Camera drivers,46,84.9,Intermediate
laptop,Acer,Predator Helios,camera blurry won't focus,Camera failure,Webcam;Camera cable;Camera drivers,50,86.2,Intermediate
laptop,Acer,Predator Helios,front camera works but rear camera doesn't,Camera failure,Webcam;Camera cable;Camera drivers,50,91.7,Intermediate
laptop,Acer,Predator Helios,camera app crashes when opened,Camera failure,Webcam;Camera cable;Camera drivers,42,85.5,Intermediate
laptop,Acer,Predator Helios,hard drive not detected,Storage failure,SSD;HDD;Storage controller;SATA cable,72,74.5,Advanced
laptop,Acer,Predator Helios,storage full can't save anything,Storage failure,SSD;HDD;Storage controller;SATA cable,73,73.6,Advanced
laptop,Acer,Predator Helios,ssd failed system won't boot,Storage failure,SSD;HDD;Storage controller;SATA cable,79,69.6,Advanced
laptop,Acer,Predator Helios,corrupted storage data loss,Storage failure,SSD;HDD;Storage controller;SATA cable,84,73.8,Advanced
laptop,Acer,Predator Helios,disk errors constant warnings,Storage failure,SSD;HDD;Storage controller;SATA cable,67,73.8,Advanced
laptop,Acer,Predator Helios,dropped in water won't turn on,Water damage,Motherboard;Keyboard;Battery;Display,112,60.6,Expert
laptop,Acer,Predator Helios,liquid damage corrosion visible,Water damage,Motherboard;Keyboard;Battery;Display,130,64.4,Expert
laptop,Acer,Predator Helios,water indicator triggered device wet,Water damage,Motherboard;Keyboard;Battery;Display,122,63.3,Expert
laptop,Acer,Predator Helios,coffee spilled on device not working,Water damage,Motherboard;Keyboard;Battery;Display,129,64.1,Expert
laptop,Acer,Predator Helios,moisture inside screen foggy display,Water damage,Motherboard;Keyboard;Battery;Display,120,57.9,Expert
laptop,Acer,Predator Helios,dropped device cracked case,Physical damage,Chassis;Hinges;Case;Frame,50,84.2,Intermediate
laptop,Acer,Predator Helios,bent frame after sitting on it,Physical damage,Chassis;Hinges;Case;Frame,65,78.4,Intermediate
laptop,Acer,Predator Helios,buttons physically broken,Physical damage,Chassis;Hinges;Case;Frame,50,84.0,Intermediate
laptop,Acer,Predator Helios,housing cracked from impact,Physical damage,Chassis;Hinges;Case;Frame,59,76.7,Intermediate
laptop,Acer,Predator Helios,device dented from fall,Physical damage,Chassis;Hinges;Case;Frame,53,83.7,Intermediate
laptop,Acer,Predator Helios,device powers on but no display,Motherboard failure,Motherboard;CPU;GPU;Chipset,146,61.9,Expert
laptop,Acer,Predator Helios,random shutdowns motherboard issue,Motherboard failure,Motherboard;CPU;GPU;Chipset,145,66.5,Expert
laptop,Acer,Predator Helios,short circuit smell burning,Motherboard failure,Motherboard;CPU;GPU;Chipset,142,69.2,Expert
laptop,Acer,Predator Helios,no boot beep codes,Motherboard failure,Motherboard;CPU;GPU;Chipset,154,64.4,Expert
laptop,Acer,Predator Helios,device turns on for few seconds then dies,Motherboard failure,Motherboard;CPU;GPU;Chipset,149,67.3,Expert
laptop,MSI,Stealth GS66,won't turn on no power black screen,Power supply failure,Power adapter;Battery;Motherboard;Power jack,60,86.4,Intermediate
laptop,MSI,Stealth GS66,completely dead not responding to power button,Power supply failure,Power adapter;Battery;Motherboard;Power jack,70,87.0,Intermediate
laptop,MSI,Stealth GS66,no lights no signs of life,Power supply failure,Power adapter;Battery;Motherboard;Power jack,59,90.6,Intermediate
laptop,MSI,Stealth GS66,power button not working device dead,Power supply failure,Power adapter;Battery;Motherboard;Power jack,55,85.7,Intermediate
laptop,MSI,Stealth GS66,tried charging overnight still won't turn on,Power supply failure,Power adapter;Battery;Motherboard;Power jack,57,87.9,Intermediate
laptop,MSI,Stealth GS66,dead battery not charging,Battery failure,Battery;Charging port;Battery connector,54,99.2,Beginner
laptop,MSI,Stealth GS66,battery drains very fast only lasts 30 minutes,Battery failure,Battery;Charging port;Battery connector,49,97.8,Beginner
laptop,MSI,Stealth GS66,charging but percentage not increasing,Battery failure,Battery;Charging port;Battery connector,44,95.8,Beginner
laptop,MSI,Stealth GS66,battery swollen device bulging,Battery failure,Battery;Charging port;Battery connector,37,90.6,Beginner
laptop,MSI,Stealth GS66,shows charging but battery percentage drops,Battery failure,Battery;Charging port;Battery connector,40,97.1,Beginner
laptop,MSI,Stealth GS66,screen cracked broken display,Screen damage,Display;LCD panel;Touch digitizer;Display cable,65,98.2,Advanced
laptop,MSI,Stealth GS66,display shattered touch not working,Screen damage,Display;LCD panel;Touch digitizer;Display cable,69,91.1,Advanced
laptop,MSI,Stealth GS66,black spots on screen after drop,Screen damage,Display;LCD panel;Touch digitizer;Display cable,73,94.7,Advanced
laptop,MSI,Stealth GS66,screen flickering lines across display,Screen damage,Display;LCD panel;Touch digitizer;Display cable,81,93.9,Advanced
laptop,MSI,Stealth GS66,half screen not working after fall,Screen damage,Display;LCD panel;Touch digitizer;Display cable,81,92.5,Advanced
laptop,MSI,Stealth GS66,screen stays black but device is on,Display malfunction,Display cable;LCD panel;Inverter board;Backlight,58,88.3,Intermediate
laptop,MSI,Stealth GS66,display very dim can barely see anything,Display malfunction,Display cable;LCD panel;Inverter board;Backlight,58,89.6,Intermediate
laptop,MSI,Stealth GS66,screen flickers when moving lid,Display malfunction,Display cable;LCD panel;Inverter board;Backlight,51,86.2,Intermediate
laptop,MSI,Stealth GS66,vertical lines on display,Display malfunction,Display cable;LCD panel;Inverter board;Backlight,63,84.8,Intermediate
laptop,MSI,Stealth GS66,screen goes black randomly,Display malfunction,Display cable;LCD panel;Inverter board;Backlight,58,89.8,Intermediate
laptop,MSI,Stealth GS66,slow performance lag freezing,Software issue,RAM;SSD;Operating system;Drivers,89,87.0,Intermediate
laptop,MSI,Stealth GS66,apps crash constantly won't stay open,Software issue,RAM;SSD;Operating system;Drivers,81,88.2,Intermediate
laptop,MSI,Stealth GS66,system freezes need to force restart,Software issue,RAM;SSD;Operating system;Drivers,85,84.2,Intermediate
laptop,MSI,Stealth GS66,very slow takes forever to open anything,Software issue,RAM;SSD;Operating system;Drivers,87,82.3,Intermediate
laptop,MSI,Stealth GS66,keeps restarting on its own,Software issue,RAM;SSD;Operating system;Drivers,84,89.2,Intermediate
laptop,MSI,Stealth GS66,overheating fan loud hot,Cooling system failure,Fan;Heat sink;Thermal paste;Cooling system,60,89.1,Intermediate
laptop,MSI,Stealth GS66,device gets extremely hot can't touch it,Cooling system failure,Fan;Heat sink;Thermal paste;Cooling system,70,88.7,Intermediate
laptop,MSI,Stealth GS66,fan running at full speed very noisy,Cooling system failure,Fan;Heat sink;Thermal paste;Cooling system,56,92.9,Intermediate
laptop,MSI,Stealth GS66,shuts down due to overheating,Cooling system failure,Fan;Heat sink;Thermal paste;Cooling system,61,84.5,Intermediate
laptop,MSI,Stealth GS66,bottom gets burning hot during use,Cooling system failure,Fan;Heat sink;Thermal paste;Cooling system,50,88.8,Intermediate
laptop,MSI,Stealth GS66,wifi not connecting no internet,Network failure,Wifi card;Network drivers;Antenna;Bluetooth module,39,88.6,Beginner
laptop,MSI,Stealth GS66,bluetooth won't turn on greyed out,Network failure,Wifi card;Network drivers;Antenna;Bluetooth module,38,92.2,Beginner
laptop,MSI,Stealth GS66,wifi keeps disconnecting every few minutes,Network failure,Wifi card;Network drivers;Antenna;Bluetooth module,36,90.8,Beginner
laptop,MSI,Stealth GS66,can't find any wifi networks,Network failure,Wifi card;Network drivers;Antenna;Bluetooth module,23,97.0,Beginner
laptop,MSI,Stealth GS66,network adapter not detected,Network failure,Wifi card;Network drivers;Antenna;Bluetooth module,39,96.7,Beginner
laptop,MSI,Stealth GS66,keyboard not working some keys,Keyboard failure,Keyboard;Ribbon cable;Keyboard controller,51,86.0,Intermediate
laptop,MSI,Stealth GS66,several keys don't respond when pressed,Keyboard failure,Keyboard;Ribbon cable;Keyboard controller,52,92.0,Intermediate
laptop,MSI,Stealth GS66,keyboard types wrong characters,Keyboard failure,Keyboard;Ribbon cable;Keyboard controller,53,92.3,Intermediate
laptop,MSI,Stealth GS66,spacebar and enter key not working,Keyboard failure,Keyboard;Ribbon cable;Keyboard controller,36,93.0,Intermediate
laptop,MSI,Stealth GS66,liquid spilled on keyboard not working,Keyboard failure,Keyboard;Ribbon cable;Keyboard controller,38,89.6,Intermediate
laptop,MSI,Stealth GS66,no sound speaker audio issue,Audio failure,Speakers;Audio jack;Audio drivers;Sound card,32,80.5,Beginner
laptop,MSI,Stealth GS66,speakers crackling distorted sound,Audio failure,Speakers;Audio jack;Audio drivers;Sound card,40,82.8,Beginner
laptop,MSI,Stealth GS66,microphone not working during calls,Audio failure,Speakers;Audio jack;Audio drivers;Sound card,34,82.8,Beginner
laptop,MSI,Stealth GS66,audio only works with headphones,Audio failure,Speakers;Audio jack;Audio drivers;Sound card,21,84.3,Beginner
laptop,MSI,Stealth GS66,one speaker not working,Audio failure,Speakers;Audio jack;Audio drivers;Sound card,26,89.3,Beginner
laptop,MSI,Stealth GS66,usb ports not working,USB failure,USB ports;Motherboard;USB controller,37,90.7,Intermediate
laptop,MSI,Stealth GS66,usb devices not recognized,USB failure,USB ports;Motherboard;USB controller,41,83.2,Intermediate
laptop,MSI,Stealth GS66,charging port loose not connecting properly,USB failure,USB ports;Motherboard;USB controller,50,91.6,Intermediate
laptop,MSI,Stealth GS66,usb port physically damaged,USB failure,USB ports;Motherboard;USB controller,39,86.4,Intermediate
laptop,MSI,Stealth GS66,some usb ports work others don't,USB failure,USB ports;Motherboard;USB controller,36,82.3,Intermediate
laptop,MSI,Stealth GS66,camera not working,Camera failure,Webcam;Camera cable;Camera drivers,38,88.9,Intermediate
laptop,MSI,Stealth GS66,camera shows black screen,Camera failure,Webcam;Camera cable;Camera drivers,50,89.1,Intermediate
laptop,MSI,Stealth GS66,camera blurry won't focus,Camera failure,Webcam;Camera cable;Camera drivers,52,83.4,Intermediate
laptop,MSI,Stealth GS66,front camera works but rear camera doesn't,Camera failure,Webcam;Camera cable;Camera drivers,39,87.7,Intermediate
laptop,MSI,Stealth GS66,camera app crashes when opened,Camera failure,Webcam;Camera cable;Camera drivers,54,86.2,Intermediate
laptop,MSI,Stealth GS66,hard drive not detected,Storage failure,SSD;HDD;Storage controller;SATA cable,84,71.7,Advanced
laptop,MSI,Stealth GS66,storage full can't save anything,Storage failure,SSD;HDD;Storage controller;SATA cable,74,69.9,Advanced
laptop,MSI,Stealth GS66,ssd failed system won't boot,Storage failure,SSD;HDD;Storage controller;SATA cable,68,70.6,Advanced
laptop,MSI,Stealth GS66,corrupted storage data loss,Storage failure,SSD;HDD;Storage controller;SATA cable,77,68.2,Advanced
laptop,MSI,Stealth GS66,disk errors constant warnings,Storage failure,SSD;HDD;Storage controller;SATA cable,81,70.8,Advanced
laptop,MSI,Stealth GS66,dropped in water won't turn on,Water damage,Motherboard;Keyboard;Battery;Display,115,57.1,Expert
laptop,MSI,Stealth GS66,liquid damage corrosion visible,Water damage,Motherboard;Keyboard;Battery;Display,116,59.5,Expert
laptop,MSI,Stealth GS66,water indicator triggered device wet,Water damage,Motherboard;Keyboard;Battery;Display,119,56.4,Expert
laptop,MSI,Stealth GS66,coffee spilled on device not working,Water damage,Motherboard;Keyboard;Battery;Display,119,64.2,Expert
laptop,MSI,Stealth GS66,moisture inside screen foggy display,Water damage,Motherboard;Keyboard;Battery;Display,129,57.1,Expert
laptop,MSI,Stealth GS66,dropped device cracked case,Physical damage,Chassis;Hinges;Case;Frame,57,78.7,Intermediate
laptop,MSI,Stealth GS66,bent frame after sitting on it,Physical damage,Chassis;Hinges;Case;Frame,61,82.8,Intermediate
laptop,MSI,Stealth GS66,buttons physically broken,Physical damage,Chassis;Hinges;Case;Frame,53,84.5,Intermediate
laptop,MSI,Stealth GS66,housing cracked from impact,Physical damage,Chassis;Hinges;Case;Frame,52,78.8,Intermediate
laptop,MSI,Stealth GS66,device dented from fall,Physical damage,Chassis;Hinges;Case;Frame,57,81.8,Intermediate
laptop,MSI,Stealth GS66,device powers on but no display,Motherboard failure,Motherboard;CPU;GPU;Chipset,159,60.6,Expert
laptop,MSI,Stealth GS66,random shutdowns motherboard issue,Motherboard failure,Motherboard;CPU;GPU;Chipset,155,60.5,Expert
laptop,MSI,Stealth GS66,short circuit smell burning,Motherboard failure,Motherboard;CPU;GPU;Chipset,154,63.4,Expert
laptop,MSI,Stealth GS66,no boot beep codes,Motherboard failure,Motherboard;CPU;GPU;Chipset,155,69.8,Expert
laptop,MSI,Stealth GS66,device turns on for few seconds then dies,Motherboard failure,Motherboard;CPU;GPU;Chipset,141,68.2,Expert
laptop,Dell,XPS 13,won't turn on no power black screen,Power supply failure,Power adapter;Battery;Motherboard;Power jack,52,93.7,Intermediate
laptop,Dell,XPS 13,completely dead not responding to power button,Power supply failure,Power adapter;Battery;Motherboard;Power jack,63,89.8,Intermediate
laptop,Dell,XPS 13,no lights no signs of life,Power supply failure,Power adapter;Battery;Motherboard;Power jack,52,86.8,Intermediate
laptop,Dell,XPS 13,power button not working device dead,Power supply failure,Power adapter;Battery;Motherboard;Power jack,62,88.2,Intermediate
laptop,Dell,XPS 13,tried charging overnight still won't turn on,Power supply failure,Power adapter;Battery;Motherboard;Power jack,50,94.4,Intermediate
laptop,Dell,XPS 13,dead battery not charging,Battery failure,Battery;Charging port;Battery connector,35,92.2,Beginner
laptop,Dell,XPS 13,battery drains very fast only lasts 30 minutes,Battery failure,Battery;Charging port;Battery connector,50,94.4,Beginner
laptop,Dell,XPS 13,charging but percentage not increasing,Battery failure,Battery;Charging port;Battery connector,49,98.0,Beginner
laptop,Dell,XPS 13,battery swollen device bulging,Battery failure,Battery;Charging port;Battery connector,46,97.8,Beginner
laptop,Dell,XPS 13,shows charging but battery percentage drops,Battery failure,Battery;Charging port;Battery connector,48,91.3,Beginner
laptop,Dell,XPS 13,screen cracked broken display,Screen damage,Display;LCD panel;Touch digitizer;Display cable,85,91.0,Advanced
laptop,Dell,XPS 13,display shattered touch not working,Screen damage,Display;LCD panel;Touch digitizer;Display cable,69,98.0,Advanced
laptop,Dell,XPS 13,black spots on screen after drop,Screen damage,Display;LCD panel;Touch digitizer;Display cable,75,98.8,Advanced
laptop,Dell,XPS 13,screen flickering lines across display,Screen damage,Display;LCD panel;Touch digitizer;Display cable,80,97.2,Advanced
laptop,Dell,XPS 13,half screen not working after fall,Screen damage,Display;LCD panel;Touch digitizer;Display cable,79,98.7,Advanced
laptop,Dell,XPS 13,screen stays black but device is on,Display malfunction,Display cable;LCD panel;Inverter board;Backlight,63,85.0,Intermediate
laptop,Dell,XPS 13,display very dim can barely see anything,Display malfunction,Display cable;LCD panel;Inverter board;Backlight,62,81.8,Intermediate
laptop,Dell,XPS 13,screen flickers when moving lid,Display malfunction,Display cable;LCD panel;Inverter board;Backlight,63,85.1,Intermediate
laptop,Dell,XPS 13,vertical lines on display,Display malfunction,Display cable;LCD panel;Inverter board;Backlight,63,89.5,Intermediate
laptop,Dell,XPS 13,screen goes black randomly,Display malfunction,Display cable;LCD panel;Inverter board;Backlight,68,80.8,Intermediate
laptop,Dell,XPS 13,slow performance lag freezing,Software issue,RAM;SSD;Operating system;Drivers,85,86.6,Intermediate
laptop,Dell,XPS 13,apps crash constantly won't stay open,Software issue,RAM;SSD;Operating system;Drivers,98,80.2,Intermediate
laptop,Dell,XPS 13,system freezes need to force restart,Software issue,RAM;SSD;Operating system;Drivers,91,85.5,Intermediate
laptop,Dell,XPS 13,very slow takes forever to open anything,Software issue,RAM;SSD;Operating system;Drivers,99,85.2,Intermediate
laptop,Dell,XPS 13,keeps restarting on its own,Software issue,RAM;SSD;Operating system;Drivers,97,83.1,Intermediate
laptop,Dell,XPS 13,overheating fan loud hot,Cooling system failure,Fan;Heat sink;Thermal paste;Cooling system,55,89.6,Intermediate
laptop,Dell,XPS 13,device gets extremely hot can't touch it,Cooling system failure,Fan;Heat sink;Thermal paste;Cooling system,60,89.5,Intermediate
laptop,Dell,XPS 13,fan running at full speed very noisy,Cooling system failure,Fan;Heat sink;Thermal paste;Cooling system,58,84.5,Intermediate
laptop,Dell,XPS 13,shuts down due to overheating,Cooling system failure,Fan;Heat sink;Thermal paste;Cooling system,53,91.9,Intermediate
laptop,Dell,XPS 13,bottom gets burning hot during use,Cooling system failure,Fan;Heat sink;Thermal paste;Cooling system,69,87.3,Intermediate
laptop,Dell,XPS 13,wifi not connecting no internet,Network failure,Wifi card;Network drivers;Antenna;Bluetooth module,40,87.7,Beginner
laptop,Dell,XPS 13,bluetooth won't turn on greyed out,Network failure,Wifi card;Network drivers;Antenna;Bluetooth module,37,96.7,Beginner
laptop,Dell,XPS 13,wifi keeps disconnecting every few minutes,Network failure,Wifi card;Network drivers;Antenna;Bluetooth module,28,88.5,Beginner
laptop,Dell,XPS 13,can't find any wifi networks,Network failure,Wifi card;Network drivers;Antenna;Bluetooth module,22,93.5,Beginner
laptop,Dell,XPS 13,network adapter not detected,Network failure,Wifi card;Network drivers;Antenna;Bluetooth module,39,95.4,Beginner
laptop,Dell,XPS 13,keyboard not working some keys,Keyboard failure,Keyboard;Ribbon cable;Keyboard controller,44,90.5,Intermediate
laptop,Dell,XPS 13,several keys don't respond when pressed,Keyboard failure,Keyboard;Ribbon cable;Keyboard controller,38,93.1,Intermediate
laptop,Dell,XPS 13,keyboard types wrong characters,Keyboard failure,Keyboard;Ribbon cable;Keyboard controller,45,90.3,Intermediate
laptop,Dell,XPS 13,spacebar and enter key not working,Keyboard failure,Keyboard;Ribbon cable;Keyboard controller,42,87.3,Intermediate
laptop,Dell,XPS 13,liquid spilled on keyboard not working,Keyboard failure,Keyboard;Ribbon cable;Keyboard controller,41,88.0,Intermediate
laptop,Dell,XPS 13,no sound speaker audio issue,Audio failure,Speakers;Audio jack;Audio drivers;Sound card,28,84.0,Beginner
laptop,Dell,XPS 13,speakers crackling distorted sound,Audio failure,Speakers;Audio jack;Audio drivers;Sound card,31,85.1,Beginner
laptop,Dell,XPS 13,microphone not working during calls,Audio failure,Speakers;Audio jack;Audio drivers;Sound card,26,87.7,Beginner
laptop,Dell,XPS 13,audio only works with headphones,Audio failure,Speakers;Audio jack;Audio drivers;Sound card,31,86.4,Beginner
laptop,Dell,XPS 13,one speaker not working,Audio failure,Speakers;Audio jack;Audio drivers;Sound card,38,82.7,Beginner
laptop,Dell,XPS 13,usb ports not working,USB failure,USB ports;Motherboard;USB controller,38,90.2,Intermediate
laptop,Dell,XPS 13,usb devices not recognized,USB failure,USB ports;Motherboard;USB controller,40,91.1,Intermediate
laptop,Dell,XPS 13,charging port loose not connecting properly,USB failure,USB ports;Motherboard;USB controller,51,84.3,Intermediate
laptop,Dell,XPS 13,usb port physically damaged,USB failure,USB ports;Motherboard;USB controller,46,86.6,Intermediate
laptop,Dell,XPS 13,some usb ports work others don't,USB failure,USB ports;Motherboard;USB controller,46,85.4,Intermediate
laptop,Dell,XPS 13,camera not working,Camera failure,Webcam;Camera cable;Camera drivers,43,91.0,Intermediate
laptop,Dell,XPS 13,camera shows black screen,Camera failure,Webcam;Camera cable;Camera drivers,40,84.9,Intermediate
laptop,Dell,XPS 13,camera blurry won't focus,Camera failure,Webcam;Camera cable;Camera drivers,40,92.0,Intermediate
laptop,Dell,XPS 13,front camera works but rear camera doesn't,Camera failure,Webcam;Camera cable;Camera drivers,45,88.6,Intermediate
laptop,Dell,XPS 13,camera app crashes when opened,Camera failure,Webcam;Camera cable;Camera drivers,52,90.3,Intermediate
laptop,Dell,XPS 13,hard drive not detected,Storage failure,SSD;HDD;Storage controller;SATA cable,83,71.0,Advanced
laptop,Dell,XPS 13,storage full can't save anything,Storage failure,SSD;HDD;Storage controller;SATA cable,82,67.9,Advanced
laptop,Dell,XPS 13,ssd failed system won't boot,Storage failure,SSD;HDD;Storage controller;SATA cable,78,65.8,Advanced
laptop,Dell,XPS 13,corrupted storage data loss,Storage failure,SSD;HDD;Storage controller;SATA cable,81,66.3,Advanced
laptop,Dell,XPS 13,disk errors constant warnings,Storage failure,SSD;HDD;Storage controller;SATA cable,69,68.1,Advanced
laptop,Dell,XPS 13,dropped in water won't turn on,Water damage,Motherboard;Keyboard;Battery;Display,122,57.0,Expert
laptop,Dell,XPS 13,liquid damage corrosion visible,Water damage,Motherboard;Keyboard;Battery;Display,112,55.1,Expert
laptop,Dell,XPS 13,water indicator triggered device wet,Water damage,Motherboard;Keyboard;Battery;Display,110,63.4,Expert
laptop,Dell,XPS 13,coffee spilled on device not working,Water damage,Motherboard;Keyboard;Battery;Display,110,61.4,Expert
laptop,Dell,XPS 13,moisture inside screen foggy display,Water damage,Motherboard;Keyboard;Battery;Display,116,64.5,Expert
laptop,Dell,XPS 13,dropped device cracked case,Physical damage,Chassis;Hinges;Case;Frame,66,79.6,Intermediate
laptop,Dell,XPS 13,bent frame after sitting on it,Physical damage,Chassis;Hinges;Case;Frame,56,83.6,Intermediate
laptop,Dell,XPS 13,buttons physically broken,Physical damage,Chassis;Hinges;Case;Frame,57,76.7,Intermediate
laptop,Dell,XPS 13,housing cracked from impact,Physical damage,Chassis;Hinges;Case;Frame,58,81.3,Intermediate
laptop,Dell,XPS 13,device dented from fall,Physical damage,Chassis;Hinges;Case;Frame,69,83.3,Intermediate
laptop,Dell,XPS 13,device powers on but no display,Motherboard failure,Motherboard;CPU;GPU;Chipset,140,65.8,Expert
laptop,Dell,XPS 13,random shutdowns motherboard issue,Motherboard failure,Motherboard;CPU;GPU;Chipset,146,67.9,Expert
laptop,Dell,XPS 13,short circuit smell burning,Motherboard failure,Motherboard;CPU;GPU;Chipset,142,63.3,Expert
laptop,Dell,XPS 13,no boot beep codes,Motherboard failure,Motherboard;CPU;GPU;Chipset,144,65.6,Expert
laptop,Dell,XPS 13,device turns on for few seconds then dies,Motherboard failure,Motherboard;CPU;GPU;Chipset,144,61.7,Expert
laptop,ThinkPad,X1 Carbon,won't turn on no power black screen,Power supply failure,Power adapter;Battery;Motherboard;Power jack,66,92.3,Intermediate
laptop,ThinkPad,X1 Carbon,completely dead not responding to power button,Power supply failure,Power adapter;Battery;Motherboard;Power jack,50,92.9,Intermediate
laptop,ThinkPad,X1 Carbon,no lights no signs of life,Power supply failure,Power adapter;Battery;Motherboard;Power jack,68,86.8,Intermediate
laptop,ThinkPad,X1 Carbon,power button not working device dead,Power supply failure,Power adapter;Battery;Motherboard;Power jack,53,93.0,Intermediate
laptop,ThinkPad,X1 Carbon,tried charging overnight still won't turn on,Power supply failure,Power adapter;Battery;Motherboard;Power jack,65,91.9,Intermediate
laptop,ThinkPad,X1 Carbon,dead battery not charging,Battery failure,Battery;Charging port;Battery connector,52,94.9,Beginner
laptop,ThinkPad,X1 Carbon,battery drains very fast only lasts 30 minutes,Battery failure,Battery;Charging port;Battery connector,49,92.2,Beginner
laptop,ThinkPad,X1 Carbon,charging but percentage not increasing,Battery failure,Battery;Charging port;Battery connector,47,95.6,Beginner
laptop,ThinkPad,X1 Carbon,battery swollen device bulging,Battery failure,Battery;Charging port;Battery connector,39,93.2,Beginner
laptop,ThinkPad,X1 Carbon,shows charging but battery percentage drops,Battery failure,Battery;Charging port;Battery connector,36,97.1,Beginner
laptop,ThinkPad,X1 Carbon,screen cracked broken display,Screen damage,Display;LCD panel;Touch digitizer;Display cable,78,92.2,Advanced
laptop,ThinkPad,X1 Carbon,display shattered touch not working,Screen damage,Display;LCD panel;Touch digitizer;Display cable,66,91.5,Advanced
laptop,ThinkPad,X1 Carbon,black spots on screen after drop,Screen damage,Display;LCD panel;Touch digitizer;Display cable,69,99.9,Advanced
laptop,ThinkPad,X1 Carbon,screen flickering lines across display,Screen damage,Display;LCD panel;Touch digitizer;Display cable,82,92.8,Advanced
laptop,ThinkPad,X1 Carbon,half screen not working after fall,Screen damage,Display;LCD panel;Touch digitizer;Display cable,78,94.3,Advanced
laptop,ThinkPad,X1 Carbon,screen stays black but device is on,Display malfunction,Display cable;LCD panel;Inverter board;Backlight,59,84.2,Intermediate
laptop,ThinkPad,X1 Carbon,display very dim can barely see anything,Display malfunction,Display cable;LCD panel;Inverter board;Backlight,62,87.1,Intermediate
laptop,ThinkPad,X1 Carbon,screen flickers when moving lid,Display malfunction,Display cable;LCD panel;Inverter board;Backlight,54,81.6,Intermediate
laptop,ThinkPad,X1 Carbon,vertical lines on display,Display malfunction,Display cable;LCD panel;Inverter board;Backlight,58,86.4,Intermediate
laptop,ThinkPad,X1 Carbon,screen goes black randomly,Display malfunction,Display cable;LCD panel;Inverter board;Backlight,59,85.9,Intermediate
laptop,ThinkPad,X1 Carbon,slow performance lag freezing,Software issue,RAM;SSD;Operating system;Drivers,84,88.6,Intermediate
laptop,ThinkPad,X1 Carbon,apps crash constantly won't stay open,Software issue,RAM;SSD;Operating system;Drivers,93,87.1,Intermediate
laptop,ThinkPad,X1 Carbon,system freezes need to force restart,Software issue,RAM;SSD;Operating system;Drivers,96,81.4,Intermediate
laptop,ThinkPad,X1 Carbon,very slow takes forever to open anything,Software issue,RAM;SSD;Operating system;Drivers,99,83.0,Intermediate
laptop,ThinkPad,X1 Carbon,keeps restarting on its own,Software issue,RAM;SSD;Operating system;Drivers,86,88.6,Intermediate
laptop,ThinkPad,X1 Carbon,overheating fan loud hot,Cooling system failure,Fan;Heat sink;Thermal paste;Cooling system,60,86.6,Intermediate
laptop,ThinkPad,X1 Carbon,device gets extremely hot can't touch it,Cooling system failure,Fan;Heat sink;Thermal paste;Cooling system,66,91.9,Intermediate
laptop,ThinkPad,X1 Carbon,fan running at full speed very noisy,Cooling system failure,Fan;Heat sink;Thermal paste;Cooling system,54,92.7,Intermediate
laptop,ThinkPad,X1 Carbon,shuts down due to overheating,Cooling system failure,Fan;Heat sink;Thermal paste;Cooling system,52,86.5,Intermediate
laptop,ThinkPad,X1 Carbon,bottom gets burning hot during use,Cooling system failure,Fan;Heat sink;Thermal paste;Cooling system,59,84.1,Intermediate
laptop,ThinkPad,X1 Carbon,wifi not connecting no internet,Network failure,Wifi card;Network drivers;Antenna;Bluetooth module,30,89.7,Beginner
laptop,ThinkPad,X1 Carbon,bluetooth won't turn on greyed out,Network failure,Wifi card;Network drivers;Antenna;Bluetooth module,39,89.6,Beginner
laptop,ThinkPad,X1 Carbon,wifi keeps disconnecting every few minutes,Network failure,Wifi card;Network drivers;Antenna;Bluetooth module,24,93.2,Beginner
laptop,ThinkPad,X1 Carbon,can't find any wifi networks,Network failure,Wifi card;Network drivers;Antenna;Bluetooth module,35,87.6,Beginner
laptop,ThinkPad,X1 Carbon,network adapter not detected,Network failure,Wifi card;Network drivers;Antenna;Bluetooth module,21,87.0,Beginner
laptop,ThinkPad,X1 Carbon,keyboard not working some keys,Keyboard failure,Keyboard;Ribbon cable;Keyboard controller,42,94.9,Intermediate
laptop,ThinkPad,X1 Carbon,several keys don't respond when pressed,Keyboard failure,Keyboard;Ribbon cable;Keyboard controller,54,85.9,Intermediate
laptop,ThinkPad,X1 Carbon,keyboard types wrong characters,Keyboard failure,Keyboard;Ribbon cable;Keyboard controller,54,93.5,Intermediate
laptop,ThinkPad,X1 Carbon,spacebar and enter key not working,Keyboard failure,Keyboard;Ribbon cable;Keyboard controller,55,91.2,Intermediate
laptop,ThinkPad,X1 Carbon,liquid spilled on keyboard not working,Keyboard failure,Keyboard;Ribbon cable;Keyboard controller,39,94.5,Intermediate
laptop,ThinkPad,X1 Carbon,no sound speaker audio issue,Audio failure,Speakers;Audio jack;Audio drivers;Sound card,27,89.9,Beginner
laptop,ThinkPad,X1 Carbon,speakers crackling distorted sound,Audio failure,Speakers;Audio jack;Audio drivers;Sound card,22,81.7,Beginner
laptop,ThinkPad,X1 Carbon,microphone not working during calls,Audio failure,Speakers;Audio jack;Audio drivers;Sound card,38,81.2,Beginner
laptop,ThinkPad,X1 Carbon,audio only works with headphones,Audio failure,Speakers;Audio jack;Audio drivers;Sound card,31,82.0,Beginner
laptop,ThinkPad,X1 Carbon,one speaker not working,Audio failure,Speakers;Audio jack;Audio drivers;Sound card,21,85.3,Beginner
laptop,ThinkPad,X1 Carbon,usb ports not working,USB failure,USB ports;Motherboard;USB controller,53,84.1,Intermediate
laptop,ThinkPad,X1 Carbon,usb devices not recognized,USB failure,USB ports;Motherboard;USB controller,46,83.2,Intermediate
laptop,ThinkPad,X1 Carbon,charging port loose not connecting properly,USB failure,USB ports;Motherboard;USB controller,52,85.5,Intermediate
laptop,ThinkPad,X1 Carbon,usb port physically damaged,USB failure,USB ports;Motherboard;USB controller,49,85.6,Intermediate
laptop,ThinkPad,X1 Carbon,some usb ports work others don't,USB failure,USB ports;Motherboard;USB controller,46,82.0,Intermediate
laptop,ThinkPad,X1 Carbon,camera not working,Camera failure,Webcam;Camera cable;Camera drivers,53,87.3,Intermediate
laptop,ThinkPad,X1 Carbon,camera shows black screen,Camera failure,Webcam;Camera cable;Camera drivers,45,91.7,Intermediate
laptop,ThinkPad,X1 Carbon,camera blurry won't focus,Camera failure,Webcam;Camera cable;Camera drivers,38,83.8,Intermediate
laptop,ThinkPad,X1 Carbon,front camera works but rear camera doesn't,Camera failure,Webcam;Camera cable;Camera drivers,53,91.1,Intermediate
laptop,ThinkPad,X1 Carbon,camera app crashes when opened,Camera failure,Webcam;Camera cable;Camera drivers,49,83.5,Intermediate
laptop,ThinkPad,X1 Carbon,hard drive not detected,Storage failure,SSD;HDD;Storage controller;SATA cable,79,70.5,Advanced
laptop,ThinkPad,X1 Carbon,storage full can't save anything,Storage failure,SSD;HDD;Storage controller;SATA cable,66,72.7,Advanced
laptop,ThinkPad,X1 Carbon,ssd failed system won't boot,Storage failure,SSD;HDD;Storage controller;SATA cable,66,72.3,Advanced
laptop,ThinkPad,X1 Carbon,corrupted storage data loss,Storage failure,SSD;HDD;Storage controller;SATA cable,65,65.7,Advanced
laptop,ThinkPad,X1 Carbon,disk errors constant warnings,Storage failure,SSD;HDD;Storage controller;SATA cable,70,73.2,Advanced
laptop,ThinkPad,X1 Carbon,dropped in water won't turn on,Water damage,Motherboard;Keyboard;Battery;Display,112,60.5,Expert
laptop,ThinkPad,X1 Carbon,liquid damage corrosion visible,Water damage,Motherboard;Keyboard;Battery;Display,124,57.1,Expert
laptop,ThinkPad,X1 Carbon,water indicator triggered device wet,Water damage,Motherboard;Keyboard;Battery;Display,127,61.8,Expert
laptop,ThinkPad,X1 Carbon,coffee spilled on device not working,Water damage,Motherboard;Keyboard;Battery;Display,128,62.0,Expert
laptop,ThinkPad,X1 Carbon,moisture inside screen foggy display,Water damage,Motherboard;Keyboard;Battery;Display,111,58.2,Expert
laptop,ThinkPad,X1 Carbon,dropped device cracked case,Physical damage,Chassis;Hinges;Case;Frame,69,80.1,Intermediate
laptop,ThinkPad,X1 Carbon,bent frame after sitting on it,Physical damage,Chassis;Hinges;Case;Frame,69,82.3,Intermediate
laptop,ThinkPad,X1 Carbon,buttons physically broken,Physical damage,Chassis;Hinges;Case;Frame,58,78.5,Intermediate
laptop,ThinkPad,X1 Carbon,housing cracked from impact,Physical damage,Chassis;Hinges;Case;Frame,67,76.0,Intermediate
laptop,ThinkPad,X1 Carbon,device dented from fall,Physical damage,Chassis;Hinges;Case;Frame,66,77.2,Intermediate
laptop,ThinkPad,X1 Carbon,device powers on but no display,Motherboard failure,Motherboard;CPU;GPU;Chipset,151,64.3,Expert
laptop,ThinkPad,X1 Carbon,random shutdowns motherboard issue,Motherboard failure,Motherboard;CPU;GPU;Chipset,140,65.7,Expert
laptop,ThinkPad,X1 Carbon,short circuit smell burning,Motherboard failure,Motherboard;CPU;GPU;Chipset,152,69.1,Expert
laptop,ThinkPad,X1 Carbon,no boot beep codes,Motherboard failure,Motherboard;CPU;GPU;Chipset,154,65.4,Expert
laptop,ThinkPad,X1 Carbon,device turns on for few seconds then dies,Motherboard failure,Motherboard;CPU;GPU;Chipset,143,61.7,Expert
laptop,HP,Spectre x360,won't turn on no power black screen,Power supply failure,Power adapter;Battery;Motherboard;Power jack,64,87.3,Intermediate
laptop,HP,Spectre x360,completely dead not responding to power button,Power supply failure,Power adapter;Battery;Motherboard;Power jack,62,86.5,Intermediate
laptop,HP,Spectre x360,no lights no signs of life,Power supply failure,Power adapter;Battery;Motherboard;Power jack,70,85.6,Intermediate
laptop,HP,Spectre x360,power button not working device dead,Power supply failure,Power adapter;Battery;Motherboard;Power jack,55,93.4,Intermediate
laptop,HP,Spectre x360,tried charging overnight still won't turn on,Power supply failure,Power adapter;Battery;Motherboard;Power jack,58,93.4,Intermediate
laptop,HP,Spectre x360,dead battery not charging,Battery failure,Battery;Charging port;Battery connector,44,94.2,Beginner
laptop,HP,Spectre x360,battery drains very fast only lasts 30 minutes,Battery failure,Battery;Charging port;Battery connector,49,98.5,Beginner
laptop,HP,Spectre x360,charging but percentage not increasing,Battery failure,Battery;Charging port;Battery connector,48,93.6,Beginner
laptop,HP,Spectre x360,battery swollen device bulging,Battery failure,Battery;Charging port;Battery connector,50,98.9,Beginner
laptop,HP,Spectre x360,shows charging but battery percentage drops,Battery failure,Battery;Charging port;Battery connector,52,91.8,Beginner
laptop,HP,Spectre x360,screen cracked broken display,Screen damage,Display;LCD panel;Touch digitizer;Display cable,77,98.2,Advanced
laptop,HP,Spectre x360,display shattered touch not working,Screen damage,Display;LCD panel;Touch digitizer;Display cable,72,91.4,Advanced
laptop,HP,Spectre x360,black spots on screen after drop,Screen damage,Display;LCD panel;Touch digitizer;Display cable,68,91.3,Advanced
laptop,HP,Spectre x360,screen flickering lines across display,Screen damage,Display;LCD panel;Touch digitizer;Display cable,83,90.8,Advanced
laptop,HP,Spectre x360,half screen not working after fall,Screen damage,Display;LCD panel;Touch digitizer;Display cable,75,91.2,Advanced
laptop,HP,Spectre x360,screen stays black but device is on,Display malfunction,Display cable;LCD panel;Inverter board;Backlight,65,81.1,Intermediate
laptop,HP,Spectre x360,display very dim can barely see anything,Display malfunction,Display cable;LCD panel;Inverter board;Backlight,64,80.3,Intermediate
laptop,HP,Spectre x360,screen flickers when moving lid,Display malfunction,Display cable;LCD panel;Inverter board;Backlight,53,84.3,Intermediate
laptop,HP,Spectre x360,vertical lines on display,Display malfunction,Display cable;LCD panel;Inverter board;Backlight,54,81.5,Intermediate
laptop,HP,Spectre x360,screen goes black randomly,Display malfunction,Display cable;LCD panel;Inverter board;Backlight,55,82.1,Intermediate
laptop,HP,Spectre x360,slow performance lag freezing,Software issue,RAM;SSD;Operating system;Drivers,83,86.3,Intermediate
laptop,HP,Spectre x360,apps crash constantly won't stay open,Software issue,RAM;SSD;Operating system;Drivers,94,83.4,Intermediate
laptop,HP,Spectre x360,system freezes need to force restart,Software issue,RAM;SSD;Operating system;Drivers,88,87.7,Intermediate
laptop,HP,Spectre x360,very slow takes forever to open anything,Software issue,RAM;SSD;Operating system;Drivers,90,85.0,Intermediate
laptop,HP,Spectre x360,keeps restarting on its own,Software issue,RAM;SSD;Operating system;Drivers,84,89.6,Intermediate
laptop,HP,Spectre x360,overheating fan loud hot,Cooling system failure,Fan;Heat sink;Thermal paste;Cooling system,58,87.0,Intermediate
laptop,HP,Spectre x360,device gets extremely hot can't touch it,Cooling system failure,Fan;Heat sink;Thermal paste;Cooling system,69,84.2,Intermediate
laptop,HP,Spectre x360,fan running at full speed very noisy,Cooling system failure,Fan;Heat sink;Thermal paste;Cooling system,53,90.3,Intermediate
laptop,HP,Spectre x360,shuts down due to overheating,Cooling system failure,Fan;Heat sink;Thermal paste;Cooling system,63,91.8,Intermediate
laptop,HP,Spectre x360,bottom gets burning hot during use,Cooling system failure,Fan;Heat sink;Thermal paste;Cooling system,53,90.0,Intermediate
laptop,HP,Spectre x360,wifi not connecting no internet,Network failure,Wifi card;Network drivers;Antenna;Bluetooth module,40,89.8,Beginner
laptop,HP,Spectre x360,bluetooth won't turn on greyed out,Network failure,Wifi card;Network drivers;Antenna;Bluetooth module,40,89.4,Beginner
laptop,HP,Spectre x360,wifi keeps disconnecting every few minutes,Network failure,Wifi card;Network drivers;Antenna;Bluetooth module,30,91.4,Beginner
laptop,HP,Spectre x360,can't find any wifi networks,Network failure,Wifi card;Network drivers;Antenna;Bluetooth module,23,92.0,Beginner
laptop,HP,Spectre x360,network adapter not detected,Network failure,Wifi card;Network drivers;Antenna;Bluetooth module,38,96.9,Beginner
laptop,HP,Spectre x360,keyboard not working some keys,Keyboard failure,Keyboard;Ribbon cable;Keyboard controller,40,86.1,Intermediate
laptop,HP,Spectre x360,several keys don't respond when pressed,Keyboard failure,Keyboard;Ribbon cable;Keyboard controller,35,93.8,Intermediate
laptop,HP,Spectre x360,keyboard types wrong characters,Keyboard failure,Keyboard;Ribbon cable;Keyboard controller,48,90.3,Intermediate
laptop,HP,Spectre x360,spacebar and enter key not working,Keyboard failure,Keyboard;Ribbon cable;Keyboard controller,55,86.4,Intermediate
laptop,HP,Spectre x360,liquid spilled on keyboard not working,Keyboard failure,Keyboard;Ribbon cable;Keyboard controller,47,92.9,Intermediate
laptop,HP,Spectre x360,no sound speaker audio issue,Audio failure,Speakers;Audio jack;Audio drivers;Sound card,37,85.1,Beginner
laptop,HP,Spectre x360,speakers crackling distorted sound,Audio failure,Speakers;Audio jack;Audio drivers;Sound card,37,83.8,Beginner
laptop,HP,Spectre x360,microphone not working during calls,Audio failure,Speakers;Audio jack;Audio drivers;Sound card,24,86.7,Beginner
laptop,HP,Spectre x360,audio only works with headphones,Audio failure,Speakers;Audio jack;Audio drivers;Sound card,26,81.1,Beginner
laptop,HP,Spectre x360,one speaker not working,Audio failure,Speakers;Audio jack;Audio drivers;Sound card,22,87.1,Beginner
laptop,HP,Spectre x360,usb ports not working,USB failure,USB ports;Motherboard;USB controller,42,86.1,Intermediate
laptop,HP,Spectre x360,usb devices not recognized,USB failure,USB ports;Motherboard;USB controller,47,90.4,Intermediate
laptop,HP,Spectre x360,charging port loose not connecting properly,USB failure,USB ports;Motherboard;USB controller,39,84.6,Intermediate
laptop,HP,Spectre x360,usb port physically damaged,USB failure,USB ports;Motherboard;USB controller,43,83.0,Intermediate
laptop,HP,Spectre x360,some usb ports work others don't,USB failure,USB ports;Motherboard;USB controller,45,88.9,Intermediate
laptop,HP,Spectre x360,camera not working,Camera failure,Webcam;Camera cable;Camera drivers,42,82.1,Intermediate
laptop,HP,Spectre x360,camera shows black screen,Camera failure,Webcam;Camera cable;Camera drivers,54,82.1,Intermediate
laptop,HP,Spectre x360,camera blurry won't focus,Camera failure,Webcam;Camera cable;Camera drivers,38,87.0,Intermediate
laptop,HP,Spectre x360,front camera works but rear camera doesn't,Camera failure,Webcam;Camera cable;Camera drivers,50,83.6,Intermediate
laptop,HP,Spectre x360,camera app crashes when opened,Camera failure,Webcam;Camera cable;Camera drivers,52,89.4,Intermediate
laptop,HP,Spectre x360,hard drive not detected,Storage failure,SSD;HDD;Storage controller;SATA cable,74,69.4,Advanced
laptop,HP,Spectre x360,storage full can't save anything,Storage failure,SSD;HDD;Storage controller;SATA cable,74,69.2,Advanced
laptop,HP,Spectre x360,ssd failed system won't boot,Storage failure,SSD;HDD;Storage controller;SATA cable,71,74.5,Advanced
laptop,HP,Spectre x360,corrupted storage data loss,Storage failure,SSD;HDD;Storage controller;SATA cable,70,65.9,Advanced
laptop,HP,Spectre x360,disk errors constant warnings,Storage failure,SSD;HDD;Storage controller;SATA cable,71,66.9,Advanced
laptop,HP,Spectre x360,dropped in water won't turn on,Water damage,Motherboard;Keyboard;Battery;Display,123,58.7,Expert
laptop,HP,Spectre x360,liquid damage corrosion visible,Water damage,Motherboard;Keyboard;Battery;Display,119,59.0,Expert
laptop,HP,Spectre x360,water indicator triggered device wet,Water damage,Motherboard;Keyboard;Battery;Display,129,61.1,Expert
laptop,HP,Spectre x360,coffee spilled on device not working,Water damage,Motherboard;Keyboard;Battery;Display,112,55.7,Expert
laptop,HP,Spectre x360,moisture inside screen foggy display,Water damage,Motherboard;Keyboard;Battery;Display,119,56.0,Expert
laptop,HP,Spectre x360,dropped device cracked case,Physical damage,Chassis;Hinges;Case;Frame,50,76.5,Intermediate
laptop,HP,Spectre x360,bent frame after sitting on it,Physical damage,Chassis;Hinges;Case;Frame,66,82.5,Intermediate
laptop,HP,Spectre x360,buttons physically broken,Physical damage,Chassis;Hinges;Case;Frame,54,81.2,Intermediate
laptop,HP,Spectre x360,housing cracked from impact,Physical damage,Chassis;Hinges;Case;Frame,61,75.1,Intermediate
laptop,HP,Spectre x360,device dented from fall,Physical damage,Chassis;Hinges;Case;Frame,66,75.9,Intermediate
laptop,HP,Spectre x360,device powers on but no display,Motherboard failure,Motherboard;CPU;GPU;Chipset,151,62.9,Expert
laptop,HP,Spectre x360,random shutdowns motherboard issue,Motherboard failure,Motherboard;CPU;GPU;Chipset,159,64.8,Expert
laptop,HP,Spectre x360,short circuit smell burning,Motherboard failure,Motherboard;CPU;GPU;Chipset,152,63.5,Expert
laptop,HP,Spectre x360,no boot beep codes,Motherboard failure,Motherboard;CPU;GPU;Chipset,145,60.5,Expert
laptop,HP,Spectre x360,device turns on for few seconds then dies,Motherboard failure,Motherboard;CPU;GPU;Chipset,156,62.8,Expert
laptop,Lenovo,Legion 5,won't turn on no power black screen,Power supply failure,Power adapter;Battery;Motherboard;Power jack,69,88.9,Intermediate
laptop,Lenovo,Legion 5,completely dead not responding to power button,Power supply failure,Power adapter;Battery;Motherboard;Power jack,57,87.3,Intermediate
laptop,Lenovo,Legion 5,no lights no signs of life,Power supply failure,Power adapter;Battery;Motherboard;Power jack,58,88.8,Intermediate
laptop,Lenovo,Legion 5,power button not working device dead,Power supply failure,Power adapter;Battery;Motherboard;Power jack,50,89.8,Intermediate
laptop,Lenovo,Legion 5,tried charging overnight still won't turn on,Power supply failure,Power adapter;Battery;Motherboard;Power jack,68,91.4,Intermediate
laptop,Lenovo,Legion 5,dead battery not charging,Battery failure,Battery;Charging port;Battery connector,36,91.2,Beginner
laptop,Lenovo,Legion 5,battery drains very fast only lasts 30 minutes,Battery failure,Battery;Charging port;Battery connector,54,91.8,Beginner
laptop,Lenovo,Legion 5,charging but percentage not increasing,Battery failure,Battery;Charging port;Battery connector,35,97.3,Beginner
laptop,Lenovo,Legion 5,battery swollen device bulging,Battery failure,Battery;Charging port;Battery connector,47,97.4,Beginner
laptop,Lenovo,Legion 5,shows charging but battery percentage drops,Battery failure,Battery;Charging port;Battery connector,53,94.3,Beginner
laptop,Lenovo,Legion 5,screen cracked broken display,Screen damage,Display;LCD panel;Touch digitizer;Display cable,76,95.3,Advanced
laptop,Lenovo,Legion 5,display shattered touch not working,Screen damage,Display;LCD panel;Touch digitizer;Display cable,74,99.4,Advanced
laptop,Lenovo,Legion 5,black spots on screen after drop,Screen damage,Display;LCD panel;Touch digitizer;Display cable,75,91.3,Advanced
laptop,Lenovo,Legion 5,screen flickering lines across display,Screen damage,Display;LCD panel;Touch digitizer;Display cable,83,94.8,Advanced
laptop,Lenovo,Legion 5,half screen not working after fall,Screen damage,Display;LCD panel;Touch digitizer;Display cable,73,95.1,Advanced
laptop,Lenovo,Legion 5,screen stays black but device is on,Display malfunction,Display cable;LCD panel;Inverter board;Backlight,58,87.7,Intermediate
laptop,Lenovo,Legion 5,display very dim can barely see anything,Display malfunction,Display cable;LCD panel;Inverter board;Backlight,69,81.7,Intermediate
laptop,Lenovo,Legion 5,screen flickers when moving lid,Display malfunction,Display cable;LCD panel;Inverter board;Backlight,69,86.2,Intermediate
laptop,Lenovo,Legion 5,vertical lines on display,Display malfunction,Display cable;LCD panel;Inverter board;Backlight,54,82.5,Intermediate
laptop,Lenovo,Legion 5,screen goes black randomly,Display malfunction,Display cable;LCD panel;Inverter board;Backlight,63,82.5,Intermediate
laptop,Lenovo,Legion 5,slow performance lag freezing,Software issue,RAM;SSD;Operating system;Drivers,95,87.0,Intermediate
laptop,Lenovo,Legion 5,apps crash constantly won't stay open,Software issue,RAM;SSD;Operating system;Drivers,84,89.7,Intermediate
laptop,Lenovo,Legion 5,system freezes need to force restart,Software issue,RAM;SSD;Operating system;Drivers,93,81.7,Intermediate
laptop,Lenovo,Legion 5,very slow takes forever to open anything,Software issue,RAM;SSD;Operating system;Drivers,98,81.7,Intermediate
laptop,Lenovo,Legion 5,keeps restarting on its own,Software issue,RAM;SSD;Operating system;Drivers,88,84.2,Intermediate
laptop,Lenovo,Legion 5,overheating fan loud hot,Cooling system failure,Fan;Heat sink;Thermal paste;Cooling system,64,87.0,Intermediate
laptop,Lenovo,Legion 5,device gets extremely hot can't touch it,Cooling system failure,Fan;Heat sink;Thermal paste;Cooling system,52,83.4,Intermediate
laptop,Lenovo,Legion 5,fan running at full speed very noisy,Cooling system failure,Fan;Heat sink;Thermal paste;Cooling system,55,91.7,Intermediate
laptop,Lenovo,Legion 5,shuts down due to overheating,Cooling system failure,Fan;Heat sink;Thermal paste;Cooling system,58,92.4,Intermediate
laptop,Lenovo,Legion 5,bottom gets burning hot during use,Cooling system failure,Fan;Heat sink;Thermal paste;Cooling system,63,91.6,Intermediate
laptop,Lenovo,Legion 5,wifi not connecting no internet,Network failure,Wifi card;Network drivers;Antenna;Bluetooth module,27,89.6,Beginner
laptop,Lenovo,Legion 5,bluetooth won't turn on greyed out,Network failure,Wifi card;Network drivers;Antenna;Bluetooth module,28,90.2,Beginner
laptop,Lenovo,Legion 5,wifi keeps disconnecting every few minutes,Network failure,Wifi card;Network drivers;Antenna;Bluetooth module,38,87.2,Beginner
laptop,Lenovo,Legion 5,can't find any wifi networks,Network failure,Wifi card;Network drivers;Antenna;Bluetooth module,34,87.1,Beginner
laptop,Lenovo,Legion 5,network adapter not detected,Network failure,Wifi card;Network drivers;Antenna;Bluetooth module,21,96.9,Beginner
laptop,Lenovo,Legion 5,keyboard not working some keys,Keyboard failure,Keyboard;Ribbon cable;Keyboard controller,48,91.2,Intermediate
laptop,Lenovo,Legion 5,several keys don't respond when pressed,Keyboard failure,Keyboard;Ribbon cable;Keyboard controller,38,93.5,Intermediate
laptop,Lenovo,Legion 5,keyboard types wrong characters,Keyboard failure,Keyboard;Ribbon cable;Keyboard controller,44,93.2,Intermediate
laptop,Lenovo,Legion 5,spacebar and enter key not working,Keyboard failure,Keyboard;Ribbon cable;Keyboard controller,40,87.5,Intermediate
laptop,Lenovo,Legion 5,liquid spilled on keyboard not working,Keyboard failure,Keyboard;Ribbon cable;Keyboard controller,44,85.1,Intermediate
laptop,Lenovo,Legion 5,no sound speaker audio issue,Audio failure,Speakers;Audio jack;Audio drivers;Sound card,28,87.8,Beginner
laptop,Lenovo,Legion 5,speakers crackling distorted sound,Audio failure,Speakers;Audio jack;Audio drivers;Sound card,37,87.3,Beginner
laptop,Lenovo,Legion 5,microphone not working during calls,Audio failure,Speakers;Audio jack;Audio drivers;Sound card,26,81.2,Beginner
laptop,Lenovo,Legion 5,audio only works with headphones,Audio failure,Speakers;Audio jack;Audio drivers;Sound card,35,81.3,Beginner
laptop,Lenovo,Legion 5,one speaker not working,Audio failure,Speakers;Audio jack;Audio drivers;Sound card,36,80.7,Beginner
laptop,Lenovo,Legion 5,usb ports not working,USB failure,USB ports;Motherboard;USB controller,35,84.1,Intermediate
laptop,Lenovo,Legion 5,usb devices not recognized,USB failure,USB ports;Motherboard;USB controller,43,84.5,Intermediate
laptop,Lenovo,Legion 5,charging port loose not connecting properly,USB failure,USB ports;Motherboard;USB controller,37,90.4,Intermediate
laptop,Lenovo,Legion 5,usb port physically damaged,USB failure,USB ports;Motherboard;USB controller,36,88.0,Intermediate
laptop,Lenovo,Legion 5,some usb ports work others don't,USB failure,USB ports;Motherboard;USB controller,35,91.3,Intermediate
laptop,Lenovo,Legion 5,camera not working,Camera failure,Webcam;Camera cable;Camera drivers,46,84.4,Intermediate
laptop,Lenovo,Legion 5,camera shows black screen,Camera failure,Webcam;Camera cable;Camera drivers,45,88.1,Intermediate
laptop,Lenovo,Legion 5,camera blurry won't focus,Camera failure,Webcam;Camera cable;Camera drivers,37,90.6,Intermediate
laptop,Lenovo,Legion 5,front camera works but rear camera doesn't,Camera failure,Webcam;Camera cable;Camera drivers,35,85.3,Intermediate
laptop,Lenovo,Legion 5,camera app crashes when opened,Camera failure,Webcam;Camera cable;Camera drivers,44,88.0,Intermediate
laptop,Lenovo,Legion 5,hard drive not detected,Storage failure,SSD;HDD;Storage controller;SATA cable,85,65.6,Advanced
laptop,Lenovo,Legion 5,storage full can't save anything,Storage failure,SSD;HDD;Storage controller;SATA cable,84,68.7,Advanced
laptop,Lenovo,Legion 5,ssd failed system won't boot,Storage failure,SSD;HDD;Storage controller;SATA cable,83,69.3,Advanced
laptop,Lenovo,Legion 5,corrupted storage data loss,Storage failure,SSD;HDD;Storage controller;SATA cable,75,73.4,Advanced
laptop,Lenovo,Legion 5,disk errors constant warnings,Storage failure,SSD;HDD;Storage controller;SATA cable,85,73.4,Advanced
laptop,Lenovo,Legion 5,dropped in water won't turn on,Water damage,Motherboard;Keyboard;Battery;Display,119,60.7,Expert
laptop,Lenovo,Legion 5,liquid damage corrosion visible,Water damage,Motherboard;Keyboard;Battery;Display,128,57.7,Expert
laptop,Lenovo,Legion 5,water indicator triggered device wet,Water damage,Motherboard;Keyboard;Battery;Display,126,58.9,Expert
laptop,Lenovo,Legion 5,coffee spilled on device not working,Water damage,Motherboard;Keyboard;Battery;Display,129,63.8,Expert
laptop,Lenovo,Legion 5,moisture inside screen foggy display,Water damage,Motherboard;Keyboard;Battery;Display,110,62.1,Expert
laptop,Lenovo,Legion 5,dropped device cracked case,Physical damage,Chassis;Hinges;Case;Frame,66,79.9,Intermediate
laptop,Lenovo,Legion 5,bent frame after sitting on it,Physical damage,Chassis;Hinges;Case;Frame,50,81.6,Intermediate
laptop,Lenovo,Legion 5,buttons physically broken,Physical damage,Chassis;Hinges;Case;Frame,50,83.1,Intermediate
laptop,Lenovo,Legion 5,housing cracked from impact,Physical damage,Chassis;Hinges;Case;Frame,51,83.5,Intermediate
laptop,Lenovo,Legion 5,device dented from fall,Physical damage,Chassis;Hinges;Case;Frame,63,82.7,Intermediate
laptop,Lenovo,Legion 5,device powers on but no display,Motherboard failure,Motherboard;CPU;GPU;Chipset,159,68.7,Expert
laptop,Lenovo,Legion 5,random shutdowns motherboard issue,Motherboard failure,Motherboard;CPU;GPU;Chipset,149,67.6,Expert
laptop,Lenovo,Legion 5,short circuit smell burning,Motherboard failure,Motherboard;CPU;GPU;Chipset,160,60.7,Expert
laptop,Lenovo,Legion 5,no boot beep codes,Motherboard failure,Motherboard;CPU;GPU;Chipset,147,63.1,Expert
laptop,Lenovo,Legion 5,device turns on for few seconds then dies,Motherboard failure,Motherboard;CPU;GPU;Chipset,150,64.9,Expert
laptop,Asus,ZenBook,won't turn on no power black screen,Power supply failure,Power adapter;Battery;Motherboard;Power jack,52,85.3,Intermediate
laptop,Asus,ZenBook,completely dead not responding to power button,Power supply failure,Power adapter;Battery;Motherboard;Power jack,55,92.9,Intermediate
laptop,Asus,ZenBook,no lights no signs of life,Power supply failure,Power adapter;Battery;Motherboard;Power jack,50,91.5,Intermediate
laptop,Asus,ZenBook,power button not working device dead,Power supply failure,Power adapter;Battery;Motherboard;Power jack,50,92.3,Intermediate
laptop,Asus,ZenBook,tried charging overnight still won't turn on,Power supply failure,Power adapter;Battery;Motherboard;Power jack,65,90.9,Intermediate
laptop,Asus,ZenBook,dead battery not charging,Battery failure,Battery;Charging port;Battery connector,40,96.5,Beginner
laptop,Asus,ZenBook,battery drains very fast only lasts 30 minutes,Battery failure,Battery;Charging port;Battery connector,45,92.7,Beginner
laptop,Asus,ZenBook,charging but percentage not increasing,Battery failure,Battery;Charging port;Battery connector,41,93.7,Beginner
laptop,Asus,ZenBook,battery swollen device bulging,Battery failure,Battery;Charging port;Battery connector,36,90.9,Beginner
laptop,Asus,ZenBook,shows charging but battery percentage drops,Battery failure,Battery;Charging port;Battery connector,37,99.3,Beginner
laptop,Asus,ZenBook,screen cracked broken display,Screen damage,Display;LCD panel;Touch digitizer;Display cable,67,93.7,Advanced
laptop,Asus,ZenBook,display shattered touch not working,Screen damage,Display;LCD panel;Touch digitizer;Display cable,79,92.1,Advanced
laptop,Asus,ZenBook,black spots on screen after drop,Screen damage,Display;LCD panel;Touch digitizer;Display cable,75,93.5,Advanced
laptop,Asus,ZenBook,screen flickering lines across display,Screen damage,Display;LCD panel;Touch digitizer;Display cable,78,94.4,Advanced
laptop,Asus,ZenBook,half screen not working after fall,Screen damage,Display;LCD panel;Touch digitizer;Display cable,77,99.7,Advanced
laptop,Asus,ZenBook,screen stays black but device is on,Display malfunction,Display cable;LCD panel;Inverter board;Backlight,52,88.5,Intermediate
laptop,Asus,ZenBook,display very dim can barely see anything,Display malfunction,Display cable;LCD panel;Inverter board;Backlight,59,87.1,Intermediate
laptop,Asus,ZenBook,screen flickers when moving lid,Display malfunction,Display cable;LCD panel;Inverter board;Backlight,51,81.6,Intermediate
laptop,Asus,ZenBook,vertical lines on display,Display malfunction,Display cable;LCD panel;Inverter board;Backlight,62,84.8,Intermediate
laptop,Asus,ZenBook,screen goes black randomly,Display malfunction,Display cable;LCD panel;Inverter board;Backlight,50,80.9,Intermediate
laptop,Asus,ZenBook,slow performance lag freezing,Software issue,RAM;SSD;Operating system;Drivers,96,80.3,Intermediate
laptop,Asus,ZenBook,apps crash constantly won't stay open,Software issue,RAM;SSD;Operating system;Drivers,81,80.9,Intermediate
laptop,Asus,ZenBook,system freezes need to force restart,Software issue,RAM;SSD;Operating system;Drivers,96,80.8,Intermediate
laptop,Asus,ZenBook,very slow takes forever to open anything,Software issue,RAM;SSD;Operating system;Drivers,91,83.9,Intermediate
laptop,Asus,ZenBook,keeps restarting on its own,Software issue,RAM;SSD;Operating system;Drivers,87,89.2,Intermediate
laptop,Asus,ZenBook,overheating fan loud hot,Cooling system failure,Fan;Heat sink;Thermal paste;Cooling system,53,84.2,Intermediate
laptop,Asus,ZenBook,device gets extremely hot can't touch it,Cooling system failure,Fan;Heat sink;Thermal paste;Cooling system,58,90.8,Intermediate
laptop,Asus,ZenBook,fan running at full speed very noisy,Cooling system failure,Fan;Heat sink;Thermal paste;Cooling system,56,83.2,Intermediate
laptop,Asus,ZenBook,shuts down due to overheating,Cooling system failure,Fan;Heat sink;Thermal paste;Cooling system,50,89.3,Intermediate
laptop,Asus,ZenBook,bottom gets burning hot during use,Cooling system failure,Fan;Heat sink;Thermal paste;Cooling system,68,83.6,Intermediate
laptop,Asus,ZenBook,wifi not connecting no internet,Network failure,Wifi card;Network drivers;Antenna;Bluetooth module,34,91.4,Beginner
laptop,Asus,ZenBook,bluetooth won't turn on greyed out,Network failure,Wifi card;Network drivers;Antenna;Bluetooth module,32,91.3,Beginner
laptop,Asus,ZenBook,wifi keeps disconnecting every few minutes,Network failure,Wifi card;Network drivers;Antenna;Bluetooth module,36,96.7,Beginner
laptop,Asus,ZenBook,can't find any wifi networks,Network failure,Wifi card;Network drivers;Antenna;Bluetooth module,23,96.3,Beginner
laptop,Asus,ZenBook,network adapter not detected,Network failure,Wifi card;Network drivers;Antenna;Bluetooth module,27,91.7,Beginner
laptop,Asus,ZenBook,keyboard not working some keys,Keyboard failure,Keyboard;Ribbon cable;Keyboard controller,38,89.8,Intermediate
laptop,Asus,ZenBook,several keys don't respond when pressed,Keyboard failure,Keyboard;Ribbon cable;Keyboard controller,42,93.4,Intermediate
laptop,Asus,ZenBook,keyboard types wrong characters,Keyboard failure,Keyboard;Ribbon cable;Keyboard controller,46,94.8,Intermediate
laptop,Asus,ZenBook,spacebar and enter key not working,Keyboard failure,Keyboard;Ribbon cable;Keyboard controller,35,86.0,Intermediate
laptop,Asus,ZenBook,liquid spilled on keyboard not working,Keyboard failure,Keyboard;Ribbon cable;Keyboard controller,47,92.4,Intermediate
laptop,Asus,ZenBook,no sound speaker audio issue,Audio failure,Speakers;Audio jack;Audio drivers;Sound card,21,89.3,Beginner
laptop,Asus,ZenBook,speakers crackling distorted sound,Audio failure,Speakers;Audio jack;Audio drivers;Sound card,27,81.6,Beginner
laptop,Asus,ZenBook,microphone not working during calls,Audio failure,Speakers;Audio jack;Audio drivers;Sound card,40,88.0,Beginner
laptop,Asus,ZenBook,audio only works with headphones,Audio failure,Speakers;Audio jack;Audio drivers;Sound card,30,80.7,Beginner
laptop,Asus,ZenBook,one speaker not working,Audio failure,Speakers;Audio jack;Audio drivers;Sound card,20,89.4,Beginner
laptop,Asus,ZenBook,usb ports not working,USB failure,USB ports;Motherboard;USB controller,38,87.7,Intermediate
laptop,Asus,ZenBook,usb devices not recognized,USB failure,USB ports;Motherboard;USB controller,50,83.1,Intermediate
laptop,Asus,ZenBook,charging port loose not connecting properly,USB failure,USB ports;Motherboard;USB controller,45,91.1,Intermediate
laptop,Asus,ZenBook,usb port physically damaged,USB failure,USB ports;Motherboard;USB controller,46,85.3,Intermediate
laptop,Asus,ZenBook,some usb ports work others don't,USB failure,USB ports;Motherboard;USB controller,40,88.0,Intermediate
laptop,Asus,ZenBook,camera not working,Camera failure,Webcam;Camera cable;Camera drivers,43,90.7,Intermediate
laptop,Asus,ZenBook,camera shows black screen,Camera failure,Webcam;Camera cable;Camera drivers,49,88.9,Intermediate
laptop,Asus,ZenBook,camera blurry won't focus,Camera failure,Webcam;Camera cable;Camera drivers,55,86.7,Intermediate
laptop,Asus,ZenBook,front camera works but rear camera doesn't,Camera failure,Webcam;Camera cable;Camera drivers,41,84.5,Intermediate
laptop,Asus,ZenBook,camera app crashes when opened,Camera failure,Webcam;Camera cable;Camera drivers,53,87.2,Intermediate
laptop,Asus,ZenBook,hard drive not detected,Storage failure,SSD;HDD;Storage controller;SATA cable,85,67.9,Advanced
laptop,Asus,ZenBook,storage full can't save anything,Storage failure,SSD;HDD;Storage controller;SATA cable,65,67.4,Advanced
laptop,Asus,ZenBook,ssd failed system won't boot,Storage failure,SSD;HDD;Storage controller;SATA cable,71,74.0,Advanced
laptop,Asus,ZenBook,corrupted storage data loss,Storage failure,SSD;HDD;Storage controller;SATA cable,67,65.7,Advanced
laptop,Asus,ZenBook,disk errors constant warnings,Storage failure,SSD;HDD;Storage controller;SATA cable,71,71.9,Advanced
laptop,Asus,ZenBook,dropped in water won't turn on,Water damage,Motherboard;Keyboard;Battery;Display,119,62.7,Expert
laptop,Asus,ZenBook,liquid damage corrosion visible,Water damage,Motherboard;Keyboard;Battery;Display,111,58.9,Expert
laptop,Asus,ZenBook,water indicator triggered device wet,Water damage,Motherboard;Keyboard;Battery;Display,120,55.9,Expert
laptop,Asus,ZenBook,coffee spilled on device not working,Water damage,Motherboard;Keyboard;Battery;Display,111,64.1,Expert
laptop,Asus,ZenBook,moisture inside screen foggy display,Water damage,Motherboard;Keyboard;Battery;Display,113,56.7,Expert
laptop,Asus,ZenBook,dropped device cracked case,Physical damage,Chassis;Hinges;Case;Frame,58,79.5,Intermediate
laptop,Asus,ZenBook,bent frame after sitting on it,Physical damage,Chassis;Hinges;Case;Frame,67,79.5,Intermediate
laptop,Asus,ZenBook,buttons physically broken,Physical damage,Chassis;Hinges;Case;Frame,63,80.3,Intermediate
laptop,Asus,ZenBook,housing cracked from impact,Physical damage,Chassis;Hinges;Case;Frame,70,84.8,Intermediate
laptop,Asus,ZenBook,device dented from fall,Physical damage,Chassis;Hinges;Case;Frame,64,79.4,Intermediate
laptop,Asus,ZenBook,device powers on but no display,Motherboard failure,Motherboard;CPU;GPU;Chipset,147,66.0,Expert
laptop,Asus,ZenBook,random shutdowns motherboard issue,Motherboard failure,Motherboard;CPU;GPU;Chipset,160,69.8,Expert
laptop,Asus,ZenBook,short circuit smell burning,Motherboard failure,Motherboard;CPU;GPU;Chipset,157,69.3,Expert
laptop,Asus,ZenBook,no boot beep codes,Motherboard failure,Motherboard;CPU;GPU;Chipset,146,68.9,Expert
laptop,Asus,ZenBook,device turns on for few seconds then dies,Motherboard failure,Motherboard;CPU;GPU;Chipset,153,63.2,Expert
smartphone,Apple,iPhone 12,won't turn on no power black screen,Power supply failure,Battery;Charging port;Logic board;Power IC,51,85.5,Intermediate
smartphone,Apple,iPhone 12,completely dead not responding to power button,Power supply failure,Battery;Charging port;Logic board;Power IC,70,90.8,Intermediate
smartphone,Apple,iPhone 12,no lights no signs of life,Power supply failure,Battery;Charging port;Logic board;Power IC,62,87.3,Intermediate
smartphone,Apple,iPhone 12,power button not working device dead,Power supply failure,Battery;Charging port;Logic board;Power IC,70,89.1,Intermediate
smartphone,Apple,iPhone 12,tried charging overnight still won't turn on,Power supply failure,Battery;Charging port;Logic board;Power IC,59,87.1,Intermediate
smartphone,Apple,iPhone 12,dead battery not charging,Battery failure,Battery;Charging port;Charging IC,46,94.4,Beginner
smartphone,Apple,iPhone 12,battery drains very fast only lasts 30 minutes,Battery failure,Battery;Charging port;Charging IC,37,93.0,Beginner
smartphone,Apple,iPhone 12,charging but percentage not increasing,Battery failure,Battery;Charging port;Charging IC,42,99.8,Beginner
smartphone,Apple,iPhone 12,battery swollen device bulging,Battery failure,Battery;Charging port;Charging IC,36,93.6,Beginner
smartphone,Apple,iPhone 12,shows charging but battery percentage drops,Battery failure,Battery;Charging port;Charging IC,55,93.6,Beginner
smartphone,Apple,iPhone 12,screen cracked broken display,Screen damage,Display;Touch screen;Digitizer;OLED panel,70,98.5,Advanced
smartphone,Apple,iPhone 12,display shattered touch not working,Screen damage,Display;Touch screen;Digitizer;OLED panel,72,90.1,Advanced
smartphone,Apple,iPhone 12,black spots on screen after drop,Screen damage,Display;Touch screen;Digitizer;OLED panel,84,92.3,Advanced
smartphone,Apple,iPhone 12,screen flickering lines across display,Screen damage,Display;Touch screen;Digitizer;OLED panel,79,96.0,Advanced
smartphone,Apple,iPhone 12,half screen not working after fall,Screen damage,Display;Touch screen;Digitizer;OLED panel,85,96.7,Advanced
smartphone,Apple,iPhone 12,screen stays black but device is on,Display malfunction,Display connector;Display IC;Flex cable,59,89.7,Intermediate
smartphone,Apple,iPhone 12,display very dim can barely see anything,Display malfunction,Display connector;Display IC;Flex cable,62,83.2,Intermediate
smartphone,Apple,iPhone 12,screen flickers when moving lid,Display malfunction,Display connector;Display IC;Flex cable,61,81.7,Intermediate
smartphone,Apple,iPhone 12,vertical lines on display,Display malfunction,Display connector;Display IC;Flex cable,70,84.1,Intermediate
smartphone,Apple,iPhone 12,screen goes black randomly,Display malfunction,Display connector;Display IC;Flex cable,66,89.2,Intermediate
smartphone,Apple,iPhone 12,slow performance lag freezing,Software issue,RAM;Storage;Operating system;System apps,95,85.0,Intermediate
smartphone,Apple,iPhone 12,apps crash constantly won't stay open,Software issue,RAM;Storage;Operating system;System apps,82,85.9,Intermediate
smartphone,Apple,iPhone 12,system freezes need to force restart,Software issue,RAM;Storage;Operating system;System apps,82,88.2,Intermediate
smartphone,Apple,iPhone 12,very slow takes forever to open anything,Software issue,RAM;Storage;Operating system;System apps,87,80.4,Intermediate
smartphone,Apple,iPhone 12,keeps restarting on its own,Software issue,RAM;Storage;Operating system;System apps,98,81.1,Intermediate
smartphone,Apple,iPhone 12,overheating fan loud hot,Cooling system failure,Thermal sensor;Processor;Battery,67,90.5,Intermediate
smartphone,Apple,iPhone 12,device gets extremely hot can't touch it,Cooling system failure,Thermal sensor;Processor;Battery,65,83.9,Intermediate
smartphone,Apple,iPhone 12,fan running at full speed very noisy,Cooling system failure,Thermal sensor;Processor;Battery,61,86.5,Intermediate
smartphone,Apple,iPhone 12,shuts down due to overheating,Cooling system failure,Thermal sensor;Processor;Battery,62,88.4,Intermediate
smartphone,Apple,iPhone 12,bottom gets burning hot during use,Cooling system failure,Thermal sensor;Processor;Battery,64,91.6,Intermediate
smartphone,Apple,iPhone 12,wifi not connecting no internet,Network failure,Wifi chip;Antenna;Network IC,38,90.9,Beginner
smartphone,Apple,iPhone 12,bluetooth won't turn on greyed out,Network failure,Wifi chip;Antenna;Network IC,28,93.0,Beginner
smartphone,Apple,iPhone 12,wifi keeps disconnecting every few minutes,Network failure,Wifi chip;Antenna;Network IC,35,87.4,Beginner
smartphone,Apple,iPhone 12,can't find any wifi networks,Network failure,Wifi chip;Antenna;Network IC,38,94.7,Beginner
smartphone,Apple,iPhone 12,network adapter not detected,Network failure,Wifi chip;Antenna;Network IC,37,87.6,Beginner
smartphone,Apple,iPhone 12,touch screen not working,Touch failure,Digitizer;Touch IC;Display connector,42,86.4,Intermediate
smartphone,Apple,iPhone 12,touch not responding after screen replacement,Touch failure,Digitizer;Touch IC;Display connector,38,78.4,Intermediate
smartphone,Apple,iPhone 12,ghost touches screen taps by itself,Touch failure,Digitizer;Touch IC;Display connector,52,85.2,Intermediate
smartphone,Apple,iPhone 12,touch works only in some areas,Touch failure,Digitizer;Touch IC;Display connector,43,79.3,Intermediate
smartphone,Apple,iPhone 12,multitouch not working,Touch failure,Digitizer;Touch IC;Display connector,54,86.4,Intermediate
smartphone,Apple,iPhone 12,no sound speaker audio issue,Audio failure,Speakers;Microphone;Audio IC,36,82.7,Beginner
smartphone,Apple,iPhone 12,speakers crackling distorted sound,Audio failure,Speakers;Microphone;Audio IC,23,85.5,Beginner
smartphone,Apple,iPhone 12,microphone not working during calls,Audio failure,Speakers;Microphone;Audio IC,23,82.9,Beginner
smartphone,Apple,iPhone 12,audio only works with headphones,Audio failure,Speakers;Microphone;Audio IC,29,89.7,Beginner
smartphone,Apple,iPhone 12,one speaker not working,Audio failure,Speakers;Microphone;Audio IC,33,89.2,Beginner
smartphone,Apple,iPhone 12,usb ports not working,USB failure,USB-C port;Charging port;Port connector,43,87.5,Intermediate
smartphone,Apple,iPhone 12,usb devices not recognized,USB failure,USB-C port;Charging port;Port connector,48,90.6,Intermediate
smartphone,Apple,iPhone 12,charging port loose not connecting properly,USB failure,USB-C port;Charging port;Port connector,42,86.9,Intermediate
smartphone,Apple,iPhone 12,usb port physically damaged,USB failure,USB-C port;Charging port;Port connector,46,90.5,Intermediate
smartphone,Apple,iPhone 12,some usb ports work others don't,USB failure,USB-C port;Charging port;Port connector,36,85.5,Intermediate
smartphone,Apple,iPhone 12,camera not working,Camera failure,Camera module;Lens;Camera connector;Camera IC,44,90.4,Intermediate
smartphone,Apple,iPhone 12,camera shows black screen,Camera failure,Camera module;Lens;Camera connector;Camera IC,38,84.8,Intermediate
smartphone,Apple,iPhone 12,camera blurry won't focus,Camera failure,Camera module;Lens;Camera connector;Camera IC,46,82.9,Intermediate
smartphone,Apple,iPhone 12,front camera works but rear camera doesn't,Camera failure,Camera module;Lens;Camera connector;Camera IC,38,90.4,Intermediate
smartphone,Apple,iPhone 12,camera app crashes when opened,Camera failure,Camera module;Lens;Camera connector;Camera IC,47,84.7,Intermediate
smartphone,Apple,iPhone 12,hard drive not detected,Storage failure,NAND storage;Storage IC,80,68.4,Advanced
smartphone,Apple,iPhone 12,storage full can't save anything,Storage failure,NAND storage;Storage IC,83,68.7,Advanced
smartphone,Apple,iPhone 12,ssd failed system won't boot,Storage failure,NAND storage;Storage IC,80,71.2,Advanced
smartphone,Apple,iPhone 12,corrupted storage data loss,Storage failure,NAND storage;Storage IC,84,69.9,Advanced
smartphone,Apple,iPhone 12,disk errors constant warnings,Storage failure,NAND storage;Storage IC,76,73.3,Advanced
smartphone,Apple,iPhone 12,dropped in water won't turn on,Water damage,Logic board;Battery;Display;Charging port,124,58.4,Expert
smartphone,Apple,iPhone 12,liquid damage corrosion visible,Water damage,Logic board;Battery;Display;Charging port,128,56.1,Expert
smartphone,Apple,iPhone 12,water indicator triggered device wet,Water damage,Logic board;Battery;Display;Charging port,110,56.3,Expert
smartphone,Apple,iPhone 12,coffee spilled on device not working,Water damage,Logic board;Battery;Display;Charging port,123,58.9,Expert
smartphone,Apple,iPhone 12,moisture inside screen foggy display,Water damage,Logic board;Battery;Display;Charging port,129,59.5,Expert
smartphone,Apple,iPhone 12,dropped device cracked case,Physical damage,Back glass;Frame;Housing,67,79.6,Intermediate
smartphone,Apple,iPhone 12,bent frame after sitting on it,Physical damage,Back glass;Frame;Housing,64,84.0,Intermediate
smartphone,Apple,iPhone 12,buttons physically broken,Physical damage,Back glass;Frame;Housing,59,81.2,Intermediate
smartphone,Apple,iPhone 12,housing cracked from impact,Physical damage,Back glass;Frame;Housing,61,75.8,Intermediate
smartphone,Apple,iPhone 12,device dented from fall,Physical damage,Back glass;Frame;Housing,62,82.9,Intermediate
smartphone,Apple,iPhone 12,device powers on but no display,Motherboard failure,Logic board;Processor;Power IC,140,66.5,Expert
smartphone,Apple,iPhone 12,random shutdowns motherboard issue,Motherboard failure,Logic board;Processor;Power IC,142,64.4,Expert
smartphone,Apple,iPhone 12,short circuit smell burning,Motherboard failure,Logic board;Processor;Power IC,160,68.6,Expert
smartphone,Apple,iPhone 12,no boot beep codes,Motherboard failure,Logic board;Processor;Power IC,153,63.8,Expert
smartphone,Apple,iPhone 12,device turns on for few seconds then dies,Motherboard failure,Logic board;Processor;Power IC,156,66.7,Expert
smartphone,Apple,iPhone 12,screen rotation not working,Sensor failure,Proximity sensor;Accelerometer;Gyroscope;Fingerprint sensor,36,76.1,Advanced
smartphone,Apple,iPhone 12,proximity sensor not working screen stays on,Sensor failure,Proximity sensor;Accelerometer;Gyroscope;Fingerprint sensor,54,74.2,Advanced
smartphone,Apple,iPhone 12,fingerprint sensor not recognizing,Sensor failure,Proximity sensor;Accelerometer;Gyroscope;Fingerprint sensor,54,71.1,Advanced
smartphone,Apple,iPhone 12,face id not working,Sensor failure,Proximity sensor;Accelerometer;Gyroscope;Fingerprint sensor,40,70.9,Advanced
smartphone,Apple,iPhone 12,heart rate sensor not detecting,Sensor failure,Proximity sensor;Accelerometer;Gyroscope;Fingerprint sensor,46,71.5,Advanced
smartphone,Samsung,Galaxy S21,won't turn on no power black screen,Power supply failure,Battery;Charging port;Logic board;Power IC,59,89.5,Intermediate
smartphone,Samsung,Galaxy S21,completely dead not responding to power button,Power supply failure,Battery;Charging port;Logic board;Power IC,61,90.7,Intermediate
smartphone,Samsung,Galaxy S21,no lights no signs of life,Power supply failure,Battery;Charging port;Logic board;Power IC,62,89.4,Intermediate
smartphone,Samsung,Galaxy S21,power button not working device dead,Power supply failure,Battery;Charging port;Logic board;Power IC,57,87.9,Intermediate
smartphone,Samsung,Galaxy S21,tried charging overnight still won't turn on,Power supply failure,Battery;Charging port;Logic board;Power IC,53,88.0,Intermediate
smartphone,Samsung,Galaxy S21,dead battery not charging,Battery failure,Battery;Charging port;Charging IC,44,96.2,Beginner
smartphone,Samsung,Galaxy S21,battery drains very fast only lasts 30 minutes,Battery failure,Battery;Charging port;Charging IC,38,95.8,Beginner
smartphone,Samsung,Galaxy S21,charging but percentage not increasing,Battery failure,Battery;Charging port;Charging IC,46,99.8,Beginner
smartphone,Samsung,Galaxy S21,battery swollen device bulging,Battery failure,Battery;Charging port;Charging IC,45,93.5,Beginner
smartphone,Samsung,Galaxy S21,shows charging but battery percentage drops,Battery failure,Battery;Charging port;Charging IC,49,92.4,Beginner
smartphone,Samsung,Galaxy S21,screen cracked broken display,Screen damage,Display;Touch screen;Digitizer;OLED panel,71,96.4,Advanced
smartphone,Samsung,Galaxy S21,display shattered touch not working,Screen damage,Display;Touch screen;Digitizer;OLED panel,80,98.0,Advanced
smartphone,Samsung,Galaxy S21,black spots on screen after drop,Screen damage,Display;Touch screen;Digitizer;OLED panel,82,98.6,Advanced
smartphone,Samsung,Galaxy S21,screen flickering lines across display,Screen damage,Display;Touch screen;Digitizer;OLED panel,80,90.2,Advanced
smartphone,Samsung,Galaxy S21,half screen not working after fall,Screen damage,Display;Touch screen;Digitizer;OLED panel,72,93.7,Advanced
smartphone,Samsung,Galaxy S21,screen stays black but device is on,Display malfunction,Display connector;Display IC;Flex cable,54,80.2,Intermediate
smartphone,Samsung,Galaxy S21,display very dim can barely see anything,Display malfunction,Display connector;Display IC;Flex cable,64,84.8,Intermediate
smartphone,Samsung,Galaxy S21,screen flickers when moving lid,Display malfunction,Display connector;Display IC;Flex cable,65,82.1,Intermediate
smartphone,Samsung,Galaxy S21,vertical lines on display,Display malfunction,Display connector;Display IC;Flex cable,67,81.4,Intermediate
smartphone,Samsung,Galaxy S21,screen goes black randomly,Display malfunction,Display connector;Display IC;Flex cable,69,82.0,Intermediate
smartphone,Samsung,Galaxy S21,slow performance lag freezing,Software issue,RAM;Storage;Operating system;System apps,89,81.5,Intermediate
smartphone,Samsung,Galaxy S21,apps crash constantly won't stay open,Software issue,RAM;Storage;Operating system;System apps,90,87.2,Intermediate
smartphone,Samsung,Galaxy S21,system freezes need to force restart,Software issue,RAM;Storage;Operating system;System apps,86,84.8,Intermediate
smartphone,Samsung,Galaxy S21,very slow takes forever to open anything,Software issue,RAM;Storage;Operating system;System apps,95,84.9,Intermediate
smartphone,Samsung,Galaxy S21,keeps restarting on its own,Software issue,RAM;Storage;Operating system;System apps,89,82.2,Intermediate
smartphone,Samsung,Galaxy S21,overheating fan loud hot,Cooling system failure,Thermal sensor;Processor;Battery,50,86.4,Intermediate
smartphone,Samsung,Galaxy S21,device gets extremely hot can't touch it,Cooling system failure,Thermal sensor;Processor;Battery,51,87.9,Intermediate
smartphone,Samsung,Galaxy S21,fan running at full speed very noisy,Cooling system failure,Thermal sensor;Processor;Battery,66,85.2,Intermediate
smartphone,Samsung,Galaxy S21,shuts down due to overheating,Cooling system failure,Thermal sensor;Processor;Battery,62,86.9,Intermediate
smartphone,Samsung,Galaxy S21,bottom gets burning hot during use,Cooling system failure,Thermal sensor;Processor;Battery,53,89.6,Intermediate
smartphone,Samsung,Galaxy S21,wifi not connecting no internet,Network failure,Wifi chip;Antenna;Network IC,25,88.4,Beginner
smartphone,Samsung,Galaxy S21,bluetooth won't turn on greyed out,Network failure,Wifi chip;Antenna;Network IC,39,87.6,Beginner
smartphone,Samsung,Galaxy S21,wifi keeps disconnecting every few minutes,Network failure,Wifi chip;Antenna;Network IC,23,93.6,Beginner
smartphone,Samsung,Galaxy S21,can't find any wifi networks,Network failure,Wifi chip;Antenna;Network IC,40,93.7,Beginner
smartphone,Samsung,Galaxy S21,network adapter not detected,Network failure,Wifi chip;Antenna;Network IC,20,87.2,Beginner
smartphone,Samsung,Galaxy S21,touch screen not working,Touch failure,Digitizer;Touch IC;Display connector,43,80.6,Intermediate
smartphone,Samsung,Galaxy S21,touch not responding after screen replacement,Touch failure,Digitizer;Touch IC;Display connector,46,80.1,Intermediate
smartphone,Samsung,Galaxy S21,ghost touches screen taps by itself,Touch failure,Digitizer;Touch IC;Display connector,55,83.8,Intermediate
smartphone,Samsung,Galaxy S21,touch works only in some areas,Touch failure,Digitizer;Touch IC;Display connector,42,79.0,Intermediate
smartphone,Samsung,Galaxy S21,multitouch not working,Touch failure,Digitizer;Touch IC;Display connector,44,78.4,Intermediate
smartphone,Samsung,Galaxy S21,no sound speaker audio issue,Audio failure,Speakers;Microphone;Audio IC,38,89.0,Beginner
smartphone,Samsung,Galaxy S21,speakers crackling distorted sound,Audio failure,Speakers;Microphone;Audio IC,37,82.7,Beginner
smartphone,Samsung,Galaxy S21,microphone not working during calls,Audio failure,Speakers;Microphone;Audio IC,40,85.0,Beginner
smartphone,Samsung,Galaxy S21,audio only works with headphones,Audio failure,Speakers;Microphone;Audio IC,28,83.7,Beginner
smartphone,Samsung,Galaxy S21,one speaker not working,Audio failure,Speakers;Microphone;Audio IC,27,84.5,Beginner
smartphone,Samsung,Galaxy S21,usb ports not working,USB failure,USB-C port;Charging port;Port connector,47,87.7,Intermediate
smartphone,Samsung,Galaxy S21,usb devices not recognized,USB failure,USB-C port;Charging port;Port connector,51,90.5,Intermediate
smartphone,Samsung,Galaxy S21,charging port loose not connecting properly,USB failure,USB-C port;Charging port;Port connector,48,91.9,Intermediate
smartphone,Samsung,Galaxy S21,usb port physically damaged,USB failure,USB-C port;Charging port;Port connector,44,91.3,Intermediate
smartphone,Samsung,Galaxy S21,some usb ports work others don't,USB failure,USB-C port;Charging port;Port connector,39,91.0,Intermediate
smartphone,Samsung,Galaxy S21,camera not working,Camera failure,Camera module;Lens;Camera connector;Camera IC,36,82.6,Intermediate
smartphone,Samsung,Galaxy S21,camera shows black screen,Camera failure,Camera module;Lens;Camera connector;Camera IC,48,83.6,Intermediate
smartphone,Samsung,Galaxy S21,camera blurry won't focus,Camera failure,Camera module;Lens;Camera connector;Camera IC,45,86.5,Intermediate
smartphone,Samsung,Galaxy S21,front camera works but rear camera doesn't,Camera failure,Camera module;Lens;Camera connector;Camera IC,43,82.9,Intermediate
smartphone,Samsung,Galaxy S21,camera app crashes when opened,Camera failure,Camera module;Lens;Camera connector;Camera IC,35,90.0,Intermediate
smartphone,Samsung,Galaxy S21,hard drive not detected,Storage failure,NAND storage;Storage IC,72,69.3,Advanced
smartphone,Samsung,Galaxy S21,storage full can't save anything,Storage failure,NAND storage;Storage IC,67,74.1,Advanced
smartphone,Samsung,Galaxy S21,ssd failed system won't boot,Storage failure,NAND storage;Storage IC,80,66.6,Advanced
smartphone,Samsung,Galaxy S21,corrupted storage data loss,Storage failure,NAND storage;Storage IC,84,66.8,Advanced
smartphone,Samsung,Galaxy S21,disk errors constant warnings,Storage failure,NAND storage;Storage IC,70,68.5,Advanced
smartphone,Samsung,Galaxy S21,dropped in water won't turn on,Water damage,Logic board;Battery;Display;Charging port,114,57.6,Expert
smartphone,Samsung,Galaxy S21,liquid damage corrosion visible,Water damage,Logic board;Battery;Display;Charging port,125,57.2,Expert
smartphone,Samsung,Galaxy S21,water indicator triggered device wet,Water damage,Logic board;Battery;Display;Charging port,120,56.7,Expert
smartphone,Samsung,Galaxy S21,coffee spilled on device not working,Water damage,Logic board;Battery;Display;Charging port,126,61.2,Expert
smartphone,Samsung,Galaxy S21,moisture inside screen foggy display,Water damage,Logic board;Battery;Display;Charging port,123,57.4,Expert
smartphone,Samsung,Galaxy S21,dropped device cracked case,Physical damage,Back glass;Frame;Housing,70,75.6,Intermediate
smartphone,Samsung,Galaxy S21,bent frame after sitting on it,Physical damage,Back glass;Frame;Housing,57,83.4,Intermediate
smartphone,Samsung,Galaxy S21,buttons physically broken,Physical damage,Back glass;Frame;Housing,65,81.8,Intermediate
smartphone,Samsung,Galaxy S21,housing cracked from impact,Physical damage,Back glass;Frame;Housing,58,78.5,Intermediate
smartphone,Samsung,Galaxy S21,device dented from fall,Physical damage,Back glass;Frame;Housing,56,83.7,Intermediate
smartphone,Samsung,Galaxy S21,device powers on but no display,Motherboard failure,Logic board;Processor;Power IC,150,67.4,Expert
smartphone,Samsung,Galaxy S21,random shutdowns motherboard issue,Motherboard failure,Logic board;Processor;Power IC,141,60.9,Expert
smartphone,Samsung,Galaxy S21,short circuit smell burning,Motherboard failure,Logic board;Processor;Power IC,158,63.1,Expert
smartphone,Samsung,Galaxy S21,no boot beep codes,Motherboard failure,Logic board;Processor;Power IC,155,67.4,Expert
smartphone,Samsung,Galaxy S21,device turns on for few seconds then dies,Motherboard failure,Logic board;Processor;Power IC,156,66.6,Expert
smartphone,Samsung,Galaxy S21,screen rotation not working,Sensor failure,Proximity sensor;Accelerometer;Gyroscope;Fingerprint sensor,41,71.9,Advanced
smartphone,Samsung,Galaxy S21,proximity sensor not working screen stays on,Sensor failure,Proximity sensor;Accelerometer;Gyroscope;Fingerprint sensor,41,76.8,Advanced
smartphone,Samsung,Galaxy S21,fingerprint sensor not recognizing,Sensor failure,Proximity sensor;Accelerometer;Gyroscope;Fingerprint sensor,54,75.0,Advanced
smartphone,Samsung,Galaxy S21,face id not working,Sensor failure,Proximity sensor;Accelerometer;Gyroscope;Fingerprint sensor,40,80.0,Advanced
smartphone,Samsung,Galaxy S21,heart rate sensor not detecting,Sensor failure,Proximity sensor;Accelerometer;Gyroscope;Fingerprint sensor,48,75.7,Advanced
smartphone,Google,Pixel 6,won't turn on no power black screen,Power supply failure,Battery;Charging port;Logic board;Power IC,69,94.1,Intermediate
smartphone,Google,Pixel 6,completely dead not responding to power button,Power supply failure,Battery;Charging port;Logic board;Power IC,57,94.7,Intermediate
smartphone,Google,Pixel 6,no lights no signs of life,Power supply failure,Battery;Charging port;Logic board;Power IC,61,90.9,Intermediate
smartphone,Google,Pixel 6,power button not working device dead,Power supply failure,Battery;Charging port;Logic board;Power IC,65,94.3,Intermediate
smartphone,Google,Pixel 6,tried charging overnight still won't turn on,Power supply failure,Battery;Charging port;Logic board;Power IC,59,92.0,Intermediate
smartphone,Google,Pixel 6,dead battery not charging,Battery failure,Battery;Charging port;Charging IC,49,96.9,Beginner
smartphone,Google,Pixel 6,battery drains very fast only lasts 30 minutes,Battery failure,Battery;Charging port;Charging IC,41,99.3,Beginner
smartphone,Google,Pixel 6,charging but percentage not increasing,Battery failure,Battery;Charging port;Charging IC,49,98.5,Beginner
smartphone,Google,Pixel 6,battery swollen device bulging,Battery failure,Battery;Charging port;Charging IC,36,91.2,Beginner
smartphone,Google,Pixel 6,shows charging but battery percentage drops,Battery failure,Battery;Charging port;Charging IC,52,93.4,Beginner
smartphone,Google,Pixel 6,screen cracked broken display,Screen damage,Display;Touch screen;Digitizer;OLED panel,71,91.4,Advanced
smartphone,Google,Pixel 6,display shattered touch not working,Screen damage,Display;Touch screen;Digitizer;OLED panel,82,90.4,Advanced
smartphone,Google,Pixel 6,black spots on screen after drop,Screen damage,Display;Touch screen;Digitizer;OLED panel,75,90.6,Advanced
smartphone,Google,Pixel 6,screen flickering lines across display,Screen damage,Display;Touch screen;Digitizer;OLED panel,70,90.4,Advanced
smartphone,Google,Pixel 6,half screen not working after fall,Screen damage,Display;Touch screen;Digitizer;OLED panel,73,94.1,Advanced
smartphone,Google,Pixel 6,screen stays black but device is on,Display malfunction,Display connector;Display IC;Flex cable,64,84.3,Intermediate
smartphone,Google,Pixel 6,display very dim can barely see anything,Display malfunction,Display connector;Display IC;Flex cable,65,86.6,Intermediate
smartphone,Google,Pixel 6,screen flickers when moving lid,Display malfunction,Display connector;Display IC;Flex cable,58,80.7,Intermediate
smartphone,Google,Pixel 6,vertical lines on display,Display malfunction,Display connector;Display IC;Flex cable,54,89.5,Intermediate
smartphone,Google,Pixel 6,screen goes black randomly,Display malfunction,Display connector;Display IC;Flex cable,65,85.0,Intermediate
smartphone,Google,Pixel 6,slow performance lag freezing,Software issue,RAM;Storage;Operating system;System apps,83,86.1,Intermediate
smartphone,Google,Pixel 6,apps crash constantly won't stay open,Software issue,RAM;Storage;Operating system;System apps,82,80.1,Intermediate
smartphone,Google,Pixel 6,system freezes need to force restart,Software issue,RAM;Storage;Operating system;System apps,98,81.3,Intermediate
smartphone,Google,Pixel 6,very slow takes forever to open anything,Software issue,RAM;Storage;Operating system;System apps,92,80.8,Intermediate
smartphone,Google,Pixel 6,keeps restarting on its own,Software issue,RAM;Storage;Operating system;System apps,83,83.3,Intermediate
smartphone,Google,Pixel 6,overheating fan loud hot,Cooling system failure,Thermal sensor;Processor;Battery,52,88.6,Intermediate
smartphone,Google,Pixel 6,device gets extremely hot can't touch it,Cooling system failure,Thermal sensor;Processor;Battery,70,83.2,Intermediate
smartphone,Google,Pixel 6,fan running at full speed very noisy,Cooling system failure,Thermal sensor;Processor;Battery,56,92.3,Intermediate
smartphone,Google,Pixel 6,shuts down due to overheating,Cooling system failure,Thermal sensor;Processor;Battery,60,92.0,Intermediate
smartphone,Google,Pixel 6,bottom gets burning hot during use,Cooling system failure,Thermal sensor;Processor;Battery,68,85.4,Intermediate
smartphone,Google,Pixel 6,wifi not connecting no internet,Network failure,Wifi chip;Antenna;Network IC,28,87.2,Beginner
smartphone,Google,Pixel 6,bluetooth won't turn on greyed out,Network failure,Wifi chip;Antenna;Network IC,39,88.9,Beginner
smartphone,Google,Pixel 6,wifi keeps disconnecting every few minutes,Network failure,Wifi chip;Antenna;Network IC,30,91.5,Beginner
smartphone,Google,Pixel 6,can't find any wifi networks,Network failure,Wifi chip;Antenna;Network IC,24,93.2,Beginner
smartphone,Google,Pixel 6,network adapter not detected,Network failure,Wifi chip;Antenna;Network IC,29,89.4,Beginner
smartphone,Google,Pixel 6,touch screen not working,Touch failure,Digitizer;Touch IC;Display connector,43,77.4,Intermediate
smartphone,Google,Pixel 6,touch not responding after screen replacement,Touch failure,Digitizer;Touch IC;Display connector,43,81.2,Intermediate
smartphone,Google,Pixel 6,ghost touches screen taps by itself,Touch failure,Digitizer;Touch IC;Display connector,44,78.9,Intermediate
smartphone,Google,Pixel 6,touch works only in some areas,Touch failure,Digitizer;Touch IC;Display connector,42,77.4,Intermediate
smartphone,Google,Pixel 6,multitouch not working,Touch failure,Digitizer;Touch IC;Display connector,51,78.1,Intermediate
smartphone,Google,Pixel 6,no sound speaker audio issue,Audio failure,Speakers;Microphone;Audio IC,30,87.5,Beginner
smartphone,Google,Pixel 6,speakers crackling distorted sound,Audio failure,Speakers;Microphone;Audio IC,30,83.4,Beginner
smartphone,Google,Pixel 6,microphone not working during calls,Audio failure,Speakers;Microphone;Audio IC,22,82.4,Beginner
smartphone,Google,Pixel 6,audio only works with headphones,Audio failure,Speakers;Microphone;Audio IC,38,80.7,Beginner
smartphone,Google,Pixel 6,one speaker not working,Audio failure,Speakers;Microphone;Audio IC,30,81.9,Beginner
smartphone,Google,Pixel 6,usb ports not working,USB failure,USB-C port;Charging port;Port connector,43,88.6,Intermediate
smartphone,Google,Pixel 6,usb devices not recognized,USB failure,USB-C port;Charging port;Port connector,43,90.9,Intermediate
smartphone,Google,Pixel 6,charging port loose not connecting properly,USB failure,USB-C port;Charging port;Port connector,41,83.3,Intermediate
smartphone,Google,Pixel 6,usb port physically damaged,USB failure,USB-C port;Charging port;Port connector,43,89.9,Intermediate
smartphone,Google,Pixel 6,some usb ports work others don't,USB failure,USB-C port;Charging port;Port connector,48,84.5,Intermediate
smartphone,Google,Pixel 6,camera not working,Camera failure,Camera module;Lens;Camera connector;Camera IC,55,89.0,Intermediate
smartphone,Google,Pixel 6,camera shows black screen,Camera failure,Camera module;Lens;Camera connector;Camera IC,51,82.7,Intermediate
smartphone,Google,Pixel 6,camera blurry won't focus,Camera failure,Camera module;Lens;Camera connector;Camera IC,53,91.2,Intermediate
smartphone,Google,Pixel 6,front camera works but rear camera doesn't,Camera failure,Camera module;Lens;Camera connector;Camera IC,47,89.8,Intermediate
smartphone,Google,Pixel 6,camera app crashes when opened,Camera failure,Camera module;Lens;Camera connector;Camera IC,43,82.3,Intermediate
smartphone,Google,Pixel 6,hard drive not detected,Storage failure,NAND storage;Storage IC,83,69.7,Advanced
smartphone,Google,Pixel 6,storage full can't save anything,Storage failure,NAND storage;Storage IC,71,71.8,Advanced
smartphone,Google,Pixel 6,ssd failed system won't boot,Storage failure,NAND storage;Storage IC,71,68.6,Advanced
smartphone,Google,Pixel 6,corrupted storage data loss,Storage failure,NAND storage;Storage IC,85,67.2,Advanced
smartphone,Google,Pixel 6,disk errors constant warnings,Storage failure,NAND storage;Storage IC,66,73.0,Advanced
smartphone,Google,Pixel 6,dropped in water won't turn on,Water damage,Logic board;Battery;Display;Charging port,113,55.4,Expert
smartphone,Google,Pixel 6,liquid damage corrosion visible,Water damage,Logic board;Battery;Display;Charging port,117,56.7,Expert
smartphone,Google,Pixel 6,water indicator triggered device wet,Water damage,Logic board;Battery;Display;Charging port,118,61.9,Expert
smartphone,Google,Pixel 6,coffee spilled on device not working,Water damage,Logic board;Battery;Display;Charging port,114,62.0,Expert
smartphone,Google,Pixel 6,moisture inside screen foggy display,Water damage,Logic board;Battery;Display;Charging port,129,55.3,Expert
smartphone,Google,Pixel 6,dropped device cracked case,Physical damage,Back glass;Frame;Housing,52,80.6,Intermediate
smartphone,Google,Pixel 6,bent frame after sitting on it,Physical damage,Back glass;Frame;Housing,66,79.6,Intermediate
smartphone,Google,Pixel 6,buttons physically broken,Physical damage,Back glass;Frame;Housing,63,78.9,Intermediate
smartphone,Google,Pixel 6,housing cracked from impact,Physical damage,Back glass;Frame;Housing,59,82.2,Intermediate
smartphone,Google,Pixel 6,device dented from fall,Physical damage,Back glass;Frame;Housing,58,75.9,Intermediate
smartphone,Google,Pixel 6,device powers on but no display,Motherboard failure,Logic board;Processor;Power IC,150,69.0,Expert
smartphone,Google,Pixel 6,random shutdowns motherboard issue,Motherboard failure,Logic board;Processor;Power IC,151,69.0,Expert
smartphone,Google,Pixel 6,short circuit smell burning,Motherboard failure,Logic board;Processor;Power IC,151,63.6,Expert
smartphone,Google,Pixel 6,no boot beep codes,Motherboard failure,Logic board;Processor;Power IC,152,60.6,Expert
smartphone,Google,Pixel 6,device turns on for few seconds then dies,Motherboard failure,Logic board;Processor;Power IC,150,68.8,Expert
smartphone,Google,Pixel 6,screen rotation not working,Sensor failure,Proximity sensor;Accelerometer;Gyroscope;Fingerprint sensor,38,72.6,Advanced
smartphone,Google,Pixel 6,proximity sensor not working screen stays on,Sensor failure,Proximity sensor;Accelerometer;Gyroscope;Fingerprint sensor,38,70.1,Advanced
smartphone,Google,Pixel 6,fingerprint sensor not recognizing,Sensor failure,Proximity sensor;Accelerometer;Gyroscope;Fingerprint sensor,53,75.0,Advanced
smartphone,Google,Pixel 6,face id not working,Sensor failure,Proximity sensor;Accelerometer;Gyroscope;Fingerprint sensor,39,74.6,Advanced
smartphone,Google,Pixel 6,heart rate sensor not detecting,Sensor failure,Proximity sensor;Accelerometer;Gyroscope;Fingerprint sensor,37,79.3,Advanced
smartphone,OnePlus,9 Pro,won't turn on no power black screen,Power supply failure,Battery;Charging port;Logic board;Power IC,60,86.9,Intermediate
smartphone,OnePlus,9 Pro,completely dead not responding to power button,Power supply failure,Battery;Charging port;Logic board;Power IC,64,92.5,Intermediate
smartphone,OnePlus,9 Pro,no lights no signs of life,Power supply failure,Battery;Charging port;Logic board;Power IC,51,93.7,Intermediate
smartphone,OnePlus,9 Pro,power button not working device dead,Power supply failure,Battery;Charging port;Logic board;Power IC,68,92.1,Intermediate
smartphone,OnePlus,9 Pro,tried charging overnight still won't turn on,Power supply failure,Battery;Charging port;Logic board;Power IC,66,91.2,Intermediate
smartphone,OnePlus,9 Pro,dead battery not charging,Battery failure,Battery;Charging port;Charging IC,48,94.0,Beginner
smartphone,OnePlus,9 Pro,battery drains very fast only lasts 30 minutes,Battery failure,Battery;Charging port;Charging IC,50,95.7,Beginner
smartphone,OnePlus,9 Pro,charging but percentage not increasing,Battery failure,Battery;Charging port;Charging IC,35,99.3,Beginner
smartphone,OnePlus,9 Pro,battery swollen device bulging,Battery failure,Battery;Charging port;Charging IC,52,96.7,Beginner
smartphone,OnePlus,9 Pro,shows charging but battery percentage drops,Battery failure,Battery;Charging port;Charging IC,40,98.5,Beginner
smartphone,OnePlus,9 Pro,screen cracked broken display,Screen damage,Display;Touch screen;Digitizer;OLED panel,73,98.5,Advanced
smartphone,OnePlus,9 Pro,display shattered touch not working,Screen damage,Display;Touch screen;Digitizer;OLED panel,82,96.6,Advanced
smartphone,OnePlus,9 Pro,black spots on screen after drop,Screen damage,Display;Touch screen;Digitizer;OLED panel,77,99.3,Advanced
smartphone,OnePlus,9 Pro,screen flickering lines across display,Screen damage,Display;Touch screen;Digitizer;OLED panel,83,97.0,Advanced
smartphone,OnePlus,9 Pro,half screen not working after fall,Screen damage,Display;Touch screen;Digitizer;OLED panel,67,97.2,Advanced
smartphone,OnePlus,9 Pro,screen stays black but device is on,Display malfunction,Display connector;Display IC;Flex cable,59,82.0,Intermediate
smartphone,OnePlus,9 Pro,display very dim can barely see anything,Display malfunction,Display connector;Display IC;Flex cable,51,89.8,Intermediate
smartphone,OnePlus,9 Pro,screen flickers when moving lid,Display malfunction,Display connector;Display IC;Flex cable,52,89.4,Intermediate
smartphone,OnePlus,9 Pro,vertical lines on display,Display malfunction,Display connector;Display IC;Flex cable,55,84.4,Intermediate
smartphone,OnePlus,9 Pro,screen goes black randomly,Display malfunction,Display connector;Display IC;Flex cable,67,80.3,Intermediate
smartphone,OnePlus,9 Pro,slow performance lag freezing,Software issue,RAM;Storage;Operating system;System apps,94,84.6,Intermediate
smartphone,OnePlus,9 Pro,apps crash constantly won't stay open,Software issue,RAM;Storage;Operating system;System apps,94,82.2,Intermediate
smartphone,OnePlus,9 Pro,system freezes need to force restart,Software issue,RAM;Storage;Operating system;System apps,93,87.4,Intermediate
smartphone,OnePlus,9 Pro,very slow takes forever to open anything,Software issue,RAM;Storage;Operating system;System apps,94,81.9,Intermediate
smartphone,OnePlus,9 Pro,keeps restarting on its own,Software issue,RAM;Storage;Operating system;System apps,86,89.9,Intermediate
smartphone,OnePlus,9 Pro,overheating fan loud hot,Cooling system failure,Thermal sensor;Processor;Battery,63,92.8,Intermediate
smartphone,OnePlus,9 Pro,device gets extremely hot can't touch it,Cooling system failure,Thermal sensor;Processor;Battery,54,90.4,Intermediate
smartphone,OnePlus,9 Pro,fan running at full speed very noisy,Cooling system failure,Thermal sensor;Processor;Battery,62,90.9,Intermediate
smartphone,OnePlus,9 Pro,shuts down due to overheating,Cooling system failure,Thermal sensor;Processor;Battery,65,92.4,Intermediate
smartphone,OnePlus,9 Pro,bottom gets burning hot during use,Cooling system failure,Thermal sensor;Processor;Battery,67,87.6,Intermediate
smartphone,OnePlus,9 Pro,wifi not connecting no internet,Network failure,Wifi chip;Antenna;Network IC,22,95.8,Beginner
smartphone,OnePlus,9 Pro,bluetooth won't turn on greyed out,Network failure,Wifi chip;Antenna;Network IC,40,87.8,Beginner
smartphone,OnePlus,9 Pro,wifi keeps disconnecting every few minutes,Network failure,Wifi chip;Antenna;Network IC,31,95.3,Beginner
smartphone,OnePlus,9 Pro,can't find any wifi networks,Network failure,Wifi chip;Antenna;Network IC,30,96.4,Beginner
smartphone,OnePlus,9 Pro,network adapter not detected,Network failure,Wifi chip;Antenna;Network IC,38,93.0,Beginner
smartphone,OnePlus,9 Pro,touch screen not working,Touch failure,Digitizer;Touch IC;Display connector,44,78.8,Intermediate
smartphone,OnePlus,9 Pro,touch not responding after screen replacement,Touch failure,Digitizer;Touch IC;Display connector,54,81.8,Intermediate
smartphone,OnePlus,9 Pro,ghost touches screen taps by itself,Touch failure,Digitizer;Touch IC;Display connector,53,84.6,Intermediate
smartphone,OnePlus,9 Pro,touch works only in some areas,Touch failure,Digitizer;Touch IC;Display connector,53,81.3,Intermediate
smartphone,OnePlus,9 Pro,multitouch not working,Touch failure,Digitizer;Touch IC;Display connector,35,86.8,Intermediate
smartphone,OnePlus,9 Pro,no sound speaker audio issue,Audio failure,Speakers;Microphone;Audio IC,40,85.2,Beginner
smartphone,OnePlus,9 Pro,speakers crackling distorted sound,Audio failure,Speakers;Microphone;Audio IC,21,83.6,Beginner
smartphone,OnePlus,9 Pro,microphone not working during calls,Audio failure,Speakers;Microphone;Audio IC,31,90.0,Beginner
smartphone,OnePlus,9 Pro,audio only works with headphones,Audio failure,Speakers;Microphone;Audio IC,38,89.6,Beginner
smartphone,OnePlus,9 Pro,one speaker not working,Audio failure,Speakers;Microphone;Audio IC,38,83.2,Beginner
smartphone,OnePlus,9 Pro,usb ports not working,USB failure,USB-C port;Charging port;Port connector,52,89.1,Intermediate
smartphone,OnePlus,9 Pro,usb devices not recognized,USB failure,USB-C port;Charging port;Port connector,54,89.6,Intermediate
smartphone,OnePlus,9 Pro,charging port loose not connecting properly,USB failure,USB-C port;Charging port;Port connector,42,88.6,Intermediate
smartphone,OnePlus,9 Pro,usb port physically damaged,USB failure,USB-C port;Charging port;Port connector,47,90.6,Intermediate
smartphone,OnePlus,9 Pro,some usb ports work others don't,USB failure,USB-C port;Charging port;Port connector,42,82.2,Intermediate
smartphone,OnePlus,9 Pro,camera not working,Camera failure,Camera module;Lens;Camera connector;Camera IC,52,88.3,Intermediate
smartphone,OnePlus,9 Pro,camera shows black screen,Camera failure,Camera module;Lens;Camera connector;Camera IC,35,91.8,Intermediate
smartphone,OnePlus,9 Pro,camera blurry won't focus,Camera failure,Camera module;Lens;Camera connector;Camera IC,36,83.5,Intermediate
smartphone,OnePlus,9 Pro,front camera works but rear camera doesn't,Camera failure,Camera module;Lens;Camera connector;Camera IC,43,90.6,Intermediate
smartphone,OnePlus,9 Pro,camera app crashes when opened,Camera failure,Camera module;Lens;Camera connector;Camera IC,45,86.1,Intermediate
smartphone,OnePlus,9 Pro,hard drive not detected,Storage failure,NAND storage;Storage IC,67,70.3,Advanced
smartphone,OnePlus,9 Pro,storage full can't save anything,Storage failure,NAND storage;Storage IC,78,73.7,Advanced
smartphone,OnePlus,9 Pro,ssd failed system won't boot,Storage failure,NAND storage;Storage IC,71,65.3,Advanced
smartphone,OnePlus,9 Pro,corrupted storage data loss,Storage failure,NAND storage;Storage IC,73,66.9,Advanced
smartphone,OnePlus,9 Pro,disk errors constant warnings,Storage failure,NAND storage;Storage IC,72,65.4,Advanced
smartphone,OnePlus,9 Pro,dropped in water won't turn on,Water damage,Logic board;Battery;Display;Charging port,116,64.4,Expert
smartphone,OnePlus,9 Pro,liquid damage corrosion visible,Water damage,Logic board;Battery;Display;Charging port,127,59.4,Expert
smartphone,OnePlus,9 Pro,water indicator triggered device wet,Water damage,Logic board;Battery;Display;Charging port,117,61.3,Expert
smartphone,OnePlus,9 Pro,coffee spilled on device not working,Water damage,Logic board;Battery;Display;Charging port,122,62.1,Expert
smartphone,OnePlus,9 Pro,moisture inside screen foggy display,Water damage,Logic board;Battery;Display;Charging port,110,64.0,Expert
smartphone,OnePlus,9 Pro,dropped device cracked case,Physical damage,Back glass;Frame;Housing,65,84.2,Intermediate
smartphone,OnePlus,9 Pro,bent frame after sitting on it,Physical damage,Back glass;Frame;Housing,62,77.4,Intermediate
smartphone,OnePlus,9 Pro,buttons physically broken,Physical damage,Back glass;Frame;Housing,66,78.5,Intermediate
smartphone,OnePlus,9 Pro,housing cracked from impact,Physical damage,Back glass;Frame;Housing,58,81.6,Intermediate
smartphone,OnePlus,9 Pro,device dented from fall,Physical damage,Back glass;Frame;Housing,50,82.9,Intermediate
smartphone,OnePlus,9 Pro,device powers on but no display,Motherboard failure,Logic board;Processor;Power IC,159,65.0,Expert
smartphone,OnePlus,9 Pro,random shutdowns motherboard issue,Motherboard failure,Logic board;Processor;Power IC,143,65.6,Expert
smartphone,OnePlus,9 Pro,short circuit smell burning,Motherboard failure,Logic board;Processor;Power IC,141,69.1,Expert
smartphone,OnePlus,9 Pro,no boot beep codes,Motherboard failure,Logic board;Processor;Power IC,158,60.7,Expert
smartphone,OnePlus,9 Pro,device turns on for few seconds then dies,Motherboard failure,Logic board;Processor;Power IC,152,60.2,Expert
smartphone,OnePlus,9 Pro,screen rotation not working,Sensor failure,Proximity sensor;Accelerometer;Gyroscope;Fingerprint sensor,46,79.8,Advanced
smartphone,OnePlus,9 Pro,proximity sensor not working screen stays on,Sensor failure,Proximity sensor;Accelerometer;Gyroscope;Fingerprint sensor,36,71.0,Advanced
smartphone,OnePlus,9 Pro,fingerprint sensor not recognizing,Sensor failure,Proximity sensor;Accelerometer;Gyroscope;Fingerprint sensor,39,79.0,Advanced
smartphone,OnePlus,9 Pro,face id not working,Sensor failure,Proximity sensor;Accelerometer;Gyroscope;Fingerprint sensor,46,73.9,Advanced
smartphone,OnePlus,9 Pro,heart rate sensor not detecting,Sensor failure,Proximity sensor;Accelerometer;Gyroscope;Fingerprint sensor,54,77.4,Advanced
smartphone,Xiaomi,Note 10,won't turn on no power black screen,Power supply failure,Battery;Charging port;Logic board;Power IC,51,86.0,Intermediate
smartphone,Xiaomi,Note 10,completely dead not responding to power button,Power supply failure,Battery;Charging port;Logic board;Power IC,66,91.9,Intermediate
smartphone,Xiaomi,Note 10,no lights no signs of life,Power supply failure,Battery;Charging port;Logic board;Power IC,69,85.3,Intermediate
smartphone,Xiaomi,Note 10,power button not working device dead,Power supply failure,Battery;Charging port;Logic board;Power IC,67,94.8,Intermediate
smartphone,Xiaomi,Note 10,tried charging overnight still won't turn on,Power supply failure,Battery;Charging port;Logic board;Power IC,60,91.2,Intermediate
smartphone,Xiaomi,Note 10,dead battery not charging,Battery failure,Battery;Charging port;Charging IC,47,92.4,Beginner
smartphone,Xiaomi,Note 10,battery drains very fast only lasts 30 minutes,Battery failure,Battery;Charging port;Charging IC,51,90.0,Beginner
smartphone,Xiaomi,Note 10,charging but percentage not increasing,Battery failure,Battery;Charging port;Charging IC,41,94.9,Beginner
smartphone,Xiaomi,Note 10,battery swollen device bulging,Battery failure,Battery;Charging port;Charging IC,55,97.8,Beginner
smartphone,Xiaomi,Note 10,shows charging but battery percentage drops,Battery failure,Battery;Charging port;Charging IC,51,95.0,Beginner
smartphone,Xiaomi,Note 10,screen cracked broken display,Screen damage,Display;Touch screen;Digitizer;OLED panel,71,91.8,Advanced
smartphone,Xiaomi,Note 10,display shattered touch not working,Screen damage,Display;Touch screen;Digitizer;OLED panel,82,93.8,Advanced
smartphone,Xiaomi,Note 10,black spots on screen after drop,Screen damage,Display;Touch screen;Digitizer;OLED panel,72,98.7,Advanced
smartphone,Xiaomi,Note 10,screen flickering lines across display,Screen damage,Display;Touch screen;Digitizer;OLED panel,71,95.8,Advanced
smartphone,Xiaomi,Note 10,half screen not working after fall,Screen damage,Display;Touch screen;Digitizer;OLED panel,75,96.0,Advanced
smartphone,Xiaomi,Note 10,screen stays black but device is on,Display malfunction,Display connector;Display IC;Flex cable,67,89.1,Intermediate
smartphone,Xiaomi,Note 10,display very dim can barely see anything,Display malfunction,Display connector;Display IC;Flex cable,51,84.7,Intermediate
smartphone,Xiaomi,Note 10,screen flickers when moving lid,Display malfunction,Display connector;Display IC;Flex cable,67,80.9,Intermediate
smartphone,Xiaomi,Note 10,vertical lines on display,Display malfunction,Display connector;Display IC;Flex cable,69,88.1,Intermediate
smartphone,Xiaomi,Note 10,screen goes black randomly,Display malfunction,Display connector;Display IC;Flex cable,64,88.0,Intermediate
smartphone,Xiaomi,Note 10,slow performance lag freezing,Software issue,RAM;Storage;Operating system;System apps,88,82.8,Intermediate
smartphone,Xiaomi,Note 10,apps crash constantly won't stay open,Software issue,RAM;Storage;Operating system;System apps,99,89.5,Intermediate
smartphone,Xiaomi,Note 10,system freezes need to force restart,Software issue,RAM;Storage;Operating system;System apps,83,84.9,Intermediate
smartphone,Xiaomi,Note 10,very slow takes forever to open anything,Software issue,RAM;Storage;Operating system;System apps,82,89.3,Intermediate
smartphone,Xiaomi,Note 10,keeps restarting on its own,Software issue,RAM;Storage;Operating system;System apps,93,84.8,Intermediate
smartphone,Xiaomi,Note 10,overheating fan loud hot,Cooling system failure,Thermal sensor;Processor;Battery,69,92.2,Intermediate
smartphone,Xiaomi,Note 10,device gets extremely hot can't touch it,Cooling system failure,Thermal sensor;Processor;Battery,63,90.7,Intermediate
smartphone,Xiaomi,Note 10,fan running at full speed very noisy,Cooling system failure,Thermal sensor;Processor;Battery,65,87.8,Intermediate
smartphone,Xiaomi,Note 10,shuts down due to overheating,Cooling system failure,Thermal sensor;Processor;Battery,53,91.1,Intermediate
smartphone,Xiaomi,Note 10,bottom gets burning hot during use,Cooling system failure,Thermal sensor;Processor;Battery,67,86.0,Intermediate
smartphone,Xiaomi,Note 10,wifi not connecting no internet,Network failure,Wifi chip;Antenna;Network IC,35,88.1,Beginner
smartphone,Xiaomi,Note 10,bluetooth won't turn on greyed out,Network failure,Wifi chip;Antenna;Network IC,37,94.3,Beginner
smartphone,Xiaomi,Note 10,wifi keeps disconnecting every few minutes,Network failure,Wifi chip;Antenna;Network IC,36,90.6,Beginner
smartphone,Xiaomi,Note 10,can't find any wifi networks,Network failure,Wifi chip;Antenna;Network IC,32,89.5,Beginner
smartphone,Xiaomi,Note 10,network adapter not detected,Network failure,Wifi chip;Antenna;Network IC,36,92.5,Beginner
smartphone,Xiaomi,Note 10,touch screen not working,Touch failure,Digitizer;Touch IC;Display connector,35,77.2,Intermediate
smartphone,Xiaomi,Note 10,touch not responding after screen replacement,Touch failure,Digitizer;Touch IC;Display connector,45,80.5,Intermediate
smartphone,Xiaomi,Note 10,ghost touches screen taps by itself,Touch failure,Digitizer;Touch IC;Display connector,49,79.5,Intermediate
smartphone,Xiaomi,Note 10,touch works only in some areas,Touch failure,Digitizer;Touch IC;Display connector,37,78.8,Intermediate
smartphone,Xiaomi,Note 10,multitouch not working,Touch failure,Digitizer;Touch IC;Display connector,50,79.4,Intermediate
smartphone,Xiaomi,Note 10,no sound speaker audio issue,Audio failure,Speakers;Microphone;Audio IC,28,87.7,Beginner
smartphone,Xiaomi,Note 10,speakers crackling distorted sound,Audio failure,Speakers;Microphone;Audio IC,28,81.4,Beginner
smartphone,Xiaomi,Note 10,microphone not working during calls,Audio failure,Speakers;Microphone;Audio IC,36,87.5,Beginner
smartphone,Xiaomi,Note 10,audio only works with headphones,Audio failure,Speakers;Microphone;Audio IC,20,86.1,Beginner
smartphone,Xiaomi,Note 10,one speaker not working,Audio failure,Speakers;Microphone;Audio IC,25,82.7,Beginner
smartphone,Xiaomi,Note 10,usb ports not working,USB failure,USB-C port;Charging port;Port connector,36,89.1,Intermediate
smartphone,Xiaomi,Note 10,usb devices not recognized,USB failure,USB-C port;Charging port;Port connector,38,91.7,Intermediate
smartphone,Xiaomi,Note 10,charging port loose not connecting properly,USB failure,USB-C port;Charging port;Port connector,43,85.7,Intermediate
smartphone,Xiaomi,Note 10,usb port physically damaged,USB failure,USB-C port;Charging port;Port connector,45,87.2,Intermediate
smartphone,Xiaomi,Note 10,some usb ports work others don't,USB failure,USB-C port;Charging port;Port connector,38,91.9,Intermediate
smartphone,Xiaomi,Note 10,camera not working,Camera failure,Camera module;Lens;Camera connector;Camera IC,35,83.9,Intermediate
smartphone,Xiaomi,Note 10,camera shows black screen,Camera failure,Camera module;Lens;Camera connector;Camera IC,45,82.9,Intermediate
smartphone,Xiaomi,Note 10,camera blurry won't focus,Camera failure,Camera module;Lens;Camera connector;Camera IC,42,86.9,Intermediate
smartphone,Xiaomi,Note 10,front camera works but rear camera doesn't,Camera failure,Camera module;Lens;Camera connector;Camera IC,41,82.3,Intermediate
smartphone,Xiaomi,Note 10,camera app crashes when opened,Camera failure,Camera module;Lens;Camera connector;Camera IC,52,91.7,Intermediate
smartphone,Xiaomi,Note 10,hard drive not detected,Storage failure,NAND storage;Storage IC,65,65.5,Advanced
smartphone,Xiaomi,Note 10,storage full can't save anything,Storage failure,NAND storage;Storage IC,70,74.2,Advanced
smartphone,Xiaomi,Note 10,ssd failed system won't boot,Storage failure,NAND storage;Storage IC,68,71.1,Advanced
smartphone,Xiaomi,Note 10,corrupted storage data loss,Storage failure,NAND storage;Storage IC,79,72.8,Advanced
smartphone,Xiaomi,Note 10,disk errors constant warnings,Storage failure,NAND storage;Storage IC,68,72.0,Advanced
smartphone,Xiaomi,Note 10,dropped in water won't turn on,Water damage,Logic board;Battery;Display;Charging port,124,61.4,Expert
smartphone,Xiaomi,Note 10,liquid damage corrosion visible,Water damage,Logic board;Battery;Display;Charging port,129,63.0,Expert
smartphone,Xiaomi,Note 10,water indicator triggered device wet,Water damage,Logic board;Battery;Display;Charging port,123,63.5,Expert
smartphone,Xiaomi,Note 10,coffee spilled on device not working,Water damage,Logic board;Battery;Display;Charging port,126,65.0,Expert
smartphone,Xiaomi,Note 10,moisture inside screen foggy display,Water damage,Logic board;Battery;Display;Charging port,126,57.7,Expert
smartphone,Xiaomi,Note 10,dropped device cracked case,Physical damage,Back glass;Frame;Housing,65,79.2,Intermediate
smartphone,Xiaomi,Note 10,bent frame after sitting on it,Physical damage,Back glass;Frame;Housing,65,77.9,Intermediate
smartphone,Xiaomi,Note 10,buttons physically broken,Physical damage,Back glass;Frame;Housing,52,83.5,Intermediate
smartphone,Xiaomi,Note 10,housing cracked from impact,Physical damage,Back glass;Frame;Housing,66,75.8,Intermediate
smartphone,Xiaomi,Note 10,device dented from fall,Physical damage,Back glass;Frame;Housing,51,79.6,Intermediate
smartphone,Xiaomi,Note 10,device powers on but no display,Motherboard failure,Logic board;Processor;Power IC,153,63.8,Expert
smartphone,Xiaomi,Note 10,random shutdowns motherboard issue,Motherboard failure,Logic board;Processor;Power IC,145,63.2,Expert
smartphone,Xiaomi,Note 10,short circuit smell burning,Motherboard failure,Logic board;Processor;Power IC,146,67.3,Expert
smartphone,Xiaomi,Note 10,no boot beep codes,Motherboard failure,Logic board;Processor;Power IC,150,60.7,Expert
smartphone,Xiaomi,Note 10,device turns on for few seconds then dies,Motherboard failure,Logic board;Processor;Power IC,149,63.4,Expert
smartphone,Xiaomi,Note 10,screen rotation not working,Sensor failure,Proximity sensor;Accelerometer;Gyroscope;Fingerprint sensor,55,77.5,Advanced
smartphone,Xiaomi,Note 10,proximity sensor not working screen stays on,Sensor failure,Proximity sensor;Accelerometer;Gyroscope;Fingerprint sensor,36,70.9,Advanced
smartphone,Xiaomi,Note 10,fingerprint sensor not recognizing,Sensor failure,Proximity sensor;Accelerometer;Gyroscope;Fingerprint sensor,51,70.0,Advanced
smartphone,Xiaomi,Note 10,face id not working,Sensor failure,Proximity sensor;Accelerometer;Gyroscope;Fingerprint sensor,53,75.5,Advanced
smartphone,Xiaomi,Note 10,heart rate sensor not detecting,Sensor failure,Proximity sensor;Accelerometer;Gyroscope;Fingerprint sensor,52,76.5,Advanced
smartphone,Apple,iPhone 11,won't turn on no power black screen,Power supply failure,Battery;Charging port;Logic board;Power IC,55,88.3,Intermediate
smartphone,Apple,iPhone 11,completely dead not responding to power button,Power supply failure,Battery;Charging port;Logic board;Power IC,55,91.8,Intermediate
smartphone,Apple,iPhone 11,no lights no signs of life,Power supply failure,Battery;Charging port;Logic board;Power IC,66,94.8,Intermediate
smartphone,Apple,iPhone 11,power button not working device dead,Power supply failure,Battery;Charging port;Logic board;Power IC,64,93.1,Intermediate
smartphone,Apple,iPhone 11,tried charging overnight still won't turn on,Power supply failure,Battery;Charging port;Logic board;Power IC,55,88.8,Intermediate
smartphone,Apple,iPhone 11,dead battery not charging,Battery failure,Battery;Charging port;Charging IC,37,99.4,Beginner
smartphone,Apple,iPhone 11,battery drains very fast only lasts 30 minutes,Battery failure,Battery;Charging port;Charging IC,40,98.6,Beginner
smartphone,Apple,iPhone 11,charging but percentage not increasing,Battery failure,Battery;Charging port;Charging IC,43,90.7,Beginner
smartphone,Apple,iPhone 11,battery swollen device bulging,Battery failure,Battery;Charging port;Charging IC,47,95.3,Beginner
smartphone,Apple,iPhone 11,shows charging but battery percentage drops,Battery failure,Battery;Charging port;Charging IC,53,99.7,Beginner
smartphone,Apple,iPhone 11,screen cracked broken display,Screen damage,Display;Touch screen;Digitizer;OLED panel,79,91.4,Advanced
smartphone,Apple,iPhone 11,display shattered touch not working,Screen damage,Display;Touch screen;Digitizer;OLED panel,80,98.0,Advanced
smartphone,Apple,iPhone 11,black spots on screen after drop,Screen damage,Display;Touch screen;Digitizer;OLED panel,71,97.7,Advanced
smartphone,Apple,iPhone 11,screen flickering lines across display,Screen damage,Display;Touch screen;Digitizer;OLED panel,73,99.9,Advanced
smartphone,Apple,iPhone 11,half screen not working after fall,Screen damage,Display;Touch screen;Digitizer;OLED panel,77,96.7,Advanced
smartphone,Apple,iPhone 11,screen stays black but device is on,Display malfunction,Display connector;Display IC;Flex cable,60,80.5,Intermediate
smartphone,Apple,iPhone 11,display very dim can barely see anything,Display malfunction,Display connector;Display IC;Flex cable,69,83.5,Intermediate
smartphone,Apple,iPhone 11,screen flickers when moving lid,Display malfunction,Display connector;Display IC;Flex cable,50,84.1,Intermediate
smartphone,Apple,iPhone 11,vertical lines on display,Display malfunction,Display connector;Display IC;Flex cable,66,83.8,Intermediate
smartphone,Apple,iPhone 11,screen goes black randomly,Display malfunction,Display connector;Display IC;Flex cable,66,80.2,Intermediate
smartphone,Apple,iPhone 11,slow performance lag freezing,Software issue,RAM;Storage;Operating system;System apps,86,88.7,Intermediate
smartphone,Apple,iPhone 11,apps crash constantly won't stay open,Software issue,RAM;Storage;Operating system;System apps,92,87.4,Intermediate
smartphone,Apple,iPhone 11,system freezes need to force restart,Software issue,RAM;Storage;Operating system;System apps,81,83.7,Intermediate
smartphone,Apple,iPhone 11,very slow takes forever to open anything,Software issue,RAM;Storage;Operating system;System apps,85,81.0,Intermediate
smartphone,Apple,iPhone 11,keeps restarting on its own,Software issue,RAM;Storage;Operating system;System apps,96,87.8,Intermediate
smartphone,Apple,iPhone 11,overheating fan loud hot,Cooling system failure,Thermal sensor;Processor;Battery,50,89.2,Intermediate
smartphone,Apple,iPhone 11,device gets extremely hot can't touch it,Cooling system failure,Thermal sensor;Processor;Battery,67,90.1,Intermediate
smartphone,Apple,iPhone 11,fan running at full speed very noisy,Cooling system failure,Thermal sensor;Processor;Battery,68,88.1,Intermediate
smartphone,Apple,iPhone 11,shuts down due to overheating,Cooling system failure,Thermal sensor;Processor;Battery,67,87.7,Intermediate
smartphone,Apple,iPhone 11,bottom gets burning hot during use,Cooling system failure,Thermal sensor;Processor;Battery,63,87.0,Intermediate
smartphone,Apple,iPhone 11,wifi not connecting no internet,Network failure,Wifi chip;Antenna;Network IC,26,92.2,Beginner
smartphone,Apple,iPhone 11,bluetooth won't turn on greyed out,Network failure,Wifi chip;Antenna;Network IC,20,90.5,Beginner
smartphone,Apple,iPhone 11,wifi keeps disconnecting every few minutes,Network failure,Wifi chip;Antenna;Network IC,27,88.8,Beginner
smartphone,Apple,iPhone 11,can't find any wifi networks,Network failure,Wifi chip;Antenna;Network IC,32,94.7,Beginner
smartphone,Apple,iPhone 11,network adapter not detected,Network failure,Wifi chip;Antenna;Network IC,23,87.8,Beginner
smartphone,Apple,iPhone 11,touch screen not working,Touch failure,Digitizer;Touch IC;Display connector,42,81.8,Intermediate
smartphone,Apple,iPhone 11,touch not responding after screen replacement,Touch failure,Digitizer;Touch IC;Display connector,45,84.2,Intermediate
smartphone,Apple,iPhone 11,ghost touches screen taps by itself,Touch failure,Digitizer;Touch IC;Display connector,47,78.8,Intermediate
smartphone,Apple,iPhone 11,touch works only in some areas,Touch failure,Digitizer;Touch IC;Display connector,55,84.4,Intermediate
smartphone,Apple,iPhone 11,multitouch not working,Touch failure,Digitizer;Touch IC;Display connector,47,77.4,Intermediate
smartphone,Apple,iPhone 11,no sound speaker audio issue,Audio failure,Speakers;Microphone;Audio IC,28,88.1,Beginner
smartphone,Apple,iPhone 11,speakers crackling distorted sound,Audio failure,Speakers;Microphone;Audio IC,33,86.1,Beginner
smartphone,Apple,iPhone 11,microphone not working during calls,Audio failure,Speakers;Microphone;Audio IC,23,81.4,Beginner
smartphone,Apple,iPhone 11,audio only works with headphones,Audio failure,Speakers;Microphone;Audio IC,25,84.4,Beginner
smartphone,Apple,iPhone 11,one speaker not working,Audio failure,Speakers;Microphone;Audio IC,26,84.2,Beginner
smartphone,Apple,iPhone 11,usb ports not working,USB failure,USB-C port;Charging port;Port connector,47,85.9,Intermediate
smartphone,Apple,iPhone 11,usb devices not recognized,USB failure,USB-C port;Charging port;Port connector,42,84.4,Intermediate
smartphone,Apple,iPhone 11,charging port loose not connecting properly,USB failure,USB-C port;Charging port;Port connector,41,88.4,Intermediate
smartphone,Apple,iPhone 11,usb port physically damaged,USB failure,USB-C port;Charging port;Port connector,39,91.0,Intermediate
smartphone,Apple,iPhone 11,some usb ports work others don't,USB failure,USB-C port;Charging port;Port connector,53,89.2,Intermediate
smartphone,Apple,iPhone 11,camera not working,Camera failure,Camera module;Lens;Camera connector;Camera IC,49,85.6,Intermediate
smartphone,Apple,iPhone 11,camera shows black screen,Camera failure,Camera module;Lens;Camera connector;Camera IC,47,85.0,Intermediate
smartphone,Apple,iPhone 11,camera blurry won't focus,Camera failure,Camera module;Lens;Camera connector;Camera IC,43,84.8,Intermediate
smartphone,Apple,iPhone 11,front camera works but rear camera doesn't,Camera failure,Camera module;Lens;Camera connector;Camera IC,49,86.2,Intermediate
smartphone,Apple,iPhone 11,camera app crashes when opened,Camera failure,Camera module;Lens;Camera connector;Camera IC,53,82.4,Intermediate
smartphone,Apple,iPhone 11,hard drive not detected,Storage failure,NAND storage;Storage IC,80,73.9,Advanced
smartphone,Apple,iPhone 11,storage full can't save anything,Storage failure,NAND storage;Storage IC,76,71.7,Advanced
smartphone,Apple,iPhone 11,ssd failed system won't boot,Storage failure,NAND storage;Storage IC,85,69.8,Advanced
smartphone,Apple,iPhone 11,corrupted storage data loss,Storage failure,NAND storage;Storage IC,69,69.3,Advanced
smartphone,Apple,iPhone 11,disk errors constant warnings,Storage failure,NAND storage;Storage IC,76,74.2,Advanced
smartphone,Apple,iPhone 11,dropped in water won't turn on,Water damage,Logic board;Battery;Display;Charging port,122,55.2,Expert
smartphone,Apple,iPhone 11,liquid damage corrosion visible,Water damage,Logic board;Battery;Display;Charging port,113,56.6,Expert
smartphone,Apple,iPhone 11,water indicator triggered device wet,Water damage,Logic board;Battery;Display;Charging port,112,59.5,Expert
smartphone,Apple,iPhone 11,coffee spilled on device not working,Water damage,Logic board;Battery;Display;Charging port,122,65.0,Expert
smartphone,Apple,iPhone 11,moisture inside screen foggy display,Water damage,Logic board;Battery;Display;Charging port,126,64.0,Expert
smartphone,Apple,iPhone 11,dropped device cracked case,Physical damage,Back glass;Frame;Housing,52,75.7,Intermediate
smartphone,Apple,iPhone 11,bent frame after sitting on it,Physical damage,Back glass;Frame;Housing,57,79.0,Intermediate
smartphone,Apple,iPhone 11,buttons physically broken,Physical damage,Back glass;Frame;Housing,67,76.2,Intermediate
smartphone,Apple,iPhone 11,housing cracked from impact,Physical damage,Back glass;Frame;Housing,52,79.0,Intermediate
smartphone,Apple,iPhone 11,device dented from fall,Physical damage,Back glass;Frame;Housing,56,75.0,Intermediate
smartphone,Apple,iPhone 11,device powers on but no display,Motherboard failure,Logic board;Processor;Power IC,140,65.0,Expert
smartphone,Apple,iPhone 11,random shutdowns motherboard issue,Motherboard failure,Logic board;Processor;Power IC,152,63.1,Expert
smartphone,Apple,iPhone 11,short circuit smell burning,Motherboard failure,Logic board;Processor;Power IC,153,60.7,Expert
smartphone,Apple,iPhone 11,no boot beep codes,Motherboard failure,Logic board;Processor;Power IC,145,67.2,Expert
smartphone,Apple,iPhone 11,device turns on for few seconds then dies,Motherboard failure,Logic board;Processor;Power IC,150,64.0,Expert
smartphone,Apple,iPhone 11,screen rotation not working,Sensor failure,Proximity sensor;Accelerometer;Gyroscope;Fingerprint sensor,54,77.0,Advanced
smartphone,Apple,iPhone 11,proximity sensor not working screen stays on,Sensor failure,Proximity sensor;Accelerometer;Gyroscope;Fingerprint sensor,35,74.1,Advanced
smartphone,Apple,iPhone 11,fingerprint sensor not recognizing,Sensor failure,Proximity sensor;Accelerometer;Gyroscope;Fingerprint sensor,39,74.3,Advanced
smartphone,Apple,iPhone 11,face id not working,Sensor failure,Proximity sensor;Accelerometer;Gyroscope;Fingerprint sensor,36,70.5,Advanced
smartphone,Apple,iPhone 11,heart rate sensor not detecting,Sensor failure,Proximity sensor;Accelerometer;Gyroscope;Fingerprint sensor,41,72.8,Advanced
smartphone,Apple,iPhone 14,won't turn on no power black screen,Power supply failure,Battery;Charging port;Logic board;Power IC,61,91.2,Intermediate
smartphone,Apple,iPhone 14,completely dead not responding to power button,Power supply failure,Battery;Charging port;Logic board;Power IC,68,86.8,Intermediate
smartphone,Apple,iPhone 14,no lights no signs of life,Power supply failure,Battery;Charging port;Logic board;Power IC,70,93.0,Intermediate
smartphone,Apple,iPhone 14,power button not working device dead,Power supply failure,Battery;Charging port;Logic board;Power IC,65,88.2,Intermediate
smartphone,Apple,iPhone 14,tried charging overnight still won't turn on,Power supply failure,Battery;Charging port;Logic board;Power IC,64,93.1,Intermediate
smartphone,Apple,iPhone 14,dead battery not charging,Battery failure,Battery;Charging port;Charging IC,36,91.2,Beginner
smartphone,Apple,iPhone 14,battery drains very fast only lasts 30 minutes,Battery failure,Battery;Charging port;Charging IC,50,90.7,Beginner
smartphone,Apple,iPhone 14,charging but percentage not increasing,Battery failure,Battery;Charging port;Charging IC,40,99.7,Beginner
smartphone,Apple,iPhone 14,battery swollen device bulging,Battery failure,Battery;Charging port;Charging IC,55,97.7,Beginner
smartphone,Apple,iPhone 14,shows charging but battery percentage drops,Battery failure,Battery;Charging port;Charging IC,55,96.3,Beginner
smartphone,Apple,iPhone 14,screen cracked broken display,Screen damage,Display;Touch screen;Digitizer;OLED panel,75,94.9,Advanced
smartphone,Apple,iPhone 14,display shattered touch not working,Screen damage,Display;Touch screen;Digitizer;OLED panel,76,91.9,Advanced
smartphone,Apple,iPhone 14,black spots on screen after drop,Screen damage,Display;Touch screen;Digitizer;OLED panel,77,97.8,Advanced
smartphone,Apple,iPhone 14,screen flickering lines across display,Screen damage,Display;Touch screen;Digitizer;OLED panel,79,94.6,Advanced
smartphone,Apple,iPhone 14,half screen not working after fall,Screen damage,Display;Touch screen;Digitizer;OLED panel,71,91.3,Advanced
smartphone,Apple,iPhone 14,screen stays black but device is on,Display malfunction,Display connector;Display IC;Flex cable,58,88.7,Intermediate
smartphone,Apple,iPhone 14,display very dim can barely see anything,Display malfunction,Display connector;Display IC;Flex cable,59,89.2,Intermediate
smartphone,Apple,iPhone 14,screen flickers when moving lid,Display malfunction,Display connector;Display IC;Flex cable,54,80.7,Intermediate
smartphone,Apple,iPhone 14,vertical lines on display,Display malfunction,Display connector;Display IC;Flex cable,60,84.3,Intermediate
smartphone,Apple,iPhone 14,screen goes black randomly,Display malfunction,Display connector;Display IC;Flex cable,57,82.9,Intermediate
smartphone,Apple,iPhone 14,slow performance lag freezing,Software issue,RAM;Storage;Operating system;System apps,98,82.5,Intermediate
smartphone,Apple,iPhone 14,apps crash constantly won't stay open,Software issue,RAM;Storage;Operating system;System apps,83,87.4,Intermediate
smartphone,Apple,iPhone 14,system freezes need to force restart,Software issue,RAM;Storage;Operating system;System apps,87,87.1,Intermediate
smartphone,Apple,iPhone 14,very slow takes forever to open anything,Software issue,RAM;Storage;Operating system;System apps,80,88.1,Intermediate
smartphone,Apple,iPhone 14,keeps restarting on its own,Software issue,RAM;Storage;Operating system;System apps,84,84.6,Intermediate
smartphone,Apple,iPhone 14,overheating fan loud hot,Cooling system failure,Thermal sensor;Processor;Battery,69,92.5,Intermediate
smartphone,Apple,iPhone 14,device gets extremely hot can't touch it,Cooling system failure,Thermal sensor;Processor;Battery,67,83.8,Intermediate
smartphone,Apple,iPhone 14,fan running at full speed very noisy,Cooling system failure,Thermal sensor;Processor;Battery,68,89.0,Intermediate
smartphone,Apple,iPhone 14,shuts down due to overheating,Cooling system failure,Thermal sensor;Processor;Battery,53,87.2,Intermediate
smartphone,Apple,iPhone 14,bottom gets burning hot during use,Cooling system failure,Thermal sensor;Processor;Battery,58,91.8,Intermediate
smartphone,Apple,iPhone 14,wifi not connecting no internet,Network failure,Wifi chip;Antenna;Network IC,29,88.2,Beginner
smartphone,Apple,iPhone 14,bluetooth won't turn on greyed out,Network failure,Wifi chip;Antenna;Network IC,34,88.6,Beginner
smartphone,Apple,iPhone 14,wifi keeps disconnecting every few minutes,Network failure,Wifi chip;Antenna;Network IC,31,89.1,Beginner
smartphone,Apple,iPhone 14,can't find any wifi networks,Network failure,Wifi chip;Antenna;Network IC,26,91.1,Beginner
smartphone,Apple,iPhone 14,network adapter not detected,Network failure,Wifi chip;Antenna;Network IC,30,94.3,Beginner
smartphone,Apple,iPhone 14,touch screen not working,Touch failure,Digitizer;Touch IC;Display connector,42,79.7,Intermediate
smartphone,Apple,iPhone 14,touch not responding after screen replacement,Touch failure,Digitizer;Touch IC;Display connector,49,82.0,Intermediate
smartphone,Apple,iPhone 14,ghost touches screen taps by itself,Touch failure,Digitizer;Touch IC;Display connector,49,79.7,Intermediate
smartphone,Apple,iPhone 14,touch works only in some areas,Touch failure,Digitizer;Touch IC;Display connector,36,77.5,Intermediate
smartphone,Apple,iPhone 14,multitouch not working,Touch failure,Digitizer;Touch IC;Display connector,38,83.0,Intermediate
smartphone,Apple,iPhone 14,no sound speaker audio issue,Audio failure,Speakers;Microphone;Audio IC,40,84.7,Beginner
smartphone,Apple,iPhone 14,speakers crackling distorted sound,Audio failure,Speakers;Microphone;Audio IC,28,85.0,Beginner
smartphone,Apple,iPhone 14,microphone not working during calls,Audio failure,Speakers;Microphone;Audio IC,39,85.6,Beginner
smartphone,Apple,iPhone 14,audio only works with headphones,Audio failure,Speakers;Microphone;Audio IC,24,82.1,Beginner
smartphone,Apple,iPhone 14,one speaker not working,Audio failure,Speakers;Microphone;Audio IC,39,84.7,Beginner
smartphone,Apple,iPhone 14,usb ports not working,USB failure,USB-C port;Charging port;Port connector,52,87.7,Intermediate
smartphone,Apple,iPhone 14,usb devices not recognized,USB failure,USB-C port;Charging port;Port connector,35,88.0,Intermediate
smartphone,Apple,iPhone 14,charging port loose not connecting properly,USB failure,USB-C port;Charging port;Port connector,40,91.8,Intermediate
smartphone,Apple,iPhone 14,usb port physically damaged,USB failure,USB-C port;Charging port;Port connector,48,86.9,Intermediate
smartphone,Apple,iPhone 14,some usb ports work others don't,USB failure,USB-C port;Charging port;Port connector,49,85.3,Intermediate
smartphone,Apple,iPhone 14,camera not working,Camera failure,Camera module;Lens;Camera connector;Camera IC,53,84.7,Intermediate
smartphone,Apple,iPhone 14,camera shows black screen,Camera failure,Camera module;Lens;Camera connector;Camera IC,41,89.3,Intermediate
smartphone,Apple,iPhone 14,camera blurry won't focus,Camera failure,Camera module;Lens;Camera connector;Camera IC,45,86.5,Intermediate
smartphone,Apple,iPhone 14,front camera works but rear camera doesn't,Camera failure,Camera module;Lens;Camera connector;Camera IC,54,86.9,Intermediate
smartphone,Apple,iPhone 14,camera app crashes when opened,Camera failure,Camera module;Lens;Camera connector;Camera IC,37,89.7,Intermediate
smartphone,Apple,iPhone 14,hard drive not detected,Storage failure,NAND storage;Storage IC,82,73.7,Advanced
smartphone,Apple,iPhone 14,storage full can't save anything,Storage failure,NAND storage;Storage IC,77,71.5,Advanced
smartphone,Apple,iPhone 14,ssd failed system won't boot,Storage failure,NAND storage;Storage IC,77,72.9,Advanced
smartphone,Apple,iPhone 14,corrupted storage data loss,Storage failure,NAND storage;Storage IC,83,73.2,Advanced
smartphone,Apple,iPhone 14,disk errors constant warnings,Storage failure,NAND storage;Storage IC,76,73.6,Advanced
smartphone,Apple,iPhone 14,dropped in water won't turn on,Water damage,Logic board;Battery;Display;Charging port,120,61.7,Expert
smartphone,Apple,iPhone 14,liquid damage corrosion visible,Water damage,Logic board;Battery;Display;Charging port,118,58.1,Expert
smartphone,Apple,iPhone 14,water indicator triggered device wet,Water damage,Logic board;Battery;Display;Charging port,114,60.8,Expert
smartphone,Apple,iPhone 14,coffee spilled on device not working,Water damage,Logic board;Battery;Display;Charging port,127,64.6,Expert
smartphone,Apple,iPhone 14,moisture inside screen foggy display,Water damage,Logic board;Battery;Display;Charging port,112,55.7,Expert
smartphone,Apple,iPhone 14,dropped device cracked case,Physical damage,Back glass;Frame;Housing,68,77.4,Intermediate
smartphone,Apple,iPhone 14,bent frame after sitting on it,Physical damage,Back glass;Frame;Housing,57,84.4,Intermediate
smartphone,Apple,iPhone 14,buttons physically broken,Physical damage,Back glass;Frame;Housing,61,84.1,Intermediate
smartphone,Apple,iPhone 14,housing cracked from impact,Physical damage,Back glass;Frame;Housing,54,78.9,Intermediate
smartphone,Apple,iPhone 14,device dented from fall,Physical damage,Back glass;Frame;Housing,59,84.4,Intermediate
smartphone,Apple,iPhone 14,device powers on but no display,Motherboard failure,Logic board;Processor;Power IC,142,62.1,Expert
smartphone,Apple,iPhone 14,random shutdowns motherboard issue,Motherboard failure,Logic board;Processor;Power IC,146,62.1,Expert
smartphone,Apple,iPhone 14,short circuit smell burning,Motherboard failure,Logic board;Processor;Power IC,148,61.7,Expert
smartphone,Apple,iPhone 14,no boot beep codes,Motherboard failure,Logic board;Processor;Power IC,144,64.4,Expert
smartphone,Apple,iPhone 14,device turns on for few seconds then dies,Motherboard failure,Logic board;Processor;Power IC,154,60.1,Expert
smartphone,Apple,iPhone 14,screen rotation not working,Sensor failure,Proximity sensor;Accelerometer;Gyroscope;Fingerprint sensor,45,70.8,Advanced
smartphone,Apple,iPhone 14,proximity sensor not working screen stays on,Sensor failure,Proximity sensor;Accelerometer;Gyroscope;Fingerprint sensor,52,70.4,Advanced
smartphone,Apple,iPhone 14,fingerprint sensor not recognizing,Sensor failure,Proximity sensor;Accelerometer;Gyroscope;Fingerprint sensor,42,75.4,Advanced
smartphone,Apple,iPhone 14,face id not working,Sensor failure,Proximity sensor;Accelerometer;Gyroscope;Fingerprint sensor,49,73.4,Advanced
smartphone,Apple,iPhone 14,heart rate sensor not detecting,Sensor failure,Proximity sensor;Accelerometer;Gyroscope;Fingerprint sensor,50,71.8,Advanced
smartphone,Samsung,S23 Ultra,won't turn on no power black screen,Power supply failure,Battery;Charging port;Logic board;Power IC,70,87.2,Intermediate
smartphone,Samsung,S23 Ultra,completely dead not responding to power button,Power supply failure,Battery;Charging port;Logic board;Power IC,68,93.0,Intermediate
smartphone,Samsung,S23 Ultra,no lights no signs of life,Power supply failure,Battery;Charging port;Logic board;Power IC,69,89.7,Intermediate
smartphone,Samsung,S23 Ultra,power button not working device dead,Power supply failure,Battery;Charging port;Logic board;Power IC,67,89.9,Intermediate
smartphone,Samsung,S23 Ultra,tried charging overnight still won't turn on,Power supply failure,Battery;Charging port;Logic board;Power IC,56,93.9,Intermediate
smartphone,Samsung,S23 Ultra,dead battery not charging,Battery failure,Battery;Charging port;Charging IC,50,99.3,Beginner
smartphone,Samsung,S23 Ultra,battery drains very fast only lasts 30 minutes,Battery failure,Battery;Charging port;Charging IC,52,94.3,Beginner
smartphone,Samsung,S23 Ultra,charging but percentage not increasing,Battery failure,Battery;Charging port;Charging IC,37,98.9,Beginner
smartphone,Samsung,S23 Ultra,battery swollen device bulging,Battery failure,Battery;Charging port;Charging IC,43,92.3,Beginner
smartphone,Samsung,S23 Ultra,shows charging but battery percentage drops,Battery failure,Battery;Charging port;Charging IC,46,95.0,Beginner
smartphone,Samsung,S23 Ultra,screen cracked broken display,Screen damage,Display;Touch screen;Digitizer;OLED panel,66,93.7,Advanced
smartphone,Samsung,S23 Ultra,display shattered touch not working,Screen damage,Display;Touch screen;Digitizer;OLED panel,79,90.1,Advanced
smartphone,Samsung,S23 Ultra,black spots on screen after drop,Screen damage,Display;Touch screen;Digitizer;OLED panel,65,94.2,Advanced
smartphone,Samsung,S23 Ultra,screen flickering lines across display,Screen damage,Display;Touch screen;Digitizer;OLED panel,68,96.5,Advanced
smartphone,Samsung,S23 Ultra,half screen not working after fall,Screen damage,Display;Touch screen;Digitizer;OLED panel,75,97.1,Advanced
smartphone,Samsung,S23 Ultra,screen stays black but device is on,Display malfunction,Display connector;Display IC;Flex cable,65,84.0,Intermediate
smartphone,Samsung,S23 Ultra,display very dim can barely see anything,Display malfunction,Display connector;Display IC;Flex cable,69,86.5,Intermediate
smartphone,Samsung,S23 Ultra,screen flickers when moving lid,Display malfunction,Display connector;Display IC;Flex cable,63,84.3,Intermediate
smartphone,Samsung,S23 Ultra,vertical lines on display,Display malfunction,Display connector;Display IC;Flex cable,68,86.6,Intermediate
smartphone,Samsung,S23 Ultra,screen goes black randomly,Display malfunction,Display connector;Display IC;Flex cable,61,83.5,Intermediate
smartphone,Samsung,S23 Ultra,slow performance lag freezing,Software issue,RAM;Storage;Operating system;System apps,81,88.3,Intermediate
smartphone,Samsung,S23 Ultra,apps crash constantly won't stay open,Software issue,RAM;Storage;Operating system;System apps,96,83.6,Intermediate
smartphone,Samsung,S23 Ultra,system freezes need to force restart,Software issue,RAM;Storage;Operating system;System apps,87,82.7,Intermediate
smartphone,Samsung,S23 Ultra,very slow takes forever to open anything,Software issue,RAM;Storage;Operating system;System apps,91,81.7,Intermediate
smartphone,Samsung,S23 Ultra,keeps restarting on its own,Software issue,RAM;Storage;Operating system;System apps,82,82.0,Intermediate
smartphone,Samsung,S23 Ultra,overheating fan loud hot,Cooling system failure,Thermal sensor;Processor;Battery,54,88.2,Intermediate
smartphone,Samsung,S23 Ultra,device gets extremely hot can't touch it,Cooling system failure,Thermal sensor;Processor;Battery,64,90.6,Intermediate
smartphone,Samsung,S23 Ultra,fan running at full speed very noisy,Cooling system failure,Thermal sensor;Processor;Battery,62,92.1,Intermediate
smartphone,Samsung,S23 Ultra,shuts down due to overheating,Cooling system failure,Thermal sensor;Processor;Battery,64,86.5,Intermediate
smartphone,Samsung,S23 Ultra,bottom gets burning hot during use,Cooling system failure,Thermal sensor;Processor;Battery,56,89.9,Intermediate
smartphone,Samsung,S23 Ultra,wifi not connecting no internet,Network failure,Wifi chip;Antenna;Network IC,32,96.4,Beginner
smartphone,Samsung,S23 Ultra,bluetooth won't turn on greyed out,Network failure,Wifi chip;Antenna;Network IC,33,91.6,Beginner
smartphone,Samsung,S23 Ultra,wifi keeps disconnecting every few minutes,Network failure,Wifi chip;Antenna;Network IC,20,96.2,Beginner
smartphone,Samsung,S23 Ultra,can't find any wifi networks,Network failure,Wifi chip;Antenna;Network IC,33,93.8,Beginner
smartphone,Samsung,S23 Ultra,network adapter not detected,Network failure,Wifi chip;Antenna;Network IC,27,87.1,Beginner
smartphone,Samsung,S23 Ultra,touch screen not working,Touch failure,Digitizer;Touch IC;Display connector,49,78.2,Intermediate
smartphone,Samsung,S23 Ultra,touch not responding after screen replacement,Touch failure,Digitizer;Touch IC;Display connector,52,83.3,Intermediate
smartphone,Samsung,S23 Ultra,ghost touches screen taps by itself,Touch failure,Digitizer;Touch IC;Display connector,50,84.2,Intermediate
smartphone,Samsung,S23 Ultra,touch works only in some areas,Touch failure,Digitizer;Touch IC;Display connector,48,84.2,Intermediate
smartphone,Samsung,S23 Ultra,multitouch not working,Touch failure,Digitizer;Touch IC;Display connector,47,80.9,Intermediate
smartphone,Samsung,S23 Ultra,no sound speaker audio issue,Audio failure,Speakers;Microphone;Audio IC,37,82.8,Beginner
smartphone,Samsung,S23 Ultra,speakers crackling distorted sound,Audio failure,Speakers;Microphone;Audio IC,24,87.5,Beginner
smartphone,Samsung,S23 Ultra,microphone not working during calls,Audio failure,Speakers;Microphone;Audio IC,25,87.0,Beginner
smartphone,Samsung,S23 Ultra,audio only works with headphones,Audio failure,Speakers;Microphone;Audio IC,27,84.5,Beginner
smartphone,Samsung,S23 Ultra,one speaker not working,Audio failure,Speakers;Microphone;Audio IC,22,88.3,Beginner
smartphone,Samsung,S23 Ultra,usb ports not working,USB failure,USB-C port;Charging port;Port connector,37,87.3,Intermediate
smartphone,Samsung,S23 Ultra,usb devices not recognized,USB failure,USB-C port;Charging port;Port connector,36,84.5,Intermediate
smartphone,Samsung,S23 Ultra,charging port loose not connecting properly,USB failure,USB-C port;Charging port;Port connector,49,83.1,Intermediate
smartphone,Samsung,S23 Ultra,usb port physically damaged,USB failure,USB-C port;Charging port;Port connector,39,84.7,Intermediate
smartphone,Samsung,S23 Ultra,some usb ports work others don't,USB failure,USB-C port;Charging port;Port connector,44,91.9,Intermediate
smartphone,Samsung,S23 Ultra,camera not working,Camera failure,Camera module;Lens;Camera connector;Camera IC,42,82.0,Intermediate
smartphone,Samsung,S23 Ultra,camera shows black screen,Camera failure,Camera module;Lens;Camera connector;Camera IC,44,84.9,Intermediate
smartphone,Samsung,S23 Ultra,camera blurry won't focus,Camera failure,Camera module;Lens;Camera connector;Camera IC,41,92.0,Intermediate
smartphone,Samsung,S23 Ultra,front camera works but rear camera doesn't,Camera failure,Camera module;Lens;Camera connector;Camera IC,55,82.5,Intermediate
smartphone,Samsung,S23 Ultra,camera app crashes when opened,Camera failure,Camera module;Lens;Camera connector;Camera IC,55,82.0,Intermediate
smartphone,Samsung,S23 Ultra,hard drive not detected,Storage failure,NAND storage;Storage IC,76,72.9,Advanced
smartphone,Samsung,S23 Ultra,storage full can't save anything,Storage failure,NAND storage;Storage IC,69,73.0,Advanced
smartphone,Samsung,S23 Ultra,ssd failed system won't boot,Storage failure,NAND storage;Storage IC,70,73.8,Advanced
smartphone,Samsung,S23 Ultra,corrupted storage data loss,Storage failure,NAND storage;Storage IC,72,68.7,Advanced
smartphone,Samsung,S23 Ultra,disk errors constant warnings,Storage failure,NAND storage;Storage IC,70,72.1,Advanced
smartphone,Samsung,S23 Ultra,dropped in water won't turn on,Water damage,Logic board;Battery;Display;Charging port,115,60.6,Expert
smartphone,Samsung,S23 Ultra,liquid damage corrosion visible,Water damage,Logic board;Battery;Display;Charging port,112,57.5,Expert
smartphone,Samsung,S23 Ultra,water indicator triggered device wet,Water damage,Logic board;Battery;Display;Charging port,124,63.2,Expert
smartphone,Samsung,S23 Ultra,coffee spilled on device not working,Water damage,Logic board;Battery;Display;Charging port,119,63.8,Expert
smartphone,Samsung,S23 Ultra,moisture inside screen foggy display,Water damage,Logic board;Battery;Display;Charging port,124,64.9,Expert
smartphone,Samsung,S23 Ultra,dropped device cracked case,Physical damage,Back glass;Frame;Housing,61,82.5,Intermediate
smartphone,Samsung,S23 Ultra,bent frame after sitting on it,Physical damage,Back glass;Frame;Housing,50,83.4,Intermediate
smartphone,Samsung,S23 Ultra,buttons physically broken,Physical damage,Back glass;Frame;Housing,66,82.0,Intermediate
smartphone,Samsung,S23 Ultra,housing cracked from impact,Physical damage,Back glass;Frame;Housing,53,84.2,Intermediate
smartphone,Samsung,S23 Ultra,device dented from fall,Physical damage,Back glass;Frame;Housing,50,83.5,Intermediate
smartphone,Samsung,S23 Ultra,device powers on but no display,Motherboard failure,Logic board;Processor;Power IC,150,66.3,Expert
smartphone,Samsung,S23 Ultra,random shutdowns motherboard issue,Motherboard failure,Logic board;Processor;Power IC,149,63.0,Expert
smartphone,Samsung,S23 Ultra,short circuit smell burning,Motherboard failure,Logic board;Processor;Power IC,149,67.8,Expert
smartphone,Samsung,S23 Ultra,no boot beep codes,Motherboard failure,Logic board;Processor;Power IC,156,70.0,Expert
smartphone,Samsung,S23 Ultra,device turns on for few seconds then dies,Motherboard failure,Logic board;Processor;Power IC,144,66.2,Expert
smartphone,Samsung,S23 Ultra,screen rotation not working,Sensor failure,Proximity sensor;Accelerometer;Gyroscope;Fingerprint sensor,49,79.6,Advanced
smartphone,Samsung,S23 Ultra,proximity sensor not working screen stays on,Sensor failure,Proximity sensor;Accelerometer;Gyroscope;Fingerprint sensor,44,79.2,Advanced
smartphone,Samsung,S23 Ultra,fingerprint sensor not recognizing,Sensor failure,Proximity sensor;Accelerometer;Gyroscope;Fingerprint sensor,53,77.3,Advanced
smartphone,Samsung,S23 Ultra,face id not working,Sensor failure,Proximity sensor;Accelerometer;Gyroscope;Fingerprint sensor,37,79.5,Advanced
smartphone,Samsung,S23 Ultra,heart rate sensor not detecting,Sensor failure,Proximity sensor;Accelerometer;Gyroscope;Fingerprint sensor,44,77.5,Advanced
smartphone,Google,Pixel 7,won't turn on no power black screen,Power supply failure,Battery;Charging port;Logic board;Power IC,52,91.3,Intermediate
smartphone,Google,Pixel 7,completely dead not responding to power button,Power supply failure,Battery;Charging port;Logic board;Power IC,65,92.8,Intermediate
smartphone,Google,Pixel 7,no lights no signs of life,Power supply failure,Battery;Charging port;Logic board;Power IC,52,85.7,Intermediate
smartphone,Google,Pixel 7,power button not working device dead,Power supply failure,Battery;Charging port;Logic board;Power IC,59,89.4,Intermediate
smartphone,Google,Pixel 7,tried charging overnight still won't turn on,Power supply failure,Battery;Charging port;Logic board;Power IC,63,88.4,Intermediate
smartphone,Google,Pixel 7,dead battery not charging,Battery failure,Battery;Charging port;Charging IC,44,92.0,Beginner
smartphone,Google,Pixel 7,battery drains very fast only lasts 30 minutes,Battery failure,Battery;Charging port;Charging IC,54,95.2,Beginner
smartphone,Google,Pixel 7,charging but percentage not increasing,Battery failure,Battery;Charging port;Charging IC,38,93.7,Beginner
smartphone,Google,Pixel 7,battery swollen device bulging,Battery failure,Battery;Charging port;Charging IC,42,95.2,Beginner
smartphone,Google,Pixel 7,shows charging but battery percentage drops,Battery failure,Battery;Charging port;Charging IC,47,92.8,Beginner
smartphone,Google,Pixel 7,screen cracked broken display,Screen damage,Display;Touch screen;Digitizer;OLED panel,83,98.3,Advanced
smartphone,Google,Pixel 7,display shattered touch not working,Screen damage,Display;Touch screen;Digitizer;OLED panel,80,94.9,Advanced
smartphone,Google,Pixel 7,black spots on screen after drop,Screen damage,Display;Touch screen;Digitizer;OLED panel,79,99.2,Advanced
smartphone,Google,Pixel 7,screen flickering lines across display,Screen damage,Display;Touch screen;Digitizer;OLED panel,78,96.3,Advanced
smartphone,Google,Pixel 7,half screen not working after fall,Screen damage,Display;Touch screen;Digitizer;OLED panel,77,91.7,Advanced
smartphone,Google,Pixel 7,screen stays black but device is on,Display malfunction,Display connector;Display IC;Flex cable,66,84.3,Intermediate
smartphone,Google,Pixel 7,display very dim can barely see anything,Display malfunction,Display connector;Display IC;Flex cable,51,80.7,Intermediate
smartphone,Google,Pixel 7,screen flickers when moving lid,Display malfunction,Display connector;Display IC;Flex cable,56,83.1,Intermediate
smartphone,Google,Pixel 7,vertical lines on display,Display malfunction,Display connector;Display IC;Flex cable,58,87.6,Intermediate
smartphone,Google,Pixel 7,screen goes black randomly,Display malfunction,Display connector;Display IC;Flex cable,59,86.3,Intermediate
smartphone,Google,Pixel 7,slow performance lag freezing,Software issue,RAM;Storage;Operating system;System apps,88,84.8,Intermediate
smartphone,Google,Pixel 7,apps crash constantly won't stay open,Software issue,RAM;Storage;Operating system;System apps,92,81.9,Intermediate
smartphone,Google,Pixel 7,system freezes need to force restart,Software issue,RAM;Storage;Operating system;System apps,88,86.3,Intermediate
smartphone,Google,Pixel 7,very slow takes forever to open anything,Software issue,RAM;Storage;Operating system;System apps,81,82.6,Intermediate
smartphone,Google,Pixel 7,keeps restarting on its own,Software issue,RAM;Storage;Operating system;System apps,80,84.6,Intermediate
smartphone,Google,Pixel 7,overheating fan loud hot,Cooling system failure,Thermal sensor;Processor;Battery,53,92.6,Intermediate
smartphone,Google,Pixel 7,device gets extremely hot can't touch it,Cooling system failure,Thermal sensor;Processor;Battery,60,92.0,Intermediate
smartphone,Google,Pixel 7,fan running at full speed very noisy,Cooling system failure,Thermal sensor;Processor;Battery,59,86.8,Intermediate
smartphone,Google,Pixel 7,shuts down due to overheating,Cooling system failure,Thermal sensor;Processor;Battery,55,85.8,Intermediate
smartphone,Google,Pixel 7,bottom gets burning hot during use,Cooling system failure,Thermal sensor;Processor;Battery,62,84.5,Intermediate
smartphone,Google,Pixel 7,wifi not connecting no internet,Network failure,Wifi chip;Antenna;Network IC,35,88.2,Beginner
smartphone,Google,Pixel 7,bluetooth won't turn on greyed out,Network failure,Wifi chip;Antenna;Network IC,24,94.5,Beginner
smartphone,Google,Pixel 7,wifi keeps disconnecting every few minutes,Network failure,Wifi chip;Antenna;Network IC,32,92.3,Beginner
smartphone,Google,Pixel 7,can't find any wifi networks,Network failure,Wifi chip;Antenna;Network IC,33,89.9,Beginner
smartphone,Google,Pixel 7,network adapter not detected,Network failure,Wifi chip;Antenna;Network IC,25,93.9,Beginner
smartphone,Google,Pixel 7,touch screen not working,Touch failure,Digitizer;Touch IC;Display connector,36,81.9,Intermediate
smartphone,Google,Pixel 7,touch not responding after screen replacement,Touch failure,Digitizer;Touch IC;Display connector,36,85.9,Intermediate
smartphone,Google,Pixel 7,ghost touches screen taps by itself,Touch failure,Digitizer;Touch IC;Display connector,36,77.6,Intermediate
smartphone,Google,Pixel 7,touch works only in some areas,Touch failure,Digitizer;Touch IC;Display connector,54,83.6,Intermediate
smartphone,Google,Pixel 7,multitouch not working,Touch failure,Digitizer;Touch IC;Display connector,49,86.7,Intermediate
smartphone,Google,Pixel 7,no sound speaker audio issue,Audio failure,Speakers;Microphone;Audio IC,26,84.2,Beginner
smartphone,Google,Pixel 7,speakers crackling distorted sound,Audio failure,Speakers;Microphone;Audio IC,35,88.1,Beginner
smartphone,Google,Pixel 7,microphone not working during calls,Audio failure,Speakers;Microphone;Audio IC,30,85.1,Beginner
smartphone,Google,Pixel 7,audio only works with headphones,Audio failure,Speakers;Microphone;Audio IC,33,89.0,Beginner
smartphone,Google,Pixel 7,one speaker not working,Audio failure,Speakers;Microphone;Audio IC,32,86.3,Beginner
smartphone,Google,Pixel 7,usb ports not working,USB failure,USB-C port;Charging port;Port connector,49,86.1,Intermediate
smartphone,Google,Pixel 7,usb devices not recognized,USB failure,USB-C port;Charging port;Port connector,45,84.6,Intermediate
smartphone,Google,Pixel 7,charging port loose not connecting properly,USB failure,USB-C port;Charging port;Port connector,43,87.8,Intermediate
smartphone,Google,Pixel 7,usb port physically damaged,USB failure,USB-C port;Charging port;Port connector,39,91.3,Intermediate
smartphone,Google,Pixel 7,some usb ports work others don't,USB failure,USB-C port;Charging port;Port connector,55,87.6,Intermediate
smartphone,Google,Pixel 7,camera not working,Camera failure,Camera module;Lens;Camera connector;Camera IC,38,91.8,Intermediate
smartphone,Google,Pixel 7,camera shows black screen,Camera failure,Camera module;Lens;Camera connector;Camera IC,40,89.1,Intermediate
smartphone,Google,Pixel 7,camera blurry won't focus,Camera failure,Camera module;Lens;Camera connector;Camera IC,54,83.4,Intermediate
smartphone,Google,Pixel 7,front camera works but rear camera doesn't,Camera failure,Camera module;Lens;Camera connector;Camera IC,52,87.4,Intermediate
smartphone,Google,Pixel 7,camera app crashes when opened,Camera failure,Camera module;Lens;Camera connector;Camera IC,43,91.0,Intermediate
smartphone,Google,Pixel 7,hard drive not detected,Storage failure,NAND storage;Storage IC,72,71.1,Advanced
smartphone,Google,Pixel 7,storage full can't save anything,Storage failure,NAND storage;Storage IC,76,66.7,Advanced
smartphone,Google,Pixel 7,ssd failed system won't boot,Storage failure,NAND storage;Storage IC,78,68.1,Advanced
smartphone,Google,Pixel 7,corrupted storage data loss,Storage failure,NAND storage;Storage IC,69,71.9,Advanced
smartphone,Google,Pixel 7,disk errors constant warnings,Storage failure,NAND storage;Storage IC,78,67.2,Advanced
smartphone,Google,Pixel 7,dropped in water won't turn on,Water damage,Logic board;Battery;Display;Charging port,118,61.0,Expert
smartphone,Google,Pixel 7,liquid damage corrosion visible,Water damage,Logic board;Battery;Display;Charging port,129,58.9,Expert
smartphone,Google,Pixel 7,water indicator triggered device wet,Water damage,Logic board;Battery;Display;Charging port,114,61.1,Expert
smartphone,Google,Pixel 7,coffee spilled on device not working,Water damage,Logic board;Battery;Display;Charging port,118,59.7,Expert
smartphone,Google,Pixel 7,moisture inside screen foggy display,Water damage,Logic board;Battery;Display;Charging port,127,57.6,Expert
smartphone,Google,Pixel 7,dropped device cracked case,Physical damage,Back glass;Frame;Housing,50,75.5,Intermediate
smartphone,Google,Pixel 7,bent frame after sitting on it,Physical damage,Back glass;Frame;Housing,61,75.4,Intermediate
smartphone,Google,Pixel 7,buttons physically broken,Physical damage,Back glass;Frame;Housing,58,82.2,Intermediate
smartphone,Google,Pixel 7,housing cracked from impact,Physical damage,Back glass;Frame;Housing,69,79.8,Intermediate
smartphone,Google,Pixel 7,device dented from fall,Physical damage,Back glass;Frame;Housing,61,84.2,Intermediate
smartphone,Google,Pixel 7,device powers on but no display,Motherboard failure,Logic board;Processor;Power IC,148,62.8,Expert
smartphone,Google,Pixel 7,random shutdowns motherboard issue,Motherboard failure,Logic board;Processor;Power IC,145,63.1,Expert
smartphone,Google,Pixel 7,short circuit smell burning,Motherboard failure,Logic board;Processor;Power IC,152,63.9,Expert
smartphone,Google,Pixel 7,no boot beep codes,Motherboard failure,Logic board;Processor;Power IC,142,62.1,Expert
smartphone,Google,Pixel 7,device turns on for few seconds then dies,Motherboard failure,Logic board;Processor;Power IC,151,62.3,Expert
smartphone,Google,Pixel 7,screen rotation not working,Sensor failure,Proximity sensor;Accelerometer;Gyroscope;Fingerprint sensor,43,72.0,Advanced
smartphone,Google,Pixel 7,proximity sensor not working screen stays on,Sensor failure,Proximity sensor;Accelerometer;Gyroscope;Fingerprint sensor,51,75.7,Advanced
smartphone,Google,Pixel 7,fingerprint sensor not recognizing,Sensor failure,Proximity sensor;Accelerometer;Gyroscope;Fingerprint sensor,47,70.4,Advanced
smartphone,Google,Pixel 7,face id not working,Sensor failure,Proximity sensor;Accelerometer;Gyroscope;Fingerprint sensor,51,73.9,Advanced
smartphone,Google,Pixel 7,heart rate sensor not detecting,Sensor failure,Proximity sensor;Accelerometer;Gyroscope;Fingerprint sensor,53,75.4,Advanced
smartphone,OnePlus,11,won't turn on no power black screen,Power supply failure,Battery;Charging port;Logic board;Power IC,63,85.2,Intermediate
smartphone,OnePlus,11,completely dead not responding to power button,Power supply failure,Battery;Charging port;Logic board;Power IC,53,92.8,Intermediate
smartphone,OnePlus,11,no lights no signs of life,Power supply failure,Battery;Charging port;Logic board;Power IC,64,86.2,Intermediate
smartphone,OnePlus,11,power button not working device dead,Power supply failure,Battery;Charging port;Logic board;Power IC,52,91.0,Intermediate
smartphone,OnePlus,11,tried charging overnight still won't turn on,Power supply failure,Battery;Charging port;Logic board;Power IC,54,90.6,Intermediate
smartphone,OnePlus,11,dead battery not charging,Battery failure,Battery;Charging port;Charging IC,46,91.3,Beginner
smartphone,OnePlus,11,battery drains very fast only lasts 30 minutes,Battery failure,Battery;Charging port;Charging IC,50,90.6,Beginner
smartphone,OnePlus,11,charging but percentage not increasing,Battery failure,Battery;Charging port;Charging IC,41,96.4,Beginner
smartphone,OnePlus,11,battery swollen device bulging,Battery failure,Battery;Charging port;Charging IC,55,96.3,Beginner
smartphone,OnePlus,11,shows charging but battery percentage drops,Battery failure,Battery;Charging port;Charging IC,35,97.6,Beginner
smartphone,OnePlus,11,screen cracked broken display,Screen damage,Display;Touch screen;Digitizer;OLED panel,81,92.2,Advanced
smartphone,OnePlus,11,display shattered touch not working,Screen damage,Display;Touch screen;Digitizer;OLED panel,71,91.5,Advanced
smartphone,OnePlus,11,black spots on screen after drop,Screen damage,Display;Touch screen;Digitizer;OLED panel,83,92.3,Advanced
smartphone,OnePlus,11,screen flickering lines across display,Screen damage,Display;Touch screen;Digitizer;OLED panel,79,99.8,Advanced
smartphone,OnePlus,11,half screen not working after fall,Screen damage,Display;Touch screen;Digitizer;OLED panel,80,90.2,Advanced
smartphone,OnePlus,11,screen stays black but device is on,Display malfunction,Display connector;Display IC;Flex cable,54,81.5,Intermediate
smartphone,OnePlus,11,display very dim can barely see anything,Display malfunction,Display connector;Display IC;Flex cable,69,84.5,Intermediate
smartphone,OnePlus,11,screen flickers when moving lid,Display malfunction,Display connector;Display IC;Flex cable,57,83.1,Intermediate
smartphone,OnePlus,11,vertical lines on display,Display malfunction,Display connector;Display IC;Flex cable,65,81.4,Intermediate
smartphone,OnePlus,11,screen goes black randomly,Display malfunction,Display connector;Display IC;Flex cable,56,80.5,Intermediate
smartphone,OnePlus,11,slow performance lag freezing,Software issue,RAM;Storage;Operating system;System apps,87,81.8,Intermediate
smartphone,OnePlus,11,apps crash constantly won't stay open,Software issue,RAM;Storage;Operating system;System apps,91,83.3,Intermediate
smartphone,OnePlus,11,system freezes need to force restart,Software issue,RAM;Storage;Operating system;System apps,84,83.2,Intermediate
smartphone,OnePlus,11,very slow takes forever to open anything,Software issue,RAM;Storage;Operating system;System apps,86,83.4,Intermediate
smartphone,OnePlus,11,keeps restarting on its own,Software issue,RAM;Storage;Operating system;System apps,99,81.0,Intermediate
smartphone,OnePlus,11,overheating fan loud hot,Cooling system failure,Thermal sensor;Processor;Battery,68,85.0,Intermediate
smartphone,OnePlus,11,device gets extremely hot can't touch it,Cooling system failure,Thermal sensor;Processor;Battery,52,83.7,Intermediate
smartphone,OnePlus,11,fan running at full speed very noisy,Cooling system failure,Thermal sensor;Processor;Battery,63,87.0,Intermediate
smartphone,OnePlus,11,shuts down due to overheating,Cooling system failure,Thermal sensor;Processor;Battery,60,92.7,Intermediate
smartphone,OnePlus,11,bottom gets burning hot during use,Cooling system failure,Thermal sensor;Processor;Battery,62,90.1,Intermediate
smartphone,OnePlus,11,wifi not connecting no internet,Network failure,Wifi chip;Antenna;Network IC,31,93.2,Beginner
smartphone,OnePlus,11,bluetooth won't turn on greyed out,Network failure,Wifi chip;Antenna;Network IC,35,91.8,Beginner
smartphone,OnePlus,11,wifi keeps disconnecting every few minutes,Network failure,Wifi chip;Antenna;Network IC,25,88.9,Beginner
smartphone,OnePlus,11,can't find any wifi networks,Network failure,Wifi chip;Antenna;Network IC,26,91.2,Beginner
smartphone,OnePlus,11,network adapter not detected,Network failure,Wifi chip;Antenna;Network IC,23,94.6,Beginner
smartphone,OnePlus,11,touch screen not working,Touch failure,Digitizer;Touch IC;Display connector,55,86.2,Intermediate
smartphone,OnePlus,11,touch not responding after screen replacement,Touch failure,Digitizer;Touch IC;Display connector,47,77.3,Intermediate
smartphone,OnePlus,11,ghost touches screen taps by itself,Touch failure,Digitizer;Touch IC;Display connector,35,85.9,Intermediate
smartphone,OnePlus,11,touch works only in some areas,Touch failure,Digitizer;Touch IC;Display connector,37,78.3,Intermediate
smartphone,OnePlus,11,multitouch not working,Touch failure,Digitizer;Touch IC;Display connector,41,85.8,Intermediate
smartphone,OnePlus,11,no sound speaker audio issue,Audio failure,Speakers;Microphone;Audio IC,30,85.9,Beginner
smartphone,OnePlus,11,speakers crackling distorted sound,Audio failure,Speakers;Microphone;Audio IC,36,80.0,Beginner
smartphone,OnePlus,11,microphone not working during calls,Audio failure,Speakers;Microphone;Audio IC,26,87.4,Beginner
smartphone,OnePlus,11,audio only works with headphones,Audio failure,Speakers;Microphone;Audio IC,29,82.0,Beginner
smartphone,OnePlus,11,one speaker not working,Audio failure,Speakers;Microphone;Audio IC,22,82.9,Beginner
smartphone,OnePlus,11,usb ports not working,USB failure,USB-C port;Charging port;Port connector,48,82.4,Intermediate
smartphone,OnePlus,11,usb devices not recognized,USB failure,USB-C port;Charging port;Port connector,49,91.5,Intermediate
smartphone,OnePlus,11,charging port loose not connecting properly,USB failure,USB-C port;Charging port;Port connector,49,83.8,Intermediate
smartphone,OnePlus,11,usb port physically damaged,USB failure,USB-C port;Charging port;Port connector,46,87.5,Intermediate
smartphone,OnePlus,11,some usb ports work others don't,USB failure,USB-C port;Charging port;Port connector,45,87.0,Intermediate
smartphone,OnePlus,11,camera not working,Camera failure,Camera module;Lens;Camera connector;Camera IC,51,88.6,Intermediate
smartphone,OnePlus,11,camera shows black screen,Camera failure,Camera module;Lens;Camera connector;Camera IC,38,82.1,Intermediate
smartphone,OnePlus,11,camera blurry won't focus,Camera failure,Camera module;Lens;Camera connector;Camera IC,49,87.4,Intermediate
smartphone,OnePlus,11,front camera works but rear camera doesn't,Camera failure,Camera module;Lens;Camera connector;Camera IC,45,83.0,Intermediate
smartphone,OnePlus,11,camera app crashes when opened,Camera failure,Camera module;Lens;Camera connector;Camera IC,52,83.1,Intermediate
smartphone,OnePlus,11,hard drive not detected,Storage failure,NAND storage;Storage IC,81,70.3,Advanced
smartphone,OnePlus,11,storage full can't save anything,Storage failure,NAND storage;Storage IC,75,69.5,Advanced
smartphone,OnePlus,11,ssd failed system won't boot,Storage failure,NAND storage;Storage IC,68,66.8,Advanced
smartphone,OnePlus,11,corrupted storage data loss,Storage failure,NAND storage;Storage IC,72,74.0,Advanced
smartphone,OnePlus,11,disk errors constant warnings,Storage failure,NAND storage;Storage IC,82,71.0,Advanced
smartphone,OnePlus,11,dropped in water won't turn on,Water damage,Logic board;Battery;Display;Charging port,119,61.3,Expert
smartphone,OnePlus,11,liquid damage corrosion visible,Water damage,Logic board;Battery;Display;Charging port,111,56.2,Expert
smartphone,OnePlus,11,water indicator triggered device wet,Water damage,Logic board;Battery;Display;Charging port,119,63.4,Expert
smartphone,OnePlus,11,coffee spilled on device not working,Water damage,Logic board;Battery;Display;Charging port,119,59.9,Expert
smartphone,OnePlus,11,moisture inside screen foggy display,Water damage,Logic board;Battery;Display;Charging port,121,62.7,Expert
smartphone,OnePlus,11,dropped device cracked case,Physical damage,Back glass;Frame;Housing,53,83.8,Intermediate
smartphone,OnePlus,11,bent frame after sitting on it,Physical damage,Back glass;Frame;Housing,68,84.9,Intermediate
smartphone,OnePlus,11,buttons physically broken,Physical damage,Back glass;Frame;Housing,54,82.6,Intermediate
smartphone,OnePlus,11,housing cracked from impact,Physical damage,Back glass;Frame;Housing,53,80.6,Intermediate
smartphone,OnePlus,11,device dented from fall,Physical damage,Back glass;Frame;Housing,52,80.8,Intermediate
smartphone,OnePlus,11,device powers on but no display,Motherboard failure,Logic board;Processor;Power IC,145,60.8,Expert
smartphone,OnePlus,11,random shutdowns motherboard issue,Motherboard failure,Logic board;Processor;Power IC,145,61.3,Expert
smartphone,OnePlus,11,short circuit smell burning,Motherboard failure,Logic board;Processor;Power IC,148,64.3,Expert
smartphone,OnePlus,11,no boot beep codes,Motherboard failure,Logic board;Processor;Power IC,159,63.9,Expert
smartphone,OnePlus,11,device turns on for few seconds then dies,Motherboard failure,Logic board;Processor;Power IC,154,68.0,Expert
smartphone,OnePlus,11,screen rotation not working,Sensor failure,Proximity sensor;Accelerometer;Gyroscope;Fingerprint sensor,43,76.5,Advanced
smartphone,OnePlus,11,proximity sensor not working screen stays on,Sensor failure,Proximity sensor;Accelerometer;Gyroscope;Fingerprint sensor,50,78.8,Advanced
smartphone,OnePlus,11,fingerprint sensor not recognizing,Sensor failure,Proximity sensor;Accelerometer;Gyroscope;Fingerprint sensor,55,79.0,Advanced
smartphone,OnePlus,11,face id not working,Sensor failure,Proximity sensor;Accelerometer;Gyroscope;Fingerprint sensor,36,76.8,Advanced
smartphone,OnePlus,11,heart rate sensor not detecting,Sensor failure,Proximity sensor;Accelerometer;Gyroscope;Fingerprint sensor,35,73.8,Advanced
smartphone,Xiaomi,13 Pro,won't turn on no power black screen,Power supply failure,Battery;Charging port;Logic board;Power IC,51,92.9,Intermediate
smartphone,Xiaomi,13 Pro,completely dead not responding to power button,Power supply failure,Battery;Charging port;Logic board;Power IC,55,94.6,Intermediate
smartphone,Xiaomi,13 Pro,no lights no signs of life,Power supply failure,Battery;Charging port;Logic board;Power IC,54,91.8,Intermediate
smartphone,Xiaomi,13 Pro,power button not working device dead,Power supply failure,Battery;Charging port;Logic board;Power IC,55,92.3,Intermediate
smartphone,Xiaomi,13 Pro,tried charging overnight still won't turn on,Power supply failure,Battery;Charging port;Logic board;Power IC,54,93.1,Intermediate
smartphone,Xiaomi,13 Pro,dead battery not charging,Battery failure,Battery;Charging port;Charging IC,47,99.2,Beginner
smartphone,Xiaomi,13 Pro,battery drains very fast only lasts 30 minutes,Battery failure,Battery;Charging port;Charging IC,39,100.0,Beginner
smartphone,Xiaomi,13 Pro,charging but percentage not increasing,Battery failure,Battery;Charging port;Charging IC,55,95.4,Beginner
smartphone,Xiaomi,13 Pro,battery swollen device bulging,Battery failure,Battery;Charging port;Charging IC,54,90.3,Beginner
smartphone,Xiaomi,13 Pro,shows charging but battery percentage drops,Battery failure,Battery;Charging port;Charging IC,40,98.5,Beginner
smartphone,Xiaomi,13 Pro,screen cracked broken display,Screen damage,Display;Touch screen;Digitizer;OLED panel,75,99.7,Advanced
smartphone,Xiaomi,13 Pro,display shattered touch not working,Screen damage,Display;Touch screen;Digitizer;OLED panel,83,90.7,Advanced
smartphone,Xiaomi,13 Pro,black spots on screen after drop,Screen damage,Display;Touch screen;Digitizer;OLED panel,79,90.4,Advanced
smartphone,Xiaomi,13 Pro,screen flickering lines across display,Screen damage,Display;Touch screen;Digitizer;OLED panel,84,94.1,Advanced
smartphone,Xiaomi,13 Pro,half screen not working after fall,Screen damage,Display;Touch screen;Digitizer;OLED panel,85,94.8,Advanced
smartphone,Xiaomi,13 Pro,screen stays black but device is on,Display malfunction,Display connector;Display IC;Flex cable,69,84.5,Intermediate
smartphone,Xiaomi,13 Pro,display very dim can barely see anything,Display malfunction,Display connector;Display IC;Flex cable,54,86.4,Intermediate
smartphone,Xiaomi,13 Pro,screen flickers when moving lid,Display malfunction,Display connector;Display IC;Flex cable,56,83.6,Intermediate
smartphone,Xiaomi,13 Pro,vertical lines on display,Display malfunction,Display connector;Display IC;Flex cable,67,87.1,Intermediate
smartphone,Xiaomi,13 Pro,screen goes black randomly,Display malfunction,Display connector;Display IC;Flex cable,63,87.2,Intermediate
smartphone,Xiaomi,13 Pro,slow performance lag freezing,Software issue,RAM;Storage;Operating system;System apps,100,82.9,Intermediate
smartphone,Xiaomi,13 Pro,apps crash constantly won't stay open,Software issue,RAM;Storage;Operating system;System apps,94,81.4,Intermediate
smartphone,Xiaomi,13 Pro,system freezes need to force restart,Software issue,RAM;Storage;Operating system;System apps,88,82.3,Intermediate
smartphone,Xiaomi,13 Pro,very slow takes forever to open anything,Software issue,RAM;Storage;Operating system;System apps,94,89.9,Intermediate
smartphone,Xiaomi,13 Pro,keeps restarting on its own,Software issue,RAM;Storage;Operating system;System apps,95,90.0,Intermediate
smartphone,Xiaomi,13 Pro,overheating fan loud hot,Cooling system failure,Thermal sensor;Processor;Battery,59,90.8,Intermediate
smartphone,Xiaomi,13 Pro,device gets extremely hot can't touch it,Cooling system failure,Thermal sensor;Processor;Battery,58,88.8,Intermediate
smartphone,Xiaomi,13 Pro,fan running at full speed very noisy,Cooling system failure,Thermal sensor;Processor;Battery,70,92.5,Intermediate
smartphone,Xiaomi,13 Pro,shuts down due to overheating,Cooling system failure,Thermal sensor;Processor;Battery,64,84.7,Intermediate
smartphone,Xiaomi,13 Pro,bottom gets burning hot during use,Cooling system failure,Thermal sensor;Processor;Battery,58,85.3,Intermediate
smartphone,Xiaomi,13 Pro,wifi not connecting no internet,Network failure,Wifi chip;Antenna;Network IC,26,88.8,Beginner
smartphone,Xiaomi,13 Pro,bluetooth won't turn on greyed out,Network failure,Wifi chip;Antenna;Network IC,20,88.4,Beginner
smartphone,Xiaomi,13 Pro,wifi keeps disconnecting every few minutes,Network failure,Wifi chip;Antenna;Network IC,37,95.0,Beginner
smartphone,Xiaomi,13 Pro,can't find any wifi networks,Network failure,Wifi chip;Antenna;Network IC,29,94.8,Beginner
smartphone,Xiaomi,13 Pro,network adapter not detected,Network failure,Wifi chip;Antenna;Network IC,25,95.2,Beginner
smartphone,Xiaomi,13 Pro,touch screen not working,Touch failure,Digitizer;Touch IC;Display connector,52,81.1,Intermediate
smartphone,Xiaomi,13 Pro,touch not responding after screen replacement,Touch failure,Digitizer;Touch IC;Display connector,46,82.7,Intermediate
smartphone,Xiaomi,13 Pro,ghost touches screen taps by itself,Touch failure,Digitizer;Touch IC;Display connector,43,80.5,Intermediate
smartphone,Xiaomi,13 Pro,touch works only in some areas,Touch failure,Digitizer;Touch IC;Display connector,41,80.8,Intermediate
smartphone,Xiaomi,13 Pro,multitouch not working,Touch failure,Digitizer;Touch IC;Display connector,47,77.1,Intermediate
smartphone,Xiaomi,13 Pro,no sound speaker audio issue,Audio failure,Speakers;Microphone;Audio IC,35,88.8,Beginner
smartphone,Xiaomi,13 Pro,speakers crackling distorted sound,Audio failure,Speakers;Microphone;Audio IC,33,81.1,Beginner
smartphone,Xiaomi,13 Pro,microphone not working during calls,Audio failure,Speakers;Microphone;Audio IC,24,81.0,Beginner
smartphone,Xiaomi,13 Pro,audio only works with headphones,Audio failure,Speakers;Microphone;Audio IC,28,80.2,Beginner
smartphone,Xiaomi,13 Pro,one speaker not working,Audio failure,Speakers;Microphone;Audio IC,31,88.1,Beginner
smartphone,Xiaomi,13 Pro,usb ports not working,USB failure,USB-C port;Charging port;Port connector,38,88.7,Intermediate
smartphone,Xiaomi,13 Pro,usb devices not recognized,USB failure,USB-C port;Charging port;Port connector,55,88.2,Intermediate
smartphone,Xiaomi,13 Pro,charging port loose not connecting properly,USB failure,USB-C port;Charging port;Port connector,48,86.5,Intermediate
smartphone,Xiaomi,13 Pro,usb port physically damaged,USB failure,USB-C port;Charging port;Port connector,40,86.2,Intermediate
smartphone,Xiaomi,13 Pro,some usb ports work others don't,USB failure,USB-C port;Charging port;Port connector,36,91.9,Intermediate
smartphone,Xiaomi,13 Pro,camera not working,Camera failure,Camera module;Lens;Camera connector;Camera IC,37,90.1,Intermediate
smartphone,Xiaomi,13 Pro,camera shows black screen,Camera failure,Camera module;Lens;Camera connector;Camera IC,49,84.6,Intermediate
smartphone,Xiaomi,13 Pro,camera blurry won't focus,Camera failure,Camera module;Lens;Camera connector;Camera IC,46,90.9,Intermediate
smartphone,Xiaomi,13 Pro,front camera works but rear camera doesn't,Camera failure,Camera module;Lens;Camera connector;Camera IC,47,82.4,Intermediate
smartphone,Xiaomi,13 Pro,camera app crashes when opened,Camera failure,Camera module;Lens;Camera connector;Camera IC,37,85.3,Intermediate
smartphone,Xiaomi,13 Pro,hard drive not detected,Storage failure,NAND storage;Storage IC,75,73.9,Advanced
smartphone,Xiaomi,13 Pro,storage full can't save anything,Storage failure,NAND storage;Storage IC,80,70.7,Advanced
smartphone,Xiaomi,13 Pro,ssd failed system won't boot,Storage failure,NAND storage;Storage IC,78,72.2,Advanced
smartphone,Xiaomi,13 Pro,corrupted storage data loss,Storage failure,NAND storage;Storage IC,83,67.5,Advanced
smartphone,Xiaomi,13 Pro,disk errors constant warnings,Storage failure,NAND storage;Storage IC,77,69.1,Advanced
smartphone,Xiaomi,13 Pro,dropped in water won't turn on,Water damage,Logic board;Battery;Display;Charging port,111,60.2,Expert
smartphone,Xiaomi,13 Pro,liquid damage corrosion visible,Water damage,Logic board;Battery;Display;Charging port,123,63.3,Expert
smartphone,Xiaomi,13 Pro,water indicator triggered device wet,Water damage,Logic board;Battery;Display;Charging port,118,57.8,Expert
smartphone,Xiaomi,13 Pro,coffee spilled on device not working,Water damage,Logic board;Battery;Display;Charging port,114,64.2,Expert
smartphone,Xiaomi,13 Pro,moisture inside screen foggy display,Water damage,Logic board;Battery;Display;Charging port,119,63.6,Expert
smartphone,Xiaomi,13 Pro,dropped device cracked case,Physical damage,Back glass;Frame;Housing,68,76.1,Intermediate
smartphone,Xiaomi,13 Pro,bent frame after sitting on it,Physical damage,Back glass;Frame;Housing,50,77.4,Intermediate
smartphone,Xiaomi,13 Pro,buttons physically broken,Physical damage,Back glass;Frame;Housing,51,77.3,Intermediate
smartphone,Xiaomi,13 Pro,housing cracked from impact,Physical damage,Back glass;Frame;Housing,70,77.4,Intermediate
smartphone,Xiaomi,13 Pro,device dented from fall,Physical damage,Back glass;Frame;Housing,57,81.4,Intermediate
smartphone,Xiaomi,13 Pro,device powers on but no display,Motherboard failure,Logic board;Processor;Power IC,143,65.5,Expert
smartphone,Xiaomi,13 Pro,random shutdowns motherboard issue,Motherboard failure,Logic board;Processor;Power IC,157,62.9,Expert
smartphone,Xiaomi,13 Pro,short circuit smell burning,Motherboard failure,Logic board;Processor;Power IC,147,61.2,Expert
smartphone,Xiaomi,13 Pro,no boot beep codes,Motherboard failure,Logic board;Processor;Power IC,150,63.8,Expert
smartphone,Xiaomi,13 Pro,device turns on for few seconds then dies,Motherboard failure,Logic board;Processor;Power IC,155,62.0,Expert
smartphone,Xiaomi,13 Pro,screen rotation not working,Sensor failure,Proximity sensor;Accelerometer;Gyroscope;Fingerprint sensor,53,77.1,Advanced
smartphone,Xiaomi,13 Pro,proximity sensor not working screen stays on,Sensor failure,Proximity sensor;Accelerometer;Gyroscope;Fingerprint sensor,53,75.7,Advanced
smartphone,Xiaomi,13 Pro,fingerprint sensor not recognizing,Sensor failure,Proximity sensor;Accelerometer;Gyroscope;Fingerprint sensor,53,73.9,Advanced
smartphone,Xiaomi,13 Pro,face id not working,Sensor failure,Proximity sensor;Accelerometer;Gyroscope;Fingerprint sensor,40,79.0,Advanced
smartphone,Xiaomi,13 Pro,heart rate sensor not detecting,Sensor failure,Proximity sensor;Accelerometer;Gyroscope;Fingerprint sensor,41,79.6,Advanced
tablet,Apple,iPad Pro,won't turn on no power black screen,Power supply failure,Battery;Charging port;Logic board;Power management IC,53,85.8,Intermediate
tablet,Apple,iPad Pro,completely dead not responding to power button,Power supply failure,Battery;Charging port;Logic board;Power management IC,66,94.5,Intermediate
tablet,Apple,iPad Pro,no lights no signs of life,Power supply failure,Battery;Charging port;Logic board;Power management IC,62,91.2,Intermediate
tablet,Apple,iPad Pro,power button not working device dead,Power supply failure,Battery;Charging port;Logic board;Power management IC,66,94.4,Intermediate
tablet,Apple,iPad Pro,tried charging overnight still won't turn on,Power supply failure,Battery;Charging port;Logic board;Power management IC,59,92.0,Intermediate
tablet,Apple,iPad Pro,dead battery not charging,Battery failure,Battery;Charging port;Battery management IC,41,90.1,Beginner
tablet,Apple,iPad Pro,battery drains very fast only lasts 30 minutes,Battery failure,Battery;Charging port;Battery management IC,52,94.8,Beginner
tablet,Apple,iPad Pro,charging but percentage not increasing,Battery failure,Battery;Charging port;Battery management IC,42,98.2,Beginner
tablet,Apple,iPad Pro,battery swollen device bulging,Battery failure,Battery;Charging port;Battery management IC,37,97.5,Beginner
tablet,Apple,iPad Pro,shows charging but battery percentage drops,Battery failure,Battery;Charging port;Battery management IC,47,93.1,Beginner
tablet,Apple,iPad Pro,screen cracked broken display,Screen damage,Display;Touch screen;LCD assembly,72,96.0,Advanced
tablet,Apple,iPad Pro,display shattered touch not working,Screen damage,Display;Touch screen;LCD assembly,78,99.5,Advanced
tablet,Apple,iPad Pro,black spots on screen after drop,Screen damage,Display;Touch screen;LCD assembly,70,99.1,Advanced
tablet,Apple,iPad Pro,screen flickering lines across display,Screen damage,Display;Touch screen;LCD assembly,74,97.5,Advanced
tablet,Apple,iPad Pro,half screen not working after fall,Screen damage,Display;Touch screen;LCD assembly,78,90.1,Advanced
tablet,Apple,iPad Pro,screen stays black but device is on,Display malfunction,Display connector;LCD controller,66,84.4,Intermediate
tablet,Apple,iPad Pro,display very dim can barely see anything,Display malfunction,Display connector;LCD controller,52,80.6,Intermediate
tablet,Apple,iPad Pro,screen flickers when moving lid,Display malfunction,Display connector;LCD controller,68,87.3,Intermediate
tablet,Apple,iPad Pro,vertical lines on display,Display malfunction,Display connector;LCD controller,70,89.1,Intermediate
tablet,Apple,iPad Pro,screen goes black randomly,Display malfunction,Display connector;LCD controller,61,84.2,Intermediate
tablet,Apple,iPad Pro,slow performance lag freezing,Software issue,RAM;Storage;Operating system,87,81.7,Intermediate
tablet,Apple,iPad Pro,apps crash constantly won't stay open,Software issue,RAM;Storage;Operating system,94,84.8,Intermediate
tablet,Apple,iPad Pro,system freezes need to force restart,Software issue,RAM;Storage;Operating system,90,86.8,Intermediate
tablet,Apple,iPad Pro,very slow takes forever to open anything,Software issue,RAM;Storage;Operating system,86,86.0,Intermediate
tablet,Apple,iPad Pro,keeps restarting on its own,Software issue,RAM;Storage;Operating system,81,87.4,Intermediate
tablet,Apple,iPad Pro,overheating fan loud hot,Cooling system failure,Thermal management;Processor,67,92.0,Intermediate
tablet,Apple,iPad Pro,device gets extremely hot can't touch it,Cooling system failure,Thermal management;Processor,61,84.2,Intermediate
tablet,Apple,iPad Pro,fan running at full speed very noisy,Cooling system failure,Thermal management;Processor,59,84.0,Intermediate
tablet,Apple,iPad Pro,shuts down due to overheating,Cooling system failure,Thermal management;Processor,67,87.8,Intermediate
tablet,Apple,iPad Pro,bottom gets burning hot during use,Cooling system failure,Thermal management;Processor,54,92.9,Intermediate
tablet,Apple,iPad Pro,wifi not connecting no internet,Network failure,Wifi module;Antenna,34,95.8,Beginner
tablet,Apple,iPad Pro,bluetooth won't turn on greyed out,Network failure,Wifi module;Antenna,22,90.9,Beginner
tablet,Apple,iPad Pro,wifi keeps disconnecting every few minutes,Network failure,Wifi module;Antenna,27,89.3,Beginner
tablet,Apple,iPad Pro,can't find any wifi networks,Network failure,Wifi module;Antenna,38,87.5,Beginner
tablet,Apple,iPad Pro,network adapter not detected,Network failure,Wifi module;Antenna,38,87.2,Beginner
tablet,Apple,iPad Pro,keyboard not working some keys,Keyboard failure,On-screen keyboard;Touch digitizer,41,87.8,Intermediate
tablet,Apple,iPad Pro,several keys don't respond when pressed,Keyboard failure,On-screen keyboard;Touch digitizer,55,90.8,Intermediate
tablet,Apple,iPad Pro,keyboard types wrong characters,Keyboard failure,On-screen keyboard;Touch digitizer,39,85.3,Intermediate
tablet,Apple,iPad Pro,spacebar and enter key not working,Keyboard failure,On-screen keyboard;Touch digitizer,36,90.3,Intermediate
tablet,Apple,iPad Pro,liquid spilled on keyboard not working,Keyboard failure,On-screen keyboard;Touch digitizer,50,91.8,Intermediate
tablet,Apple,iPad Pro,touch screen not working,Touch failure,Touch digitizer;Touch controller,45,83.4,Intermediate
tablet,Apple,iPad Pro,touch not responding after screen replacement,Touch failure,Touch digitizer;Touch controller,43,82.3,Intermediate
tablet,Apple,iPad Pro,ghost touches screen taps by itself,Touch failure,Touch digitizer;Touch controller,37,83.4,Intermediate
tablet,Apple,iPad Pro,touch works only in some areas,Touch failure,Touch digitizer;Touch controller,39,85.3,Intermediate
tablet,Apple,iPad Pro,multitouch not working,Touch failure,Touch digitizer;Touch controller,49,77.8,Intermediate
tablet,Apple,iPad Pro,no sound speaker audio issue,Audio failure,Speakers;Audio board,35,85.4,Beginner
tablet,Apple,iPad Pro,speakers crackling distorted sound,Audio failure,Speakers;Audio board,27,84.2,Beginner
tablet,Apple,iPad Pro,microphone not working during calls,Audio failure,Speakers;Audio board,26,82.2,Beginner
tablet,Apple,iPad Pro,audio only works with headphones,Audio failure,Speakers;Audio board,39,87.9,Beginner
tablet,Apple,iPad Pro,one speaker not working,Audio failure,Speakers;Audio board,34,87.8,Beginner
tablet,Apple,iPad Pro,usb ports not working,USB failure,USB port;Charging port,37,83.6,Intermediate
tablet,Apple,iPad Pro,usb devices not recognized,USB failure,USB port;Charging port,48,83.5,Intermediate
tablet,Apple,iPad Pro,charging port loose not connecting properly,USB failure,USB port;Charging port,41,84.9,Intermediate
tablet,Apple,iPad Pro,usb port physically damaged,USB failure,USB port;Charging port,42,83.1,Intermediate
tablet,Apple,iPad Pro,some usb ports work others don't,USB failure,USB port;Charging port,55,85.1,Intermediate
tablet,Apple,iPad Pro,camera not working,Camera failure,Camera module;Camera software,38,89.1,Intermediate
tablet,Apple,iPad Pro,camera shows black screen,Camera failure,Camera module;Camera software,51,90.1,Intermediate
tablet,Apple,iPad Pro,camera blurry won't focus,Camera failure,Camera module;Camera software,36,82.5,Intermediate
tablet,Apple,iPad Pro,front camera works but rear camera doesn't,Camera failure,Camera module;Camera software,40,83.0,Intermediate
tablet,Apple,iPad Pro,camera app crashes when opened,Camera failure,Camera module;Camera software,50,88.0,Intermediate
tablet,Apple,iPad Pro,hard drive not detected,Storage failure,Internal storage;Storage controller,70,70.2,Advanced
tablet,Apple,iPad Pro,storage full can't save anything,Storage failure,Internal storage;Storage controller,80,72.6,Advanced
tablet,Apple,iPad Pro,ssd failed system won't boot,Storage failure,Internal storage;Storage controller,66,74.4,Advanced
tablet,Apple,iPad Pro,corrupted storage data loss,Storage failure,Internal storage;Storage controller,71,68.2,Advanced
tablet,Apple,iPad Pro,disk errors constant warnings,Storage failure,Internal storage;Storage controller,65,74.4,Advanced
tablet,Apple,iPad Pro,dropped in water won't turn on,Water damage,Logic board;Battery;Display,119,57.8,Expert
tablet,Apple,iPad Pro,liquid damage corrosion visible,Water damage,Logic board;Battery;Display,116,62.3,Expert
tablet,Apple,iPad Pro,water indicator triggered device wet,Water damage,Logic board;Battery;Display,116,60.4,Expert
tablet,Apple,iPad Pro,coffee spilled on device not working,Water damage,Logic board;Battery;Display,114,63.9,Expert
tablet,Apple,iPad Pro,moisture inside screen foggy display,Water damage,Logic board;Battery;Display,125,60.3,Expert
tablet,Apple,iPad Pro,dropped device cracked case,Physical damage,Housing;Frame;Back panel,54,84.0,Intermediate
tablet,Apple,iPad Pro,bent frame after sitting on it,Physical damage,Housing;Frame;Back panel,68,78.5,Intermediate
tablet,Apple,iPad Pro,buttons physically broken,Physical damage,Housing;Frame;Back panel,70,77.7,Intermediate
tablet,Apple,iPad Pro,housing cracked from impact,Physical damage,Housing;Frame;Back panel,57,81.8,Intermediate
tablet,Apple,iPad Pro,device dented from fall,Physical damage,Housing;Frame;Back panel,59,84.1,Intermediate
tablet,Apple,iPad Pro,device powers on but no display,Motherboard failure,Logic board;Processor,148,65.2,Expert
tablet,Apple,iPad Pro,random shutdowns motherboard issue,Motherboard failure,Logic board;Processor,154,68.5,Expert
tablet,Apple,iPad Pro,short circuit smell burning,Motherboard failure,Logic board;Processor,143,62.6,Expert
tablet,Apple,iPad Pro,no boot beep codes,Motherboard failure,Logic board;Processor,157,60.1,Expert
tablet,Apple,iPad Pro,device turns on for few seconds then dies,Motherboard failure,Logic board;Processor,145,69.7,Expert
tablet,Apple,iPad Pro,screen rotation not working,Sensor failure,Accelerometer;Gyroscope;Ambient light sensor,39,79.9,Advanced
tablet,Apple,iPad Pro,proximity sensor not working screen stays on,Sensor failure,Accelerometer;Gyroscope;Ambient light sensor,54,77.0,Advanced
tablet,Apple,iPad Pro,fingerprint sensor not recognizing,Sensor failure,Accelerometer;Gyroscope;Ambient light sensor,35,78.6,Advanced
tablet,Apple,iPad Pro,face id not working,Sensor failure,Accelerometer;Gyroscope;Ambient light sensor,48,77.4,Advanced
tablet,Apple,iPad Pro,heart rate sensor not detecting,Sensor failure,Accelerometer;Gyroscope;Ambient light sensor,45,79.1,Advanced
tablet,Samsung,Galaxy Tab S8,won't turn on no power black screen,Power supply failure,Battery;Charging port;Logic board;Power management IC,61,93.1,Intermediate
tablet,Samsung,Galaxy Tab S8,completely dead not responding to power button,Power supply failure,Battery;Charging port;Logic board;Power management IC,51,87.8,Intermediate
tablet,Samsung,Galaxy Tab S8,no lights no signs of life,Power supply failure,Battery;Charging port;Logic board;Power management IC,52,94.2,Intermediate
tablet,Samsung,Galaxy Tab S8,power button not working device dead,Power supply failure,Battery;Charging port;Logic board;Power management IC,64,92.7,Intermediate
tablet,Samsung,Galaxy Tab S8,tried charging overnight still won't turn on,Power supply failure,Battery;Charging port;Logic board;Power management IC,63,86.6,Intermediate
tablet,Samsung,Galaxy Tab S8,dead battery not charging,Battery failure,Battery;Charging port;Battery management IC,38,97.8,Beginner
tablet,Samsung,Galaxy Tab S8,battery drains very fast only lasts 30 minutes,Battery failure,Battery;Charging port;Battery management IC,40,91.7,Beginner
tablet,Samsung,Galaxy Tab S8,charging but percentage not increasing,Battery failure,Battery;Charging port;Battery management IC,41,94.0,Beginner
tablet,Samsung,Galaxy Tab S8,battery swollen device bulging,Battery failure,Battery;Charging port;Battery management IC,49,95.7,Beginner
tablet,Samsung,Galaxy Tab S8,shows charging but battery percentage drops,Battery failure,Battery;Charging port;Battery management IC,45,99.5,Beginner
tablet,Samsung,Galaxy Tab S8,screen cracked broken display,Screen damage,Display;Touch screen;LCD assembly,73,94.1,Advanced
tablet,Samsung,Galaxy Tab S8,display shattered touch not working,Screen damage,Display;Touch screen;LCD assembly,65,93.1,Advanced
tablet,Samsung,Galaxy Tab S8,black spots on screen after drop,Screen damage,Display;Touch screen;LCD assembly,82,98.7,Advanced
tablet,Samsung,Galaxy Tab S8,screen flickering lines across display,Screen damage,Display;Touch screen;LCD assembly,84,97.5,Advanced
tablet,Samsung,Galaxy Tab S8,half screen not working after fall,Screen damage,Display;Touch screen;LCD assembly,73,97.0,Advanced
tablet,Samsung,Galaxy Tab S8,screen stays black but device is on,Display malfunction,Display connector;LCD controller,64,86.0,Intermediate
tablet,Samsung,Galaxy Tab S8,display very dim can barely see anything,Display malfunction,Display connector;LCD controller,60,85.2,Intermediate
tablet,Samsung,Galaxy Tab S8,screen flickers when moving lid,Display malfunction,Display connector;LCD controller,50,89.7,Intermediate
tablet,Samsung,Galaxy Tab S8,vertical lines on display,Display malfunction,Display connector;LCD controller,65,88.1,Intermediate
tablet,Samsung,Galaxy Tab S8,screen goes black randomly,Display malfunction,Display connector;LCD controller,64,81.4,Intermediate
tablet,Samsung,Galaxy Tab S8,slow performance lag freezing,Software issue,RAM;Storage;Operating system,83,83.9,Intermediate
tablet,Samsung,Galaxy Tab S8,apps crash constantly won't stay open,Software issue,RAM;Storage;Operating system,97,83.1,Intermediate
tablet,Samsung,Galaxy Tab S8,system freezes need to force restart,Software issue,RAM;Storage;Operating system,84,89.8,Intermediate
tablet,Samsung,Galaxy Tab S8,very slow takes forever to open anything,Software issue,RAM;Storage;Operating system,94,83.6,Intermediate
tablet,Samsung,Galaxy Tab S8,keeps restarting on its own,Software issue,RAM;Storage;Operating system,83,87.8,Intermediate
tablet,Samsung,Galaxy Tab S8,overheating fan loud hot,Cooling system failure,Thermal management;Processor,57,90.9,Intermediate
tablet,Samsung,Galaxy Tab S8,device gets extremely hot can't touch it,Cooling system failure,Thermal management;Processor,53,89.4,Intermediate
tablet,Samsung,Galaxy Tab S8,fan running at full speed very noisy,Cooling system failure,Thermal management;Processor,50,91.9,Intermediate
tablet,Samsung,Galaxy Tab S8,shuts down due to overheating,Cooling system failure,Thermal management;Processor,69,88.0,Intermediate
tablet,Samsung,Galaxy Tab S8,bottom gets burning hot during use,Cooling system failure,Thermal management;Processor,60,91.4,Intermediate
tablet,Samsung,Galaxy Tab S8,wifi not connecting no internet,Network failure,Wifi module;Antenna,25,87.7,Beginner
tablet,Samsung,Galaxy Tab S8,bluetooth won't turn on greyed out,Network failure,Wifi module;Antenna,40,90.4,Beginner
tablet,Samsung,Galaxy Tab S8,wifi keeps disconnecting every few minutes,Network failure,Wifi module;Antenna,39,92.9,Beginner
tablet,Samsung,Galaxy Tab S8,can't find any wifi networks,Network failure,Wifi module;Antenna,26,88.3,Beginner
tablet,Samsung,Galaxy Tab S8,network adapter not detected,Network failure,Wifi module;Antenna,24,93.0,Beginner
tablet,Samsung,Galaxy Tab S8,keyboard not working some keys,Keyboard failure,On-screen keyboard;Touch digitizer,35,90.3,Intermediate
tablet,Samsung,Galaxy Tab S8,several keys don't respond when pressed,Keyboard failure,On-screen keyboard;Touch digitizer,51,91.8,Intermediate
tablet,Samsung,Galaxy Tab S8,keyboard types wrong characters,Keyboard failure,On-screen keyboard;Touch digitizer,53,88.3,Intermediate
tablet,Samsung,Galaxy Tab S8,spacebar and enter key not working,Keyboard failure,On-screen keyboard;Touch digitizer,38,93.7,Intermediate
tablet,Samsung,Galaxy Tab S8,liquid spilled on keyboard not working,Keyboard failure,On-screen keyboard;Touch digitizer,43,94.3,Intermediate
tablet,Samsung,Galaxy Tab S8,touch screen not working,Touch failure,Touch digitizer;Touch controller,49,79.3,Intermediate
tablet,Samsung,Galaxy Tab S8,touch not responding after screen replacement,Touch failure,Touch digitizer;Touch controller,49,77.2,Intermediate
tablet,Samsung,Galaxy Tab S8,ghost touches screen taps by itself,Touch failure,Touch digitizer;Touch controller,42,77.9,Intermediate
tablet,Samsung,Galaxy Tab S8,touch works only in some areas,Touch failure,Touch digitizer;Touch controller,42,80.7,Intermediate
tablet,Samsung,Galaxy Tab S8,multitouch not working,Touch failure,Touch digitizer;Touch controller,43,80.7,Intermediate
tablet,Samsung,Galaxy Tab S8,no sound speaker audio issue,Audio failure,Speakers;Audio board,33,85.8,Beginner
tablet,Samsung,Galaxy Tab S8,speakers crackling distorted sound,Audio failure,Speakers;Audio board,36,82.8,Beginner
tablet,Samsung,Galaxy Tab S8,microphone not working during calls,Audio failure,Speakers;Audio board,37,85.1,Beginner
tablet,Samsung,Galaxy Tab S8,audio only works with headphones,Audio failure,Speakers;Audio board,38,82.8,Beginner
tablet,Samsung,Galaxy Tab S8,one speaker not working,Audio failure,Speakers;Audio board,27,85.3,Beginner
tablet,Samsung,Galaxy Tab S8,usb ports not working,USB failure,USB port;Charging port,51,84.0,Intermediate
tablet,Samsung,Galaxy Tab S8,usb devices not recognized,USB failure,USB port;Charging port,38,91.1,Intermediate
tablet,Samsung,Galaxy Tab S8,charging port loose not connecting properly,USB failure,USB port;Charging port,41,88.0,Intermediate
tablet,Samsung,Galaxy Tab S8,usb port physically damaged,USB failure,USB port;Charging port,51,89.0,Intermediate
tablet,Samsung,Galaxy Tab S8,some usb ports work others don't,USB failure,USB port;Charging port,48,88.6,Intermediate
tablet,Samsung,Galaxy Tab S8,camera not working,Camera failure,Camera module;Camera software,46,88.2,Intermediate
tablet,Samsung,Galaxy Tab S8,camera shows black screen,Camera failure,Camera module;Camera software,38,87.9,Intermediate
tablet,Samsung,Galaxy Tab S8,camera blurry won't focus,Camera failure,Camera module;Camera software,45,87.4,Intermediate
tablet,Samsung,Galaxy Tab S8,front camera works but rear camera doesn't,Camera failure,Camera module;Camera software,41,85.5,Intermediate
tablet,Samsung,Galaxy Tab S8,camera app crashes when opened,Camera failure,Camera module;Camera software,46,91.0,Intermediate
tablet,Samsung,Galaxy Tab S8,hard drive not detected,Storage failure,Internal storage;Storage controller,73,69.2,Advanced
tablet,Samsung,Galaxy Tab S8,storage full can't save anything,Storage failure,Internal storage;Storage controller,67,70.1,Advanced
tablet,Samsung,Galaxy Tab S8,ssd failed system won't boot,Storage failure,Internal storage;Storage controller,77,69.1,Advanced
tablet,Samsung,Galaxy Tab S8,corrupted storage data loss,Storage failure,Internal storage;Storage controller,73,66.0,Advanced
tablet,Samsung,Galaxy Tab S8,disk errors constant warnings,Storage failure,Internal storage;Storage controller,77,65.8,Advanced
tablet,Samsung,Galaxy Tab S8,dropped in water won't turn on,Water damage,Logic board;Battery;Display,125,63.9,Expert
tablet,Samsung,Galaxy Tab S8,liquid damage corrosion visible,Water damage,Logic board;Battery;Display,129,57.6,Expert
tablet,Samsung,Galaxy Tab S8,water indicator triggered device wet,Water damage,Logic board;Battery;Display,121,64.1,Expert
tablet,Samsung,Galaxy Tab S8,coffee spilled on device not working,Water damage,Logic board;Battery;Display,126,59.5,Expert
tablet,Samsung,Galaxy Tab S8,moisture inside screen foggy display,Water damage,Logic board;Battery;Display,126,58.2,Expert
tablet,Samsung,Galaxy Tab S8,dropped device cracked case,Physical damage,Housing;Frame;Back panel,56,77.9,Intermediate
tablet,Samsung,Galaxy Tab S8,bent frame after sitting on it,Physical damage,Housing;Frame;Back panel,54,82.0,Intermediate
tablet,Samsung,Galaxy Tab S8,buttons physically broken,Physical damage,Housing;Frame;Back panel,65,77.2,Intermediate
tablet,Samsung,Galaxy Tab S8,housing cracked from impact,Physical damage,Housing;Frame;Back panel,68,78.3,Intermediate
tablet,Samsung,Galaxy Tab S8,device dented from fall,Physical damage,Housing;Frame;Back panel,62,82.8,Intermediate
tablet,Samsung,Galaxy Tab S8,device powers on but no display,Motherboard failure,Logic board;Processor,142,64.9,Expert
tablet,Samsung,Galaxy Tab S8,random shutdowns motherboard issue,Motherboard failure,Logic board;Processor,153,66.8,Expert
tablet,Samsung,Galaxy Tab S8,short circuit smell burning,Motherboard failure,Logic board;Processor,150,66.5,Expert
tablet,Samsung,Galaxy Tab S8,no boot beep codes,Motherboard failure,Logic board;Processor,159,63.4,Expert
tablet,Samsung,Galaxy Tab S8,device turns on for few seconds then dies,Motherboard failure,Logic board;Processor,158,62.6,Expert
tablet,Samsung,Galaxy Tab S8,screen rotation not working,Sensor failure,Accelerometer;Gyroscope;Ambient light sensor,50,71.5,Advanced
tablet,Samsung,Galaxy Tab S8,proximity sensor not working screen stays on,Sensor failure,Accelerometer;Gyroscope;Ambient light sensor,50,71.0,Advanced
tablet,Samsung,Galaxy Tab S8,fingerprint sensor not recognizing,Sensor failure,Accelerometer;Gyroscope;Ambient light sensor,35,71.0,Advanced
tablet,Samsung,Galaxy Tab S8,face id not working,Sensor failure,Accelerometer;Gyroscope;Ambient light sensor,42,77.5,Advanced
tablet,Samsung,Galaxy Tab S8,heart rate sensor not detecting,Sensor failure,Accelerometer;Gyroscope;Ambient light sensor,39,79.1,Advanced
tablet,Microsoft,Surface Pro 9,won't turn on no power black screen,Power supply failure,Battery;Charging port;Logic board;Power management IC,59,93.3,Intermediate
tablet,Microsoft,Surface Pro 9,completely dead not responding to power button,Power supply failure,Battery;Charging port;Logic board;Power management IC,61,91.0,Intermediate
tablet,Microsoft,Surface Pro 9,no lights no signs of life,Power supply failure,Battery;Charging port;Logic board;Power management IC,55,90.9,Intermediate
tablet,Microsoft,Surface Pro 9,power button not working device dead,Power supply failure,Battery;Charging port;Logic board;Power management IC,57,91.1,Intermediate
tablet,Microsoft,Surface Pro 9,tried charging overnight still won't turn on,Power supply failure,Battery;Charging port;Logic board;Power management IC,66,89.2,Intermediate
tablet,Microsoft,Surface Pro 9,dead battery not charging,Battery failure,Battery;Charging port;Battery management IC,37,96.5,Beginner
tablet,Microsoft,Surface Pro 9,battery drains very fast only lasts 30 minutes,Battery failure,Battery;Charging port;Battery management IC,53,94.1,Beginner
tablet,Microsoft,Surface Pro 9,charging but percentage not increasing,Battery failure,Battery;Charging port;Battery management IC,35,97.9,Beginner
tablet,Microsoft,Surface Pro 9,battery swollen device bulging,Battery failure,Battery;Charging port;Battery management IC,52,98.2,Beginner
tablet,Microsoft,Surface Pro 9,shows charging but battery percentage drops,Battery failure,Battery;Charging port;Battery management IC,36,99.0,Beginner
tablet,Microsoft,Surface Pro 9,screen cracked broken display,Screen damage,Display;Touch screen;LCD assembly,76,94.5,Advanced
tablet,Microsoft,Surface Pro 9,display shattered touch not working,Screen damage,Display;Touch screen;LCD assembly,79,90.3,Advanced
tablet,Microsoft,Surface Pro 9,black spots on screen after drop,Screen damage,Display;Touch screen;LCD assembly,80,96.9,Advanced
tablet,Microsoft,Surface Pro 9,screen flickering lines across display,Screen damage,Display;Touch screen;LCD assembly,76,99.1,Advanced
tablet,Microsoft,Surface Pro 9,half screen not working after fall,Screen damage,Display;Touch screen;LCD assembly,71,93.4,Advanced
tablet,Microsoft,Surface Pro 9,screen stays black but device is on,Display malfunction,Display connector;LCD controller,50,87.2,Intermediate
tablet,Microsoft,Surface Pro 9,display very dim can barely see anything,Display malfunction,Display connector;LCD controller,53,86.1,Intermediate
tablet,Microsoft,Surface Pro 9,screen flickers when moving lid,Display malfunction,Display connector;LCD controller,50,89.2,Intermediate
tablet,Microsoft,Surface Pro 9,vertical lines on display,Display malfunction,Display connector;LCD controller,54,87.0,Intermediate
tablet,Microsoft,Surface Pro 9,screen goes black randomly,Display malfunction,Display connector;LCD controller,61,87.1,Intermediate
tablet,Microsoft,Surface Pro 9,slow performance lag freezing,Software issue,RAM;Storage;Operating system,90,84.7,Intermediate
tablet,Microsoft,Surface Pro 9,apps crash constantly won't stay open,Software issue,RAM;Storage;Operating system,92,81.8,Intermediate
tablet,Microsoft,Surface Pro 9,system freezes need to force restart,Software issue,RAM;Storage;Operating system,87,84.5,Intermediate
tablet,Microsoft,Surface Pro 9,very slow takes forever to open anything,Software issue,RAM;Storage;Operating system,83,84.0,Intermediate
tablet,Microsoft,Surface Pro 9,keeps restarting on its own,Software issue,RAM;Storage;Operating system,93,83.6,Intermediate
tablet,Microsoft,Surface Pro 9,overheating fan loud hot,Cooling system failure,Thermal management;Processor,70,84.1,Intermediate
tablet,Microsoft,Surface Pro 9,device gets extremely hot can't touch it,Cooling system failure,Thermal management;Processor,53,86.8,Intermediate
tablet,Microsoft,Surface Pro 9,fan running at full speed very noisy,Cooling system failure,Thermal management;Processor,50,86.8,Intermediate
tablet,Microsoft,Surface Pro 9,shuts down due to overheating,Cooling system failure,Thermal management;Processor,69,87.3,Intermediate
tablet,Microsoft,Surface Pro 9,bottom gets burning hot during use,Cooling system failure,Thermal management;Processor,52,89.5,Intermediate
tablet,Microsoft,Surface Pro 9,wifi not connecting no internet,Network failure,Wifi module;Antenna,34,91.2,Beginner
tablet,Microsoft,Surface Pro 9,bluetooth won't turn on greyed out,Network failure,Wifi module;Antenna,33,87.5,Beginner
tablet,Microsoft,Surface Pro 9,wifi keeps disconnecting every few minutes,Network failure,Wifi module;Antenna,37,92.3,Beginner
tablet,Microsoft,Surface Pro 9,can't find any wifi networks,Network failure,Wifi module;Antenna,26,93.2,Beginner
tablet,Microsoft,Surface Pro 9,network adapter not detected,Network failure,Wifi module;Antenna,21,96.1,Beginner
tablet,Microsoft,Surface Pro 9,keyboard not working some keys,Keyboard failure,On-screen keyboard;Touch digitizer,55,94.9,Intermediate
tablet,Microsoft,Surface Pro 9,several keys don't respond when pressed,Keyboard failure,On-screen keyboard;Touch digitizer,35,90.6,Intermediate
tablet,Microsoft,Surface Pro 9,keyboard types wrong characters,Keyboard failure,On-screen keyboard;Touch digitizer,47,95.0,Intermediate
tablet,Microsoft,Surface Pro 9,spacebar and enter key not working,Keyboard failure,On-screen keyboard;Touch digitizer,54,91.5,Intermediate
tablet,Microsoft,Surface Pro 9,liquid spilled on keyboard not working,Keyboard failure,On-screen keyboard;Touch digitizer,49,94.7,Intermediate
tablet,Microsoft,Surface Pro 9,touch screen not working,Touch failure,Touch digitizer;Touch controller,42,79.4,Intermediate
tablet,Microsoft,Surface Pro 9,touch not responding after screen replacement,Touch failure,Touch digitizer;Touch controller,51,84.1,Intermediate
tablet,Microsoft,Surface Pro 9,ghost touches screen taps by itself,Touch failure,Touch digitizer;Touch controller,36,77.9,Intermediate
tablet,Microsoft,Surface Pro 9,touch works only in some areas,Touch failure,Touch digitizer;Touch controller,46,80.5,Intermediate
tablet,Microsoft,Surface Pro 9,multitouch not working,Touch failure,Touch digitizer;Touch controller,54,78.9,Intermediate
tablet,Microsoft,Surface Pro 9,no sound speaker audio issue,Audio failure,Speakers;Audio board,22,85.3,Beginner
tablet,Microsoft,Surface Pro 9,speakers crackling distorted sound,Audio failure,Speakers;Audio board,27,81.8,Beginner
tablet,Microsoft,Surface Pro 9,microphone not working during calls,Audio failure,Speakers;Audio board,26,82.2,Beginner
tablet,Microsoft,Surface Pro 9,audio only works with headphones,Audio failure,Speakers;Audio board,26,84.0,Beginner
tablet,Microsoft,Surface Pro 9,one speaker not working,Audio failure,Speakers;Audio board,35,81.8,Beginner
tablet,Microsoft,Surface Pro 9,usb ports not working,USB failure,USB port;Charging port,51,85.4,Intermediate
tablet,Microsoft,Surface Pro 9,usb devices not recognized,USB failure,USB port;Charging port,51,85.2,Intermediate
tablet,Microsoft,Surface Pro 9,charging port loose not connecting properly,USB failure,USB port;Charging port,55,83.4,Intermediate
tablet,Microsoft,Surface Pro 9,usb port physically damaged,USB failure,USB port;Charging port,45,83.7,Intermediate
tablet,Microsoft,Surface Pro 9,some usb ports work others don't,USB failure,USB port;Charging port,53,86.3,Intermediate
tablet,Microsoft,Surface Pro 9,camera not working,Camera failure,Camera module;Camera software,46,85.0,Intermediate
tablet,Microsoft,Surface Pro 9,camera shows black screen,Camera failure,Camera module;Camera software,35,85.3,Intermediate
tablet,Microsoft,Surface Pro 9,camera blurry won't focus,Camera failure,Camera module;Camera software,35,83.1,Intermediate
tablet,Microsoft,Surface Pro 9,front camera works but rear camera doesn't,Camera failure,Camera module;Camera software,55,82.3,Intermediate
tablet,Microsoft,Surface Pro 9,camera app crashes when opened,Camera failure,Camera module;Camera software,53,83.2,Intermediate
tablet,Microsoft,Surface Pro 9,hard drive not detected,Storage failure,Internal storage;Storage controller,77,72.8,Advanced
tablet,Microsoft,Surface Pro 9,storage full can't save anything,Storage failure,Internal storage;Storage controller,75,73.3,Advanced
tablet,Microsoft,Surface Pro 9,ssd failed system won't boot,Storage failure,Internal storage;Storage controller,77,67.4,Advanced
tablet,Microsoft,Surface Pro 9,corrupted storage data loss,Storage failure,Internal storage;Storage controller,74,68.5,Advanced
tablet,Microsoft,Surface Pro 9,disk errors constant warnings,Storage failure,Internal storage;Storage controller,68,73.9,Advanced
tablet,Microsoft,Surface Pro 9,dropped in water won't turn on,Water damage,Logic board;Battery;Display,120,57.5,Expert
tablet,Microsoft,Surface Pro 9,liquid damage corrosion visible,Water damage,Logic board;Battery;Display,118,62.0,Expert
tablet,Microsoft,Surface Pro 9,water indicator triggered device wet,Water damage,Logic board;Battery;Display,127,60.0,Expert
tablet,Microsoft,Surface Pro 9,coffee spilled on device not working,Water damage,Logic board;Battery;Display,128,55.9,Expert
tablet,Microsoft,Surface Pro 9,moisture inside screen foggy display,Water damage,Logic board;Battery;Display,124,55.0,Expert
tablet,Microsoft,Surface Pro 9,dropped device cracked case,Physical damage,Housing;Frame;Back panel,60,76.0,Intermediate
tablet,Microsoft,Surface Pro 9,bent frame after sitting on it,Physical damage,Housing;Frame;Back panel,62,77.2,Intermediate
tablet,Microsoft,Surface Pro 9,buttons physically broken,Physical damage,Housing;Frame;Back panel,54,80.6,Intermediate
tablet,Microsoft,Surface Pro 9,housing cracked from impact,Physical damage,Housing;Frame;Back panel,61,84.6,Intermediate
tablet,Microsoft,Surface Pro 9,device dented from fall,Physical damage,Housing;Frame;Back panel,66,80.0,Intermediate
tablet,Microsoft,Surface Pro 9,device powers on but no display,Motherboard failure,Logic board;Processor,160,66.9,Expert
tablet,Microsoft,Surface Pro 9,random shutdowns motherboard issue,Motherboard failure,Logic board;Processor,144,64.5,Expert
tablet,Microsoft,Surface Pro 9,short circuit smell burning,Motherboard failure,Logic board;Processor,142,60.5,Expert
tablet,Microsoft,Surface Pro 9,no boot beep codes,Motherboard failure,Logic board;Processor,146,66.1,Expert
tablet,Microsoft,Surface Pro 9,device turns on for few seconds then dies,Motherboard failure,Logic board;Processor,146,65.7,Expert
tablet,Microsoft,Surface Pro 9,screen rotation not working,Sensor failure,Accelerometer;Gyroscope;Ambient light sensor,35,71.2,Advanced
tablet,Microsoft,Surface Pro 9,proximity sensor not working screen stays on,Sensor failure,Accelerometer;Gyroscope;Ambient light sensor,42,75.2,Advanced
tablet,Microsoft,Surface Pro 9,fingerprint sensor not recognizing,Sensor failure,Accelerometer;Gyroscope;Ambient light sensor,46,71.9,Advanced
tablet,Microsoft,Surface Pro 9,face id not working,Sensor failure,Accelerometer;Gyroscope;Ambient light sensor,44,76.8,Advanced
tablet,Microsoft,Surface Pro 9,heart rate sensor not detecting,Sensor failure,Accelerometer;Gyroscope;Ambient light sensor,52,77.0,Advanced
tablet,Apple,iPad Air,won't turn on no power black screen,Power supply failure,Battery;Charging port;Logic board;Power management IC,69,88.6,Intermediate
tablet,Apple,iPad Air,completely dead not responding to power button,Power supply failure,Battery;Charging port;Logic board;Power management IC,50,93.1,Intermediate
tablet,Apple,iPad Air,no lights no signs of life,Power supply failure,Battery;Charging port;Logic board;Power management IC,70,93.4,Intermediate
tablet,Apple,iPad Air,power button not working device dead,Power supply failure,Battery;Charging port;Logic board;Power management IC,56,91.4,Intermediate
tablet,Apple,iPad Air,tried charging overnight still won't turn on,Power supply failure,Battery;Charging port;Logic board;Power management IC,67,94.7,Intermediate
tablet,Apple,iPad Air,dead battery not charging,Battery failure,Battery;Charging port;Battery management IC,45,95.6,Beginner
tablet,Apple,iPad Air,battery drains very fast only lasts 30 minutes,Battery failure,Battery;Charging port;Battery management IC,53,94.0,Beginner
tablet,Apple,iPad Air,charging but percentage not increasing,Battery failure,Battery;Charging port;Battery management IC,50,92.3,Beginner
tablet,Apple,iPad Air,battery swollen device bulging,Battery failure,Battery;Charging port;Battery management IC,45,98.9,Beginner
tablet,Apple,iPad Air,shows charging but battery percentage drops,Battery failure,Battery;Charging port;Battery management IC,52,94.4,Beginner
tablet,Apple,iPad Air,screen cracked broken display,Screen damage,Display;Touch screen;LCD assembly,82,90.6,Advanced
tablet,Apple,iPad Air,display shattered touch not working,Screen damage,Display;Touch screen;LCD assembly,85,90.7,Advanced
tablet,Apple,iPad Air,black spots on screen after drop,Screen damage,Display;Touch screen;LCD assembly,76,94.8,Advanced
tablet,Apple,iPad Air,screen flickering lines across display,Screen damage,Display;Touch screen;LCD assembly,79,94.1,Advanced
tablet,Apple,iPad Air,half screen not working after fall,Screen damage,Display;Touch screen;LCD assembly,71,98.6,Advanced
tablet,Apple,iPad Air,screen stays black but device is on,Display malfunction,Display connector;LCD controller,70,89.8,Intermediate
tablet,Apple,iPad Air,display very dim can barely see anything,Display malfunction,Display connector;LCD controller,51,82.7,Intermediate
tablet,Apple,iPad Air,screen flickers when moving lid,Display malfunction,Display connector;LCD controller,68,85.0,Intermediate
tablet,Apple,iPad Air,vertical lines on display,Display malfunction,Display connector;LCD controller,64,88.5,Intermediate
tablet,Apple,iPad Air,screen goes black randomly,Display malfunction,Display connector;LCD controller,57,82.0,Intermediate
tablet,Apple,iPad Air,slow performance lag freezing,Software issue,RAM;Storage;Operating system,80,80.3,Intermediate
tablet,Apple,iPad Air,apps crash constantly won't stay open,Software issue,RAM;Storage;Operating system,94,82.2,Intermediate
tablet,Apple,iPad Air,system freezes need to force restart,Software issue,RAM;Storage;Operating system,85,85.9,Intermediate
tablet,Apple,iPad Air,very slow takes forever to open anything,Software issue,RAM;Storage;Operating system,97,84.2,Intermediate
tablet,Apple,iPad Air,keeps restarting on its own,Software issue,RAM;Storage;Operating system,83,85.5,Intermediate
tablet,Apple,iPad Air,overheating fan loud hot,Cooling system failure,Thermal management;Processor,69,83.2,Intermediate
tablet,Apple,iPad Air,device gets extremely hot can't touch it,Cooling system failure,Thermal management;Processor,69,87.7,Intermediate
tablet,Apple,iPad Air,fan running at full speed very noisy,Cooling system failure,Thermal management;Processor,56,86.7,Intermediate
tablet,Apple,iPad Air,shuts down due to overheating,Cooling system failure,Thermal management;Processor,65,84.6,Intermediate
tablet,Apple,iPad Air,bottom gets burning hot during use,Cooling system failure,Thermal management;Processor,64,87.3,Intermediate
tablet,Apple,iPad Air,wifi not connecting no internet,Network failure,Wifi module;Antenna,29,96.6,Beginner
tablet,Apple,iPad Air,bluetooth won't turn on greyed out,Network failure,Wifi module;Antenna,27,92.9,Beginner
tablet,Apple,iPad Air,wifi keeps disconnecting every few minutes,Network failure,Wifi module;Antenna,23,95.0,Beginner
tablet,Apple,iPad Air,can't find any wifi networks,Network failure,Wifi module;Antenna,21,94.7,Beginner
tablet,Apple,iPad Air,network adapter not detected,Network failure,Wifi module;Antenna,39,96.0,Beginner
tablet,Apple,iPad Air,keyboard not working some keys,Keyboard failure,On-screen keyboard;Touch digitizer,55,91.2,Intermediate
tablet,Apple,iPad Air,several keys don't respond when pressed,Keyboard failure,On-screen keyboard;Touch digitizer,47,92.9,Intermediate
tablet,Apple,iPad Air,keyboard types wrong characters,Keyboard failure,On-screen keyboard;Touch digitizer,49,92.8,Intermediate
tablet,Apple,iPad Air,spacebar and enter key not working,Keyboard failure,On-screen keyboard;Touch digitizer,39,88.9,Intermediate
tablet,Apple,iPad Air,liquid spilled on keyboard not working,Keyboard failure,On-screen keyboard;Touch digitizer,55,90.7,Intermediate
tablet,Apple,iPad Air,touch screen not working,Touch failure,Touch digitizer;Touch controller,44,83.0,Intermediate
tablet,Apple,iPad Air,touch not responding after screen replacement,Touch failure,Touch digitizer;Touch controller,52,79.6,Intermediate
tablet,Apple,iPad Air,ghost touches screen taps by itself,Touch failure,Touch digitizer;Touch controller,45,82.2,Intermediate
tablet,Apple,iPad Air,touch works only in some areas,Touch failure,Touch digitizer;Touch controller,37,83.7,Intermediate
tablet,Apple,iPad Air,multitouch not working,Touch failure,Touch digitizer;Touch controller,45,82.2,Intermediate
tablet,Apple,iPad Air,no sound speaker audio issue,Audio failure,Speakers;Audio board,24,85.1,Beginner
tablet,Apple,iPad Air,speakers crackling distorted sound,Audio failure,Speakers;Audio board,30,80.9,Beginner
tablet,Apple,iPad Air,microphone not working during calls,Audio failure,Speakers;Audio board,30,87.3,Beginner
tablet,Apple,iPad Air,audio only works with headphones,Audio failure,Speakers;Audio board,36,87.3,Beginner
tablet,Apple,iPad Air,one speaker not working,Audio failure,Speakers;Audio board,35,85.2,Beginner
tablet,Apple,iPad Air,usb ports not working,USB failure,USB port;Charging port,37,87.0,Intermediate
tablet,Apple,iPad Air,usb devices not recognized,USB failure,USB port;Charging port,49,85.7,Intermediate
tablet,Apple,iPad Air,charging port loose not connecting properly,USB failure,USB port;Charging port,37,87.7,Intermediate
tablet,Apple,iPad Air,usb port physically damaged,USB failure,USB port;Charging port,46,90.0,Intermediate
tablet,Apple,iPad Air,some usb ports work others don't,USB failure,USB port;Charging port,49,88.9,Intermediate
tablet,Apple,iPad Air,camera not working,Camera failure,Camera module;Camera software,49,86.9,Intermediate
tablet,Apple,iPad Air,camera shows black screen,Camera failure,Camera module;Camera software,39,85.5,Intermediate
tablet,Apple,iPad Air,camera blurry won't focus,Camera failure,Camera module;Camera software,36,91.8,Intermediate
tablet,Apple,iPad Air,front camera works but rear camera doesn't,Camera failure,Camera module;Camera software,54,87.9,Intermediate
tablet,Apple,iPad Air,camera app crashes when opened,Camera failure,Camera module;Camera software,43,83.9,Intermediate
tablet,Apple,iPad Air,hard drive not detected,Storage failure,Internal storage;Storage controller,77,69.9,Advanced
tablet,Apple,iPad Air,storage full can't save anything,Storage failure,Internal storage;Storage controller,65,65.3,Advanced
tablet,Apple,iPad Air,ssd failed system won't boot,Storage failure,Internal storage;Storage controller,68,68.7,Advanced
tablet,Apple,iPad Air,corrupted storage data loss,Storage failure,Internal storage;Storage controller,74,65.3,Advanced
tablet,Apple,iPad Air,disk errors constant warnings,Storage failure,Internal storage;Storage controller,73,73.9,Advanced
tablet,Apple,iPad Air,dropped in water won't turn on,Water damage,Logic board;Battery;Display,111,59.5,Expert
tablet,Apple,iPad Air,liquid damage corrosion visible,Water damage,Logic board;Battery;Display,115,61.4,Expert
tablet,Apple,iPad Air,water indicator triggered device wet,Water damage,Logic board;Battery;Display,123,61.2,Expert
tablet,Apple,iPad Air,coffee spilled on device not working,Water damage,Logic board;Battery;Display,127,56.5,Expert
tablet,Apple,iPad Air,moisture inside screen foggy display,Water damage,Logic board;Battery;Display,110,59.3,Expert
tablet,Apple,iPad Air,dropped device cracked case,Physical damage,Housing;Frame;Back panel,51,79.8,Intermediate
tablet,Apple,iPad Air,bent frame after sitting on it,Physical damage,Housing;Frame;Back panel,67,81.5,Intermediate
tablet,Apple,iPad Air,buttons physically broken,Physical damage,Housing;Frame;Back panel,51,84.9,Intermediate
tablet,Apple,iPad Air,housing cracked from impact,Physical damage,Housing;Frame;Back panel,57,84.6,Intermediate
tablet,Apple,iPad Air,device dented from fall,Physical damage,Housing;Frame;Back panel,60,78.4,Intermediate
tablet,Apple,iPad Air,device powers on but no display,Motherboard failure,Logic board;Processor,154,61.7,Expert
tablet,Apple,iPad Air,random shutdowns motherboard issue,Motherboard failure,Logic board;Processor,145,65.6,Expert
tablet,Apple,iPad Air,short circuit smell burning,Motherboard failure,Logic board;Processor,155,64.4,Expert
tablet,Apple,iPad Air,no boot beep codes,Motherboard failure,Logic board;Processor,148,61.6,Expert
tablet,Apple,iPad Air,device turns on for few seconds then dies,Motherboard failure,Logic board;Processor,147,69.5,Expert
tablet,Apple,iPad Air,screen rotation not working,Sensor failure,Accelerometer;Gyroscope;Ambient light sensor,36,76.8,Advanced
tablet,Apple,iPad Air,proximity sensor not working screen stays on,Sensor failure,Accelerometer;Gyroscope;Ambient light sensor,38,75.6,Advanced
tablet,Apple,iPad Air,fingerprint sensor not recognizing,Sensor failure,Accelerometer;Gyroscope;Ambient light sensor,48,74.2,Advanced
tablet,Apple,iPad Air,face id not working,Sensor failure,Accelerometer;Gyroscope;Ambient light sensor,40,71.7,Advanced
tablet,Apple,iPad Air,heart rate sensor not detecting,Sensor failure,Accelerometer;Gyroscope;Ambient light sensor,43,77.7,Advanced
tablet,Samsung,Galaxy Tab A9,won't turn on no power black screen,Power supply failure,Battery;Charging port;Logic board;Power management IC,65,89.2,Intermediate
tablet,Samsung,Galaxy Tab A9,completely dead not responding to power button,Power supply failure,Battery;Charging port;Logic board;Power management IC,55,88.7,Intermediate
tablet,Samsung,Galaxy Tab A9,no lights no signs of life,Power supply failure,Battery;Charging port;Logic board;Power management IC,62,88.8,Intermediate
tablet,Samsung,Galaxy Tab A9,power button not working device dead,Power supply failure,Battery;Charging port;Logic board;Power management IC,63,85.0,Intermediate
tablet,Samsung,Galaxy Tab A9,tried charging overnight still won't turn on,Power supply failure,Battery;Charging port;Logic board;Power management IC,51,88.1,Intermediate
tablet,Samsung,Galaxy Tab A9,dead battery not charging,Battery failure,Battery;Charging port;Battery management IC,43,93.4,Beginner
tablet,Samsung,Galaxy Tab A9,battery drains very fast only lasts 30 minutes,Battery failure,Battery;Charging port;Battery management IC,55,96.9,Beginner
tablet,Samsung,Galaxy Tab A9,charging but percentage not increasing,Battery failure,Battery;Charging port;Battery management IC,52,99.7,Beginner
tablet,Samsung,Galaxy Tab A9,battery swollen device bulging,Battery failure,Battery;Charging port;Battery management IC,39,90.5,Beginner
tablet,Samsung,Galaxy Tab A9,shows charging but battery percentage drops,Battery failure,Battery;Charging port;Battery management IC,51,96.6,Beginner
tablet,Samsung,Galaxy Tab A9,screen cracked broken display,Screen damage,Display;Touch screen;LCD assembly,75,97.3,Advanced
tablet,Samsung,Galaxy Tab A9,display shattered touch not working,Screen damage,Display;Touch screen;LCD assembly,71,94.8,Advanced
tablet,Samsung,Galaxy Tab A9,black spots on screen after drop,Screen damage,Display;Touch screen;LCD assembly,76,91.6,Advanced
tablet,Samsung,Galaxy Tab A9,screen flickering lines across display,Screen damage,Display;Touch screen;LCD assembly,84,94.6,Advanced
tablet,Samsung,Galaxy Tab A9,half screen not working after fall,Screen damage,Display;Touch screen;LCD assembly,77,95.1,Advanced
tablet,Samsung,Galaxy Tab A9,screen stays black but device is on,Display malfunction,Display connector;LCD controller,57,85.4,Intermediate
tablet,Samsung,Galaxy Tab A9,display very dim can barely see anything,Display malfunction,Display connector;LCD controller,63,84.3,Intermediate
tablet,Samsung,Galaxy Tab A9,screen flickers when moving lid,Display malfunction,Display connector;LCD controller,50,83.7,Intermediate
tablet,Samsung,Galaxy Tab A9,vertical lines on display,Display malfunction,Display connector;LCD controller,56,88.0,Intermediate
tablet,Samsung,Galaxy Tab A9,screen goes black randomly,Display malfunction,Display connector;LCD controller,50,80.9,Intermediate
tablet,Samsung,Galaxy Tab A9,slow performance lag freezing,Software issue,RAM;Storage;Operating system,99,89.4,Intermediate
tablet,Samsung,Galaxy Tab A9,apps crash constantly won't stay open,Software issue,RAM;Storage;Operating system,90,86.4,Intermediate
tablet,Samsung,Galaxy Tab A9,system freezes need to force restart,Software issue,RAM;Storage;Operating system,91,89.4,Intermediate
tablet,Samsung,Galaxy Tab A9,very slow takes forever to open anything,Software issue,RAM;Storage;Operating system,84,81.2,Intermediate
tablet,Samsung,Galaxy Tab A9,keeps restarting on its own,Software issue,RAM;Storage;Operating system,88,84.8,Intermediate
tablet,Samsung,Galaxy Tab A9,overheating fan loud hot,Cooling system failure,Thermal management;Processor,69,87.4,Intermediate
tablet,Samsung,Galaxy Tab A9,device gets extremely hot can't touch it,Cooling system failure,Thermal management;Processor,57,83.5,Intermediate
tablet,Samsung,Galaxy Tab A9,fan running at full speed very noisy,Cooling system failure,Thermal management;Processor,60,91.7,Intermediate
tablet,Samsung,Galaxy Tab A9,shuts down due to overheating,Cooling system failure,Thermal management;Processor,68,86.9,Intermediate
tablet,Samsung,Galaxy Tab A9,bottom gets burning hot during use,Cooling system failure,Thermal management;Processor,52,86.7,Intermediate
tablet,Samsung,Galaxy Tab A9,wifi not connecting no internet,Network failure,Wifi module;Antenna,37,95.6,Beginner
tablet,Samsung,Galaxy Tab A9,bluetooth won't turn on greyed out,Network failure,Wifi module;Antenna,38,92.4,Beginner
tablet,Samsung,Galaxy Tab A9,wifi keeps disconnecting every few minutes,Network failure,Wifi module;Antenna,40,95.0,Beginner
tablet,Samsung,Galaxy Tab A9,can't find any wifi networks,Network failure,Wifi module;Antenna,37,88.2,Beginner
tablet,Samsung,Galaxy Tab A9,network adapter not detected,Network failure,Wifi module;Antenna,27,89.0,Beginner
tablet,Samsung,Galaxy Tab A9,keyboard not working some keys,Keyboard failure,On-screen keyboard;Touch digitizer,45,90.4,Intermediate
tablet,Samsung,Galaxy Tab A9,several keys don't respond when pressed,Keyboard failure,On-screen keyboard;Touch digitizer,37,94.5,Intermediate
tablet,Samsung,Galaxy Tab A9,keyboard types wrong characters,Keyboard failure,On-screen keyboard;Touch digitizer,55,88.5,Intermediate
tablet,Samsung,Galaxy Tab A9,spacebar and enter key not working,Keyboard failure,On-screen keyboard;Touch digitizer,35,87.4,Intermediate
tablet,Samsung,Galaxy Tab A9,liquid spilled on keyboard not working,Keyboard failure,On-screen keyboard;Touch digitizer,45,94.3,Intermediate
tablet,Samsung,Galaxy Tab A9,touch screen not working,Touch failure,Touch digitizer;Touch controller,55,85.6,Intermediate
tablet,Samsung,Galaxy Tab A9,touch not responding after screen replacement,Touch failure,Touch digitizer;Touch controller,40,81.8,Intermediate
tablet,Samsung,Galaxy Tab A9,ghost touches screen taps by itself,Touch failure,Touch digitizer;Touch controller,55,79.9,Intermediate
tablet,Samsung,Galaxy Tab A9,touch works only in some areas,Touch failure,Touch digitizer;Touch controller,55,84.1,Intermediate
tablet,Samsung,Galaxy Tab A9,multitouch not working,Touch failure,Touch digitizer;Touch controller,43,85.6,Intermediate
tablet,Samsung,Galaxy Tab A9,no sound speaker audio issue,Audio failure,Speakers;Audio board,28,89.1,Beginner
tablet,Samsung,Galaxy Tab A9,speakers crackling distorted sound,Audio failure,Speakers;Audio board,40,89.2,Beginner
tablet,Samsung,Galaxy Tab A9,microphone not working during calls,Audio failure,Speakers;Audio board,38,88.8,Beginner
tablet,Samsung,Galaxy Tab A9,audio only works with headphones,Audio failure,Speakers;Audio board,22,87.0,Beginner
tablet,Samsung,Galaxy Tab A9,one speaker not working,Audio failure,Speakers;Audio board,34,86.4,Beginner
tablet,Samsung,Galaxy Tab A9,usb ports not working,USB failure,USB port;Charging port,37,83.6,Intermediate
tablet,Samsung,Galaxy Tab A9,usb devices not recognized,USB failure,USB port;Charging port,52,85.3,Intermediate
tablet,Samsung,Galaxy Tab A9,charging port loose not connecting properly,USB failure,USB port;Charging port,50,86.7,Intermediate
tablet,Samsung,Galaxy Tab A9,usb port physically damaged,USB failure,USB port;Charging port,52,88.8,Intermediate
tablet,Samsung,Galaxy Tab A9,some usb ports work others don't,USB failure,USB port;Charging port,46,82.4,Intermediate
tablet,Samsung,Galaxy Tab A9,camera not working,Camera failure,Camera module;Camera software,44,89.9,Intermediate
tablet,Samsung,Galaxy Tab A9,camera shows black screen,Camera failure,Camera module;Camera software,47,89.6,Intermediate
tablet,Samsung,Galaxy Tab A9,camera blurry won't focus,Camera failure,Camera module;Camera software,38,91.3,Intermediate
tablet,Samsung,Galaxy Tab A9,front camera works but rear camera doesn't,Camera failure,Camera module;Camera software,42,90.7,Intermediate
tablet,Samsung,Galaxy Tab A9,camera app crashes when opened,Camera failure,Camera module;Camera software,55,83.8,Intermediate
tablet,Samsung,Galaxy Tab A9,hard drive not detected,Storage failure,Internal storage;Storage controller,66,70.1,Advanced
tablet,Samsung,Galaxy Tab A9,storage full can't save anything,Storage failure,Internal storage;Storage controller,65,68.4,Advanced
tablet,Samsung,Galaxy Tab A9,ssd failed system won't boot,Storage failure,Internal storage;Storage controller,76,70.0,Advanced
tablet,Samsung,Galaxy Tab A9,corrupted storage data loss,Storage failure,Internal storage;Storage controller,75,73.5,Advanced
tablet,Samsung,Galaxy Tab A9,disk errors constant warnings,Storage failure,Internal storage;Storage controller,78,68.1,Advanced
tablet,Samsung,Galaxy Tab A9,dropped in water won't turn on,Water damage,Logic board;Battery;Display,123,61.9,Expert
tablet,Samsung,Galaxy Tab A9,liquid damage corrosion visible,Water damage,Logic board;Battery;Display,111,62.0,Expert
tablet,Samsung,Galaxy Tab A9,water indicator triggered device wet,Water damage,Logic board;Battery;Display,121,59.1,Expert
tablet,Samsung,Galaxy Tab A9,coffee spilled on device not working,Water damage,Logic board;Battery;Display,125,62.9,Expert
tablet,Samsung,Galaxy Tab A9,moisture inside screen foggy display,Water damage,Logic board;Battery;Display,113,63.4,Expert
tablet,Samsung,Galaxy Tab A9,dropped device cracked case,Physical damage,Housing;Frame;Back panel,70,81.0,Intermediate
tablet,Samsung,Galaxy Tab A9,bent frame after sitting on it,Physical damage,Housing;Frame;Back panel,55,79.9,Intermediate
tablet,Samsung,Galaxy Tab A9,buttons physically broken,Physical damage,Housing;Frame;Back panel,64,84.7,Intermediate
tablet,Samsung,Galaxy Tab A9,housing cracked from impact,Physical damage,Housing;Frame;Back panel,67,77.5,Intermediate
tablet,Samsung,Galaxy Tab A9,device dented from fall,Physical damage,Housing;Frame;Back panel,58,75.3,Intermediate
tablet,Samsung,Galaxy Tab A9,device powers on but no display,Motherboard failure,Logic board;Processor,151,60.2,Expert
tablet,Samsung,Galaxy Tab A9,random shutdowns motherboard issue,Motherboard failure,Logic board;Processor,158,66.9,Expert
tablet,Samsung,Galaxy Tab A9,short circuit smell burning,Motherboard failure,Logic board;Processor,153,64.9,Expert
tablet,Samsung,Galaxy Tab A9,no boot beep codes,Motherboard failure,Logic board;Processor,149,69.1,Expert
tablet,Samsung,Galaxy Tab A9,device turns on for few seconds then dies,Motherboard failure,Logic board;Processor,141,63.6,Expert
tablet,Samsung,Galaxy Tab A9,screen rotation not working,Sensor failure,Accelerometer;Gyroscope;Ambient light sensor,44,73.5,Advanced
tablet,Samsung,Galaxy Tab A9,proximity sensor not working screen stays on,Sensor failure,Accelerometer;Gyroscope;Ambient light sensor,39,72.8,Advanced
tablet,Samsung,Galaxy Tab A9,fingerprint sensor not recognizing,Sensor failure,Accelerometer;Gyroscope;Ambient light sensor,35,72.8,Advanced
tablet,Samsung,Galaxy Tab A9,face id not working,Sensor failure,Accelerometer;Gyroscope;Ambient light sensor,43,73.0,Advanced
tablet,Samsung,Galaxy Tab A9,heart rate sensor not detecting,Sensor failure,Accelerometer;Gyroscope;Ambient light sensor,44,76.2,Advanced
tablet,Microsoft,Surface Go,won't turn on no power black screen,Power supply failure,Battery;Charging port;Logic board;Power management IC,55,92.9,Intermediate
tablet,Microsoft,Surface Go,completely dead not responding to power button,Power supply failure,Battery;Charging port;Logic board;Power management IC,60,85.4,Intermediate
tablet,Microsoft,Surface Go,no lights no signs of life,Power supply failure,Battery;Charging port;Logic board;Power management IC,61,87.1,Intermediate
tablet,Microsoft,Surface Go,power button not working device dead,Power supply failure,Battery;Charging port;Logic board;Power management IC,56,89.9,Intermediate
tablet,Microsoft,Surface Go,tried charging overnight still won't turn on,Power supply failure,Battery;Charging port;Logic board;Power management IC,69,93.0,Intermediate
tablet,Microsoft,Surface Go,dead battery not charging,Battery failure,Battery;Charging port;Battery management IC,44,97.6,Beginner
tablet,Microsoft,Surface Go,battery drains very fast only lasts 30 minutes,Battery failure,Battery;Charging port;Battery management IC,55,97.0,Beginner
tablet,Microsoft,Surface Go,charging but percentage not increasing,Battery failure,Battery;Charging port;Battery management IC,40,93.7,Beginner
tablet,Microsoft,Surface Go,battery swollen device bulging,Battery failure,Battery;Charging port;Battery management IC,45,98.8,Beginner
tablet,Microsoft,Surface Go,shows charging but battery percentage drops,Battery failure,Battery;Charging port;Battery management IC,47,94.2,Beginner
tablet,Microsoft,Surface Go,screen cracked broken display,Screen damage,Display;Touch screen;LCD assembly,68,98.4,Advanced
tablet,Microsoft,Surface Go,display shattered touch not working,Screen damage,Display;Touch screen;LCD assembly,82,92.9,Advanced
tablet,Microsoft,Surface Go,black spots on screen after drop,Screen damage,Display;Touch screen;LCD assembly,81,98.7,Advanced
tablet,Microsoft,Surface Go,screen flickering lines across display,Screen damage,Display;Touch screen;LCD assembly,72,95.2,Advanced
tablet,Microsoft,Surface Go,half screen not working after fall,Screen damage,Display;Touch screen;LCD assembly,75,98.9,Advanced
tablet,Microsoft,Surface Go,screen stays black but device is on,Display malfunction,Display connector;LCD controller,65,87.3,Intermediate
tablet,Microsoft,Surface Go,display very dim can barely see anything,Display malfunction,Display connector;LCD controller,65,86.0,Intermediate
tablet,Microsoft,Surface Go,screen flickers when moving lid,Display malfunction,Display connector;LCD controller,52,89.7,Intermediate
tablet,Microsoft,Surface Go,vertical lines on display,Display malfunction,Display connector;LCD controller,63,86.2,Intermediate
tablet,Microsoft,Surface Go,screen goes black randomly,Display malfunction,Display connector;LCD controller,50,85.9,Intermediate
tablet,Microsoft,Surface Go,slow performance lag freezing,Software issue,RAM;Storage;Operating system,93,82.6,Intermediate
tablet,Microsoft,Surface Go,apps crash constantly won't stay open,Software issue,RAM;Storage;Operating system,92,87.9,Intermediate
tablet,Microsoft,Surface Go,system freezes need to force restart,Software issue,RAM;Storage;Operating system,90,88.5,Intermediate
tablet,Microsoft,Surface Go,very slow takes forever to open anything,Software issue,RAM;Storage;Operating system,96,86.2,Intermediate
tablet,Microsoft,Surface Go,keeps restarting on its own,Software issue,RAM;Storage;Operating system,81,89.8,Intermediate
tablet,Microsoft,Surface Go,overheating fan loud hot,Cooling system failure,Thermal management;Processor,52,90.4,Intermediate
tablet,Microsoft,Surface Go,device gets extremely hot can't touch it,Cooling system failure,Thermal management;Processor,52,87.7,Intermediate
tablet,Microsoft,Surface Go,fan running at full speed very noisy,Cooling system failure,Thermal management;Processor,51,86.1,Intermediate
tablet,Microsoft,Surface Go,shuts down due to overheating,Cooling system failure,Thermal management;Processor,59,86.4,Intermediate
tablet,Microsoft,Surface Go,bottom gets burning hot during use,Cooling system failure,Thermal management;Processor,59,91.5,Intermediate
tablet,Microsoft,Surface Go,wifi not connecting no internet,Network failure,Wifi module;Antenna,22,93.4,Beginner
tablet,Microsoft,Surface Go,bluetooth won't turn on greyed out,Network failure,Wifi module;Antenna,32,89.6,Beginner
tablet,Microsoft,Surface Go,wifi keeps disconnecting every few minutes,Network failure,Wifi module;Antenna,23,91.9,Beginner
tablet,Microsoft,Surface Go,can't find any wifi networks,Network failure,Wifi module;Antenna,30,90.6,Beginner
tablet,Microsoft,Surface Go,network adapter not detected,Network failure,Wifi module;Antenna,30,95.1,Beginner
tablet,Microsoft,Surface Go,keyboard not working some keys,Keyboard failure,On-screen keyboard;Touch digitizer,52,91.4,Intermediate
tablet,Microsoft,Surface Go,several keys don't respond when pressed,Keyboard failure,On-screen keyboard;Touch digitizer,54,87.7,Intermediate
tablet,Microsoft,Surface Go,keyboard types wrong characters,Keyboard failure,On-screen keyboard;Touch digitizer,50,88.8,Intermediate
tablet,Microsoft,Surface Go,spacebar and enter key not working,Keyboard failure,On-screen keyboard;Touch digitizer,51,89.5,Intermediate
tablet,Microsoft,Surface Go,liquid spilled on keyboard not working,Keyboard failure,On-screen keyboard;Touch digitizer,49,86.1,Intermediate
tablet,Microsoft,Surface Go,touch screen not working,Touch failure,Touch digitizer;Touch controller,40,86.1,Intermediate
tablet,Microsoft,Surface Go,touch not responding after screen replacement,Touch failure,Touch digitizer;Touch controller,42,81.0,Intermediate
tablet,Microsoft,Surface Go,ghost touches screen taps by itself,Touch failure,Touch digitizer;Touch controller,51,77.0,Intermediate
tablet,Microsoft,Surface Go,touch works only in some areas,Touch failure,Touch digitizer;Touch controller,42,79.1,Intermediate
tablet,Microsoft,Surface Go,multitouch not working,Touch failure,Touch digitizer;Touch controller,54,78.5,Intermediate
tablet,Microsoft,Surface Go,no sound speaker audio issue,Audio failure,Speakers;Audio board,26,87.2,Beginner
tablet,Microsoft,Surface Go,speakers crackling distorted sound,Audio failure,Speakers;Audio board,27,80.4,Beginner
tablet,Microsoft,Surface Go,microphone not working during calls,Audio failure,Speakers;Audio board,23,83.7,Beginner
tablet,Microsoft,Surface Go,audio only works with headphones,Audio failure,Speakers;Audio board,27,89.7,Beginner
tablet,Microsoft,Surface Go,one speaker not working,Audio failure,Speakers;Audio board,30,80.8,Beginner
tablet,Microsoft,Surface Go,usb ports not working,USB failure,USB port;Charging port,38,87.0,Intermediate
tablet,Microsoft,Surface Go,usb devices not recognized,USB failure,USB port;Charging port,42,90.5,Intermediate
tablet,Microsoft,Surface Go,charging port loose not connecting properly,USB failure,USB port;Charging port,43,87.2,Intermediate
tablet,Microsoft,Surface Go,usb port physically damaged,USB failure,USB port;Charging port,47,82.9,Intermediate
tablet,Microsoft,Surface Go,some usb ports work others don't,USB failure,USB port;Charging port,37,83.9,Intermediate
tablet,Microsoft,Surface Go,camera not working,Camera failure,Camera module;Camera software,44,87.7,Intermediate
tablet,Microsoft,Surface Go,camera shows black screen,Camera failure,Camera module;Camera software,36,84.1,Intermediate
tablet,Microsoft,Surface Go,camera blurry won't focus,Camera failure,Camera module;Camera software,48,84.7,Intermediate
tablet,Microsoft,Surface Go,front camera works but rear camera doesn't,Camera failure,Camera module;Camera software,39,85.8,Intermediate
tablet,Microsoft,Surface Go,camera app crashes when opened,Camera failure,Camera module;Camera software,52,84.9,Intermediate
tablet,Microsoft,Surface Go,hard drive not detected,Storage failure,Internal storage;Storage controller,83,67.4,Advanced
tablet,Microsoft,Surface Go,storage full can't save anything,Storage failure,Internal storage;Storage controller,68,68.9,Advanced
tablet,Microsoft,Surface Go,ssd failed system won't boot,Storage failure,Internal storage;Storage controller,68,72.0,Advanced
tablet,Microsoft,Surface Go,corrupted storage data loss,Storage failure,Internal storage;Storage controller,78,74.3,Advanced
tablet,Microsoft,Surface Go,disk errors constant warnings,Storage failure,Internal storage;Storage controller,75,71.3,Advanced
tablet,Microsoft,Surface Go,dropped in water won't turn on,Water damage,Logic board;Battery;Display,111,60.2,Expert
tablet,Microsoft,Surface Go,liquid damage corrosion visible,Water damage,Logic board;Battery;Display,127,58.9,Expert
tablet,Microsoft,Surface Go,water indicator triggered device wet,Water damage,Logic board;Battery;Display,123,56.1,Expert
tablet,Microsoft,Surface Go,coffee spilled on device not working,Water damage,Logic board;Battery;Display,126,55.3,Expert
tablet,Microsoft,Surface Go,moisture inside screen foggy display,Water damage,Logic board;Battery;Display,128,61.9,Expert
tablet,Microsoft,Surface Go,dropped device cracked case,Physical damage,Housing;Frame;Back panel,68,79.9,Intermediate
tablet,Microsoft,Surface Go,bent frame after sitting on it,Physical damage,Housing;Frame;Back panel,50,78.9,Intermediate
tablet,Microsoft,Surface Go,buttons physically broken,Physical damage,Housing;Frame;Back panel,69,76.5,Intermediate
tablet,Microsoft,Surface Go,housing cracked from impact,Physical damage,Housing;Frame;Back panel,56,80.2,Intermediate
tablet,Microsoft,Surface Go,device dented from fall,Physical damage,Housing;Frame;Back panel,53,76.8,Intermediate
tablet,Microsoft,Surface Go,device powers on but no display,Motherboard failure,Logic board;Processor,154,63.3,Expert
tablet,Microsoft,Surface Go,random shutdowns motherboard issue,Motherboard failure,Logic board;Processor,142,63.8,Expert
tablet,Microsoft,Surface Go,short circuit smell burning,Motherboard failure,Logic board;Processor,159,63.1,Expert
tablet,Microsoft,Surface Go,no boot beep codes,Motherboard failure,Logic board;Processor,147,68.2,Expert
tablet,Microsoft,Surface Go,device turns on for few seconds then dies,Motherboard failure,Logic board;Processor,149,66.6,Expert
tablet,Microsoft,Surface Go,screen rotation not working,Sensor failure,Accelerometer;Gyroscope;Ambient light sensor,51,78.0,Advanced
tablet,Microsoft,Surface Go,proximity sensor not working screen stays on,Sensor failure,Accelerometer;Gyroscope;Ambient light sensor,52,76.3,Advanced
tablet,Microsoft,Surface Go,fingerprint sensor not recognizing,Sensor failure,Accelerometer;Gyroscope;Ambient light sensor,53,71.8,Advanced
tablet,Microsoft,Surface Go,face id not working,Sensor failure,Accelerometer;Gyroscope;Ambient light sensor,49,70.9,Advanced
tablet,Microsoft,Surface Go,heart rate sensor not detecting,Sensor failure,Accelerometer;Gyroscope;Ambient light sensor,45,76.2,Advanced
smartwatch,Apple,Watch Series 8,won't turn on no power black screen,Power supply failure,Battery;Charging contacts;Power IC,69,88.6,Intermediate
smartwatch,Apple,Watch Series 8,completely dead not responding to power button,Power supply failure,Battery;Charging contacts;Power IC,56,88.9,Intermediate
smartwatch,Apple,Watch Series 8,no lights no signs of life,Power supply failure,Battery;Charging contacts;Power IC,56,94.8,Intermediate
smartwatch,Apple,Watch Series 8,power button not working device dead,Power supply failure,Battery;Charging contacts;Power IC,62,90.3,Intermediate
smartwatch,Apple,Watch Series 8,tried charging overnight still won't turn on,Power supply failure,Battery;Charging contacts;Power IC,62,92.7,Intermediate
smartwatch,Apple,Watch Series 8,dead battery not charging,Battery failure,Battery;Charging contacts,51,99.5,Beginner
smartwatch,Apple,Watch Series 8,battery drains very fast only lasts 30 minutes,Battery failure,Battery;Charging contacts,49,90.6,Beginner
smartwatch,Apple,Watch Series 8,charging but percentage not increasing,Battery failure,Battery;Charging contacts,49,92.2,Beginner
smartwatch,Apple,Watch Series 8,battery swollen device bulging,Battery failure,Battery;Charging contacts,46,92.0,Beginner
smartwatch,Apple,Watch Series 8,shows charging but battery percentage drops,Battery failure,Battery;Charging contacts,46,99.9,Beginner
smartwatch,Apple,Watch Series 8,screen cracked broken display,Screen damage,Display;Touch screen;Glass cover,68,93.8,Advanced
smartwatch,Apple,Watch Series 8,display shattered touch not working,Screen damage,Display;Touch screen;Glass cover,71,91.3,Advanced
smartwatch,Apple,Watch Series 8,black spots on screen after drop,Screen damage,Display;Touch screen;Glass cover,74,99.9,Advanced
smartwatch,Apple,Watch Series 8,screen flickering lines across display,Screen damage,Display;Touch screen;Glass cover,70,92.7,Advanced
smartwatch,Apple,Watch Series 8,half screen not working after fall,Screen damage,Display;Touch screen;Glass cover,75,90.2,Advanced
smartwatch,Apple,Watch Series 8,screen stays black but device is on,Display malfunction,Display connector;Display driver,61,82.7,Intermediate
smartwatch,Apple,Watch Series 8,display very dim can barely see anything,Display malfunction,Display connector;Display driver,65,89.3,Intermediate
smartwatch,Apple,Watch Series 8,screen flickers when moving lid,Display malfunction,Display connector;Display driver,60,86.5,Intermediate
smartwatch,Apple,Watch Series 8,vertical lines on display,Display malfunction,Display connector;Display driver,57,88.7,Intermediate
smartwatch,Apple,Watch Series 8,screen goes black randomly,Display malfunction,Display connector;Display driver,68,87.1,Intermediate
smartwatch,Apple,Watch Series 8,slow performance lag freezing,Software issue,Storage;Operating system;Watch OS,91,80.2,Intermediate
smartwatch,Apple,Watch Series 8,apps crash constantly won't stay open,Software issue,Storage;Operating system;Watch OS,100,85.1,Intermediate
smartwatch,Apple,Watch Series 8,system freezes need to force restart,Software issue,Storage;Operating system;Watch OS,93,81.3,Intermediate
smartwatch,Apple,Watch Series 8,very slow takes forever to open anything,Software issue,Storage;Operating system;Watch OS,86,86.4,Intermediate
smartwatch,Apple,Watch Series 8,keeps restarting on its own,Software issue,Storage;Operating system;Watch OS,87,89.0,Intermediate
smartwatch,Apple,Watch Series 8,overheating fan loud hot,Cooling system failure,Processor;Battery,51,85.9,Intermediate
smartwatch,Apple,Watch Series 8,device gets extremely hot can't touch it,Cooling system failure,Processor;Battery,68,83.3,Intermediate
smartwatch,Apple,Watch Series 8,fan running at full speed very noisy,Cooling system failure,Processor;Battery,54,90.0,Intermediate
smartwatch,Apple,Watch Series 8,shuts down due to overheating,Cooling system failure,Processor;Battery,65,83.9,Intermediate
smartwatch,Apple,Watch Series 8,bottom gets burning hot during use,Cooling system failure,Processor;Battery,66,89.8,Intermediate
smartwatch,Apple,Watch Series 8,wifi not connecting no internet,Network failure,Wifi chip;Bluetooth module,39,87.5,Beginner
smartwatch,Apple,Watch Series 8,bluetooth won't turn on greyed out,Network failure,Wifi chip;Bluetooth module,20,90.9,Beginner
smartwatch,Apple,Watch Series 8,wifi keeps disconnecting every few minutes,Network failure,Wifi chip;Bluetooth module,29,94.4,Beginner
smartwatch,Apple,Watch Series 8,can't find any wifi networks,Network failure,Wifi chip;Bluetooth module,28,97.0,Beginner
smartwatch,Apple,Watch Series 8,network adapter not detected,Network failure,Wifi chip;Bluetooth module,29,94.2,Beginner
smartwatch,Apple,Watch Series 8,touch screen not working,Touch failure,Touch screen;Touch sensor,49,82.3,Intermediate
smartwatch,Apple,Watch Series 8,touch not responding after screen replacement,Touch failure,Touch screen;Touch sensor,43,79.3,Intermediate
smartwatch,Apple,Watch Series 8,ghost touches screen taps by itself,Touch failure,Touch screen;Touch sensor,51,83.2,Intermediate
smartwatch,Apple,Watch Series 8,touch works only in some areas,Touch failure,Touch screen;Touch sensor,39,77.0,Intermediate
smartwatch,Apple,Watch Series 8,multitouch not working,Touch failure,Touch screen;Touch sensor,49,80.5,Intermediate
smartwatch,Apple,Watch Series 8,no sound speaker audio issue,Audio failure,Speaker;Microphone,36,80.3,Beginner
smartwatch,Apple,Watch Series 8,speakers crackling distorted sound,Audio failure,Speaker;Microphone,27,84.2,Beginner
smartwatch,Apple,Watch Series 8,microphone not working during calls,Audio failure,Speaker;Microphone,36,89.0,Beginner
smartwatch,Apple,Watch Series 8,audio only works with headphones,Audio failure,Speaker;Microphone,23,84.7,Beginner
smartwatch,Apple,Watch Series 8,one speaker not working,Audio failure,Speaker;Microphone,26,87.6,Beginner
smartwatch,Apple,Watch Series 8,camera not working,Camera failure,Camera module,41,88.4,Intermediate
smartwatch,Apple,Watch Series 8,camera shows black screen,Camera failure,Camera module,53,87.1,Intermediate
smartwatch,Apple,Watch Series 8,camera blurry won't focus,Camera failure,Camera module,38,90.9,Intermediate
smartwatch,Apple,Watch Series 8,front camera works but rear camera doesn't,Camera failure,Camera module,46,85.3,Intermediate
smartwatch,Apple,Watch Series 8,camera app crashes when opened,Camera failure,Camera module,44,84.7,Intermediate
smartwatch,Apple,Watch Series 8,hard drive not detected,Storage failure,Internal storage,83,70.4,Advanced
smartwatch,Apple,Watch Series 8,storage full can't save anything,Storage failure,Internal storage,69,71.0,Advanced
smartwatch,Apple,Watch Series 8,ssd failed system won't boot,Storage failure,Internal storage,68,67.8,Advanced
smartwatch,Apple,Watch Series 8,corrupted storage data loss,Storage failure,Internal storage,71,71.4,Advanced
smartwatch,Apple,Watch Series 8,disk errors constant warnings,Storage failure,Internal storage,80,71.5,Advanced
smartwatch,Apple,Watch Series 8,dropped in water won't turn on,Water damage,Main board;Battery;Display,122,62.5,Expert
smartwatch,Apple,Watch Series 8,liquid damage corrosion visible,Water damage,Main board;Battery;Display,120,62.3,Expert
smartwatch,Apple,Watch Series 8,water indicator triggered device wet,Water damage,Main board;Battery;Display,122,55.9,Expert
smartwatch,Apple,Watch Series 8,coffee spilled on device not working,Water damage,Main board;Battery;Display,115,64.1,Expert
smartwatch,Apple,Watch Series 8,moisture inside screen foggy display,Water damage,Main board;Battery;Display,128,58.1,Expert
smartwatch,Apple,Watch Series 8,dropped device cracked case,Physical damage,Case;Housing;Glass,64,77.6,Intermediate
smartwatch,Apple,Watch Series 8,bent frame after sitting on it,Physical damage,Case;Housing;Glass,68,76.6,Intermediate
smartwatch,Apple,Watch Series 8,buttons physically broken,Physical damage,Case;Housing;Glass,61,77.3,Intermediate
smartwatch,Apple,Watch Series 8,housing cracked from impact,Physical damage,Case;Housing;Glass,60,82.5,Intermediate
smartwatch,Apple,Watch Series 8,device dented from fall,Physical damage,Case;Housing;Glass,65,75.3,Intermediate
smartwatch,Apple,Watch Series 8,device powers on but no display,Motherboard failure,Main board;Processor,144,63.5,Expert
smartwatch,Apple,Watch Series 8,random shutdowns motherboard issue,Motherboard failure,Main board;Processor,140,66.0,Expert
smartwatch,Apple,Watch Series 8,short circuit smell burning,Motherboard failure,Main board;Processor,151,62.7,Expert
smartwatch,Apple,Watch Series 8,no boot beep codes,Motherboard failure,Main board;Processor,148,61.7,Expert
smartwatch,Apple,Watch Series 8,device turns on for few seconds then dies,Motherboard failure,Main board;Processor,151,61.6,Expert
smartwatch,Apple,Watch Series 8,screen rotation not working,Sensor failure,Heart rate sensor;Blood oxygen sensor;Accelerometer;Gyroscope,55,78.0,Advanced
smartwatch,Apple,Watch Series 8,proximity sensor not working screen stays on,Sensor failure,Heart rate sensor;Blood oxygen sensor;Accelerometer;Gyroscope,44,76.5,Advanced
smartwatch,Apple,Watch Series 8,fingerprint sensor not recognizing,Sensor failure,Heart rate sensor;Blood oxygen sensor;Accelerometer;Gyroscope,38,77.8,Advanced
smartwatch,Apple,Watch Series 8,face id not working,Sensor failure,Heart rate sensor;Blood oxygen sensor;Accelerometer;Gyroscope,45,79.0,Advanced
smartwatch,Apple,Watch Series 8,heart rate sensor not detecting,Sensor failure,Heart rate sensor;Blood oxygen sensor;Accelerometer;Gyroscope,40,78.6,Advanced
smartwatch,Samsung,Galaxy Watch 5,won't turn on no power black screen,Power supply failure,Battery;Charging contacts;Power IC,69,94.4,Intermediate
smartwatch,Samsung,Galaxy Watch 5,completely dead not responding to power button,Power supply failure,Battery;Charging contacts;Power IC,69,94.5,Intermediate
smartwatch,Samsung,Galaxy Watch 5,no lights no signs of life,Power supply failure,Battery;Charging contacts;Power IC,61,94.0,Intermediate
smartwatch,Samsung,Galaxy Watch 5,power button not working device dead,Power supply failure,Battery;Charging contacts;Power IC,68,90.9,Intermediate
smartwatch,Samsung,Galaxy Watch 5,tried charging overnight still won't turn on,Power supply failure,Battery;Charging contacts;Power IC,53,88.6,Intermediate
smartwatch,Samsung,Galaxy Watch 5,dead battery not charging,Battery failure,Battery;Charging contacts,35,96.7,Beginner
smartwatch,Samsung,Galaxy Watch 5,battery drains very fast only lasts 30 minutes,Battery failure,Battery;Charging contacts,37,92.7,Beginner
smartwatch,Samsung,Galaxy Watch 5,charging but percentage not increasing,Battery failure,Battery;Charging contacts,35,96.9,Beginner
smartwatch,Samsung,Galaxy Watch 5,battery swollen device bulging,Battery failure,Battery;Charging contacts,47,93.1,Beginner
smartwatch,Samsung,Galaxy Watch 5,shows charging but battery percentage drops,Battery failure,Battery;Charging contacts,39,97.6,Beginner
smartwatch,Samsung,Galaxy Watch 5,screen cracked broken display,Screen damage,Display;Touch screen;Glass cover,71,98.3,Advanced
smartwatch,Samsung,Galaxy Watch 5,display shattered touch not working,Screen damage,Display;Touch screen;Glass cover,74,92.1,Advanced
smartwatch,Samsung,Galaxy Watch 5,black spots on screen after drop,Screen damage,Display;Touch screen;Glass cover,78,93.1,Advanced
smartwatch,Samsung,Galaxy Watch 5,screen flickering lines across display,Screen damage,Display;Touch screen;Glass cover,81,92.5,Advanced
smartwatch,Samsung,Galaxy Watch 5,half screen not working after fall,Screen damage,Display;Touch screen;Glass cover,75,98.5,Advanced
smartwatch,Samsung,Galaxy Watch 5,screen stays black but device is on,Display malfunction,Display connector;Display driver,69,88.0,Intermediate
smartwatch,Samsung,Galaxy Watch 5,display very dim can barely see anything,Display malfunction,Display connector;Display driver,51,88.4,Intermediate
smartwatch,Samsung,Galaxy Watch 5,screen flickers when moving lid,Display malfunction,Display connector;Display driver,70,81.1,Intermediate
smartwatch,Samsung,Galaxy Watch 5,vertical lines on display,Display malfunction,Display connector;Display driver,63,81.8,Intermediate
smartwatch,Samsung,Galaxy Watch 5,screen goes black randomly,Display malfunction,Display connector;Display driver,52,82.3,Intermediate
smartwatch,Samsung,Galaxy Watch 5,slow performance lag freezing,Software issue,Storage;Operating system;Watch OS,91,87.5,Intermediate
smartwatch,Samsung,Galaxy Watch 5,apps crash constantly won't stay open,Software issue,Storage;Operating system;Watch OS,81,82.7,Intermediate
smartwatch,Samsung,Galaxy Watch 5,system freezes need to force restart,Software issue,Storage;Operating system;Watch OS,81,83.2,Intermediate
smartwatch,Samsung,Galaxy Watch 5,very slow takes forever to open anything,Software issue,Storage;Operating system;Watch OS,95,89.0,Intermediate
smartwatch,Samsung,Galaxy Watch 5,keeps restarting on its own,Software issue,Storage;Operating system;Watch OS,80,87.2,Intermediate
smartwatch,Samsung,Galaxy Watch 5,overheating fan loud hot,Cooling system failure,Processor;Battery,59,86.8,Intermediate
smartwatch,Samsung,Galaxy Watch 5,device gets extremely hot can't touch it,Cooling system failure,Processor;Battery,51,88.4,Intermediate
smartwatch,Samsung,Galaxy Watch 5,fan running at full speed very noisy,Cooling system failure,Processor;Battery,70,89.9,Intermediate
smartwatch,Samsung,Galaxy Watch 5,shuts down due to overheating,Cooling system failure,Processor;Battery,51,91.2,Intermediate
smartwatch,Samsung,Galaxy Watch 5,bottom gets burning hot during use,Cooling system failure,Processor;Battery,52,91.7,Intermediate
smartwatch,Samsung,Galaxy Watch 5,wifi not connecting no internet,Network failure,Wifi chip;Bluetooth module,33,88.0,Beginner
smartwatch,Samsung,Galaxy Watch 5,bluetooth won't turn on greyed out,Network failure,Wifi chip;Bluetooth module,35,96.8,Beginner
smartwatch,Samsung,Galaxy Watch 5,wifi keeps disconnecting every few minutes,Network failure,Wifi chip;Bluetooth module,34,88.5,Beginner
smartwatch,Samsung,Galaxy Watch 5,can't find any wifi networks,Network failure,Wifi chip;Bluetooth module,40,90.3,Beginner
smartwatch,Samsung,Galaxy Watch 5,network adapter not detected,Network failure,Wifi chip;Bluetooth module,29,94.0,Beginner
smartwatch,Samsung,Galaxy Watch 5,touch screen not working,Touch failure,Touch screen;Touch sensor,40,83.9,Intermediate
smartwatch,Samsung,Galaxy Watch 5,touch not responding after screen replacement,Touch failure,Touch screen;Touch sensor,44,81.5,Intermediate
smartwatch,Samsung,Galaxy Watch 5,ghost touches screen taps by itself,Touch failure,Touch screen;Touch sensor,50,83.4,Intermediate
smartwatch,Samsung,Galaxy Watch 5,touch works only in some areas,Touch failure,Touch screen;Touch sensor,41,80.8,Intermediate
smartwatch,Samsung,Galaxy Watch 5,multitouch not working,Touch failure,Touch screen;Touch sensor,47,81.1,Intermediate
smartwatch,Samsung,Galaxy Watch 5,no sound speaker audio issue,Audio failure,Speaker;Microphone,28,86.4,Beginner
smartwatch,Samsung,Galaxy Watch 5,speakers crackling distorted sound,Audio failure,Speaker;Microphone,24,89.3,Beginner
smartwatch,Samsung,Galaxy Watch 5,microphone not working during calls,Audio failure,Speaker;Microphone,24,83.0,Beginner
smartwatch,Samsung,Galaxy Watch 5,audio only works with headphones,Audio failure,Speaker;Microphone,21,80.7,Beginner
smartwatch,Samsung,Galaxy Watch 5,one speaker not working,Audio failure,Speaker;Microphone,29,81.4,Beginner
smartwatch,Samsung,Galaxy Watch 5,camera not working,Camera failure,Camera module,47,85.0,Intermediate
smartwatch,Samsung,Galaxy Watch 5,camera shows black screen,Camera failure,Camera module,45,88.0,Intermediate
smartwatch,Samsung,Galaxy Watch 5,camera blurry won't focus,Camera failure,Camera module,46,87.3,Intermediate
smartwatch,Samsung,Galaxy Watch 5,front camera works but rear camera doesn't,Camera failure,Camera module,53,84.7,Intermediate
smartwatch,Samsung,Galaxy Watch 5,camera app crashes when opened,Camera failure,Camera module,43,87.0,Intermediate
smartwatch,Samsung,Galaxy Watch 5,hard drive not detected,Storage failure,Internal storage,78,73.0,Advanced
smartwatch,Samsung,Galaxy Watch 5,storage full can't save anything,Storage failure,Internal storage,66,72.5,Advanced
smartwatch,Samsung,Galaxy Watch 5,ssd failed system won't boot,Storage failure,Internal storage,68,72.7,Advanced
smartwatch,Samsung,Galaxy Watch 5,corrupted storage data loss,Storage failure,Internal storage,68,67.6,Advanced
smartwatch,Samsung,Galaxy Watch 5,disk errors constant warnings,Storage failure,Internal storage,81,70.8,Advanced
smartwatch,Samsung,Galaxy Watch 5,dropped in water won't turn on,Water damage,Main board;Battery;Display,130,56.7,Expert
smartwatch,Samsung,Galaxy Watch 5,liquid damage corrosion visible,Water damage,Main board;Battery;Display,118,63.7,Expert
smartwatch,Samsung,Galaxy Watch 5,water indicator triggered device wet,Water damage,Main board;Battery;Display,130,57.9,Expert
smartwatch,Samsung,Galaxy Watch 5,coffee spilled on device not working,Water damage,Main board;Battery;Display,114,58.8,Expert
smartwatch,Samsung,Galaxy Watch 5,moisture inside screen foggy display,Water damage,Main board;Battery;Display,127,57.3,Expert
smartwatch,Samsung,Galaxy Watch 5,dropped device cracked case,Physical damage,Case;Housing;Glass,56,78.3,Intermediate
smartwatch,Samsung,Galaxy Watch 5,bent frame after sitting on it,Physical damage,Case;Housing;Glass,67,78.1,Intermediate
smartwatch,Samsung,Galaxy Watch 5,buttons physically broken,Physical damage,Case;Housing;Glass,60,83.5,Intermediate
smartwatch,Samsung,Galaxy Watch 5,housing cracked from impact,Physical damage,Case;Housing;Glass,52,75.8,Intermediate
smartwatch,Samsung,Galaxy Watch 5,device dented from fall,Physical damage,Case;Housing;Glass,58,78.1,Intermediate
smartwatch,Samsung,Galaxy Watch 5,device powers on but no display,Motherboard failure,Main board;Processor,156,63.4,Expert
smartwatch,Samsung,Galaxy Watch 5,random shutdowns motherboard issue,Motherboard failure,Main board;Processor,160,63.6,Expert
smartwatch,Samsung,Galaxy Watch 5,short circuit smell burning,Motherboard failure,Main board;Processor,145,60.8,Expert
smartwatch,Samsung,Galaxy Watch 5,no boot beep codes,Motherboard failure,Main board;Processor,143,65.0,Expert
smartwatch,Samsung,Galaxy Watch 5,device turns on for few seconds then dies,Motherboard failure,Main board;Processor,148,69.1,Expert
smartwatch,Samsung,Galaxy Watch 5,screen rotation not working,Sensor failure,Heart rate sensor;Blood oxygen sensor;Accelerometer;Gyroscope,42,74.9,Advanced
smartwatch,Samsung,Galaxy Watch 5,proximity sensor not working screen stays on,Sensor failure,Heart rate sensor;Blood oxygen sensor;Accelerometer;Gyroscope,36,73.5,Advanced
smartwatch,Samsung,Galaxy Watch 5,fingerprint sensor not recognizing,Sensor failure,Heart rate sensor;Blood oxygen sensor;Accelerometer;Gyroscope,38,71.8,Advanced
smartwatch,Samsung,Galaxy Watch 5,face id not working,Sensor failure,Heart rate sensor;Blood oxygen sensor;Accelerometer;Gyroscope,35,72.6,Advanced
smartwatch,Samsung,Galaxy Watch 5,heart rate sensor not detecting,Sensor failure,Heart rate sensor;Blood oxygen sensor;Accelerometer;Gyroscope,39,73.8,Advanced
smartwatch,Fitbit,Versa 4,won't turn on no power black screen,Power supply failure,Battery;Charging contacts;Power IC,67,94.3,Intermediate
smartwatch,Fitbit,Versa 4,completely dead not responding to power button,Power supply failure,Battery;Charging contacts;Power IC,54,90.7,Intermediate
smartwatch,Fitbit,Versa 4,no lights no signs of life,Power supply failure,Battery;Charging contacts;Power IC,57,85.9,Intermediate
smartwatch,Fitbit,Versa 4,power button not working device dead,Power supply failure,Battery;Charging contacts;Power IC,60,88.7,Intermediate
smartwatch,Fitbit,Versa 4,tried charging overnight still won't turn on,Power supply failure,Battery;Charging contacts;Power IC,66,94.5,Intermediate
smartwatch,Fitbit,Versa 4,dead battery not charging,Battery failure,Battery;Charging contacts,52,99.1,Beginner
smartwatch,Fitbit,Versa 4,battery drains very fast only lasts 30 minutes,Battery failure,Battery;Charging contacts,41,92.0,Beginner
smartwatch,Fitbit,Versa 4,charging but percentage not increasing,Battery failure,Battery;Charging contacts,49,92.5,Beginner
smartwatch,Fitbit,Versa 4,battery swollen device bulging,Battery failure,Battery;Charging contacts,51,96.7,Beginner
smartwatch,Fitbit,Versa 4,shows charging but battery percentage drops,Battery failure,Battery;Charging contacts,55,91.1,Beginner
smartwatch,Fitbit,Versa 4,screen cracked broken display,Screen damage,Display;Touch screen;Glass cover,81,96.6,Advanced
smartwatch,Fitbit,Versa 4,display shattered touch not working,Screen damage,Display;Touch screen;Glass cover,83,96.1,Advanced
smartwatch,Fitbit,Versa 4,black spots on screen after drop,Screen damage,Display;Touch screen;Glass cover,72,98.0,Advanced
smartwatch,Fitbit,Versa 4,screen flickering lines across display,Screen damage,Display;Touch screen;Glass cover,71,94.7,Advanced
smartwatch,Fitbit,Versa 4,half screen not working after fall,Screen damage,Display;Touch screen;Glass cover,72,96.1,Advanced
smartwatch,Fitbit,Versa 4,screen stays black but device is on,Display malfunction,Display connector;Display driver,59,85.3,Intermediate
smartwatch,Fitbit,Versa 4,display very dim can barely see anything,Display malfunction,Display connector;Display driver,60,87.6,Intermediate
smartwatch,Fitbit,Versa 4,screen flickers when moving lid,Display malfunction,Display connector;Display driver,54,81.5,Intermediate
smartwatch,Fitbit,Versa 4,vertical lines on display,Display malfunction,Display connector;Display driver,55,84.7,Intermediate
smartwatch,Fitbit,Versa 4,screen goes black randomly,Display malfunction,Display connector;Display driver,70,83.6,Intermediate
smartwatch,Fitbit,Versa 4,slow performance lag freezing,Software issue,Storage;Operating system;Watch OS,97,86.7,Intermediate
smartwatch,Fitbit,Versa 4,apps crash constantly won't stay open,Software issue,Storage;Operating system;Watch OS,81,80.2,Intermediate
smartwatch,Fitbit,Versa 4,system freezes need to force restart,Software issue,Storage;Operating system;Watch OS,81,84.2,Intermediate
smartwatch,Fitbit,Versa 4,very slow takes forever to open anything,Software issue,Storage;Operating system;Watch OS,98,86.6,Intermediate
smartwatch,Fitbit,Versa 4,keeps restarting on its own,Software issue,Storage;Operating system;Watch OS,89,83.4,Intermediate
smartwatch,Fitbit,Versa 4,overheating fan loud hot,Cooling system failure,Processor;Battery,69,87.6,Intermediate
smartwatch,Fitbit,Versa 4,device gets extremely hot can't touch it,Cooling system failure,Processor;Battery,60,84.4,Intermediate
smartwatch,Fitbit,Versa 4,fan running at full speed very noisy,Cooling system failure,Processor;Battery,64,84.4,Intermediate
smartwatch,Fitbit,Versa 4,shuts down due to overheating,Cooling system failure,Processor;Battery,62,86.0,Intermediate
smartwatch,Fitbit,Versa 4,bottom gets burning hot during use,Cooling system failure,Processor;Battery,64,91.8,Intermediate
smartwatch,Fitbit,Versa 4,wifi not connecting no internet,Network failure,Wifi chip;Bluetooth module,22,96.7,Beginner
smartwatch,Fitbit,Versa 4,bluetooth won't turn on greyed out,Network failure,Wifi chip;Bluetooth module,20,94.6,Beginner
smartwatch,Fitbit,Versa 4,wifi keeps disconnecting every few minutes,Network failure,Wifi chip;Bluetooth module,38,95.4,Beginner
smartwatch,Fitbit,Versa 4,can't find any wifi networks,Network failure,Wifi chip;Bluetooth module,40,88.0,Beginner
smartwatch,Fitbit,Versa 4,network adapter not detected,Network failure,Wifi chip;Bluetooth module,29,92.7,Beginner
smartwatch,Fitbit,Versa 4,touch screen not working,Touch failure,Touch screen;Touch sensor,47,80.4,Intermediate
smartwatch,Fitbit,Versa 4,touch not responding after screen replacement,Touch failure,Touch screen;Touch sensor,36,84.6,Intermediate
smartwatch,Fitbit,Versa 4,ghost touches screen taps by itself,Touch failure,Touch screen;Touch sensor,53,82.4,Intermediate
smartwatch,Fitbit,Versa 4,touch works only in some areas,Touch failure,Touch screen;Touch sensor,47,86.8,Intermediate
smartwatch,Fitbit,Versa 4,multitouch not working,Touch failure,Touch screen;Touch sensor,48,83.6,Intermediate
smartwatch,Fitbit,Versa 4,no sound speaker audio issue,Audio failure,Speaker;Microphone,33,89.3,Beginner
smartwatch,Fitbit,Versa 4,speakers crackling distorted sound,Audio failure,Speaker;Microphone,23,83.3,Beginner
smartwatch,Fitbit,Versa 4,microphone not working during calls,Audio failure,Speaker;Microphone,35,86.0,Beginner
smartwatch,Fitbit,Versa 4,audio only works with headphones,Audio failure,Speaker;Microphone,31,83.7,Beginner
smartwatch,Fitbit,Versa 4,one speaker not working,Audio failure,Speaker;Microphone,39,83.1,Beginner
smartwatch,Fitbit,Versa 4,camera not working,Camera failure,Camera module,54,82.2,Intermediate
smartwatch,Fitbit,Versa 4,camera shows black screen,Camera failure,Camera module,44,89.2,Intermediate
smartwatch,Fitbit,Versa 4,camera blurry won't focus,Camera failure,Camera module,44,88.4,Intermediate
smartwatch,Fitbit,Versa 4,front camera works but rear camera doesn't,Camera failure,Camera module,53,90.8,Intermediate
smartwatch,Fitbit,Versa 4,camera app crashes when opened,Camera failure,Camera module,43,86.5,Intermediate
smartwatch,Fitbit,Versa 4,hard drive not detected,Storage failure,Internal storage,66,74.0,Advanced
smartwatch,Fitbit,Versa 4,storage full can't save anything,Storage failure,Internal storage,72,69.8,Advanced
smartwatch,Fitbit,Versa 4,ssd failed system won't boot,Storage failure,Internal storage,67,66.3,Advanced
smartwatch,Fitbit,Versa 4,corrupted storage data loss,Storage failure,Internal storage,81,67.0,Advanced
smartwatch,Fitbit,Versa 4,disk errors constant warnings,Storage failure,Internal storage,81,68.6,Advanced
smartwatch,Fitbit,Versa 4,dropped in water won't turn on,Water damage,Main board;Battery;Display,128,58.1,Expert
smartwatch,Fitbit,Versa 4,liquid damage corrosion visible,Water damage,Main board;Battery;Display,111,64.5,Expert
smartwatch,Fitbit,Versa 4,water indicator triggered device wet,Water damage,Main board;Battery;Display,128,56.2,Expert
smartwatch,Fitbit,Versa 4,coffee spilled on device not working,Water damage,Main board;Battery;Display,123,56.6,Expert
smartwatch,Fitbit,Versa 4,moisture inside screen foggy display,Water damage,Main board;Battery;Display,110,64.3,Expert
smartwatch,Fitbit,Versa 4,dropped device cracked case,Physical damage,Case;Housing;Glass,60,78.7,Intermediate
smartwatch,Fitbit,Versa 4,bent frame after sitting on it,Physical damage,Case;Housing;Glass,54,76.8,Intermediate
smartwatch,Fitbit,Versa 4,buttons physically broken,Physical damage,Case;Housing;Glass,59,81.7,Intermediate
smartwatch,Fitbit,Versa 4,housing cracked from impact,Physical damage,Case;Housing;Glass,67,75.6,Intermediate
smartwatch,Fitbit,Versa 4,device dented from fall,Physical damage,Case;Housing;Glass,50,81.3,Intermediate
smartwatch,Fitbit,Versa 4,device powers on but no display,Motherboard failure,Main board;Processor,159,67.1,Expert
smartwatch,Fitbit,Versa 4,random shutdowns motherboard issue,Motherboard failure,Main board;Processor,149,68.9,Expert
smartwatch,Fitbit,Versa 4,short circuit smell burning,Motherboard failure,Main board;Processor,153,68.4,Expert
smartwatch,Fitbit,Versa 4,no boot beep codes,Motherboard failure,Main board;Processor,155,65.2,Expert
smartwatch,Fitbit,Versa 4,device turns on for few seconds then dies,Motherboard failure,Main board;Processor,151,66.3,Expert
smartwatch,Fitbit,Versa 4,screen rotation not working,Sensor failure,Heart rate sensor;Blood oxygen sensor;Accelerometer;Gyroscope,38,77.1,Advanced
smartwatch,Fitbit,Versa 4,proximity sensor not working screen stays on,Sensor failure,Heart rate sensor;Blood oxygen sensor;Accelerometer;Gyroscope,50,72.3,Advanced
smartwatch,Fitbit,Versa 4,fingerprint sensor not recognizing,Sensor failure,Heart rate sensor;Blood oxygen sensor;Accelerometer;Gyroscope,38,70.5,Advanced
smartwatch,Fitbit,Versa 4,face id not working,Sensor failure,Heart rate sensor;Blood oxygen sensor;Accelerometer;Gyroscope,45,70.2,Advanced
smartwatch,Fitbit,Versa 4,heart rate sensor not detecting,Sensor failure,Heart rate sensor;Blood oxygen sensor;Accelerometer;Gyroscope,36,79.2,Advanced
smartwatch,Garmin,Fenix 7,won't turn on no power black screen,Power supply failure,Battery;Charging contacts;Power IC,61,88.3,Intermediate
smartwatch,Garmin,Fenix 7,completely dead not responding to power button,Power supply failure,Battery;Charging contacts;Power IC,61,86.2,Intermediate
smartwatch,Garmin,Fenix 7,no lights no signs of life,Power supply failure,Battery;Charging contacts;Power IC,58,86.5,Intermediate
smartwatch,Garmin,Fenix 7,power button not working device dead,Power supply failure,Battery;Charging contacts;Power IC,52,93.4,Intermediate
smartwatch,Garmin,Fenix 7,tried charging overnight still won't turn on,Power supply failure,Battery;Charging contacts;Power IC,55,91.0,Intermediate
smartwatch,Garmin,Fenix 7,dead battery not charging,Battery failure,Battery;Charging contacts,47,92.1,Beginner
smartwatch,Garmin,Fenix 7,battery drains very fast only lasts 30 minutes,Battery failure,Battery;Charging contacts,44,95.0,Beginner
smartwatch,Garmin,Fenix 7,charging but percentage not increasing,Battery failure,Battery;Charging contacts,41,95.0,Beginner
smartwatch,Garmin,Fenix 7,battery swollen device bulging,Battery failure,Battery;Charging contacts,42,93.4,Beginner
smartwatch,Garmin,Fenix 7,shows charging but battery percentage drops,Battery failure,Battery;Charging contacts,47,90.0,Beginner
smartwatch,Garmin,Fenix 7,screen cracked broken display,Screen damage,Display;Touch screen;Glass cover,82,97.5,Advanced
smartwatch,Garmin,Fenix 7,display shattered touch not working,Screen damage,Display;Touch screen;Glass cover,66,99.6,Advanced
smartwatch,Garmin,Fenix 7,black spots on screen after drop,Screen damage,Display;Touch screen;Glass cover,70,95.8,Advanced
smartwatch,Garmin,Fenix 7,screen flickering lines across display,Screen damage,Display;Touch screen;Glass cover,78,91.2,Advanced
smartwatch,Garmin,Fenix 7,half screen not working after fall,Screen damage,Display;Touch screen;Glass cover,78,90.4,Advanced
smartwatch,Garmin,Fenix 7,screen stays black but device is on,Display malfunction,Display connector;Display driver,59,84.8,Intermediate
smartwatch,Garmin,Fenix 7,display very dim can barely see anything,Display malfunction,Display connector;Display driver,63,83.1,Intermediate
smartwatch,Garmin,Fenix 7,screen flickers when moving lid,Display malfunction,Display connector;Display driver,57,87.9,Intermediate
smartwatch,Garmin,Fenix 7,vertical lines on display,Display malfunction,Display connector;Display driver,57,87.1,Intermediate
smartwatch,Garmin,Fenix 7,screen goes black randomly,Display malfunction,Display connector;Display driver,56,81.0,Intermediate
smartwatch,Garmin,Fenix 7,slow performance lag freezing,Software issue,Storage;Operating system;Watch OS,81,87.4,Intermediate
smartwatch,Garmin,Fenix 7,apps crash constantly won't stay open,Software issue,Storage;Operating system;Watch OS,83,80.3,Intermediate
smartwatch,Garmin,Fenix 7,system freezes need to force restart,Software issue,Storage;Operating system;Watch OS,88,85.9,Intermediate
smartwatch,Garmin,Fenix 7,very slow takes forever to open anything,Software issue,Storage;Operating system;Watch OS,85,89.9,Intermediate
smartwatch,Garmin,Fenix 7,keeps restarting on its own,Software issue,Storage;Operating system;Watch OS,97,87.9,Intermediate
smartwatch,Garmin,Fenix 7,overheating fan loud hot,Cooling system failure,Processor;Battery,60,88.1,Intermediate
smartwatch,Garmin,Fenix 7,device gets extremely hot can't touch it,Cooling system failure,Processor;Battery,51,91.2,Intermediate
smartwatch,Garmin,Fenix 7,fan running at full speed very noisy,Cooling system failure,Processor;Battery,56,90.0,Intermediate
smartwatch,Garmin,Fenix 7,shuts down due to overheating,Cooling system failure,Processor;Battery,62,84.2,Intermediate
smartwatch,Garmin,Fenix 7,bottom gets burning hot during use,Cooling system failure,Processor;Battery,55,84.3,Intermediate
smartwatch,Garmin,Fenix 7,wifi not connecting no internet,Network failure,Wifi chip;Bluetooth module,31,87.0,Beginner
smartwatch,Garmin,Fenix 7,bluetooth won't turn on greyed out,Network failure,Wifi chip;Bluetooth module,29,92.2,Beginner
smartwatch,Garmin,Fenix 7,wifi keeps disconnecting every few minutes,Network failure,Wifi chip;Bluetooth module,22,93.9,Beginner
smartwatch,Garmin,Fenix 7,can't find any wifi networks,Network failure,Wifi chip;Bluetooth module,22,93.8,Beginner
smartwatch,Garmin,Fenix 7,network adapter not detected,Network failure,Wifi chip;Bluetooth module,30,88.6,Beginner
smartwatch,Garmin,Fenix 7,touch screen not working,Touch failure,Touch screen;Touch sensor,42,84.7,Intermediate
smartwatch,Garmin,Fenix 7,touch not responding after screen replacement,Touch failure,Touch screen;Touch sensor,42,81.0,Intermediate
smartwatch,Garmin,Fenix 7,ghost touches screen taps by itself,Touch failure,Touch screen;Touch sensor,45,82.2,Intermediate
smartwatch,Garmin,Fenix 7,touch works only in some areas,Touch failure,Touch screen;Touch sensor,35,82.6,Intermediate
smartwatch,Garmin,Fenix 7,multitouch not working,Touch failure,Touch screen;Touch sensor,50,83.4,Intermediate
smartwatch,Garmin,Fenix 7,no sound speaker audio issue,Audio failure,Speaker;Microphone,38,85.5,Beginner
smartwatch,Garmin,Fenix 7,speakers crackling distorted sound,Audio failure,Speaker;Microphone,32,89.4,Beginner
smartwatch,Garmin,Fenix 7,microphone not working during calls,Audio failure,Speaker;Microphone,21,84.7,Beginner
smartwatch,Garmin,Fenix 7,audio only works with headphones,Audio failure,Speaker;Microphone,21,88.1,Beginner
smartwatch,Garmin,Fenix 7,one speaker not working,Audio failure,Speaker;Microphone,36,88.1,Beginner
smartwatch,Garmin,Fenix 7,camera not working,Camera failure,Camera module,43,90.0,Intermediate
smartwatch,Garmin,Fenix 7,camera shows black screen,Camera failure,Camera module,50,92.0,Intermediate
smartwatch,Garmin,Fenix 7,camera blurry won't focus,Camera failure,Camera module,54,83.6,Intermediate
smartwatch,Garmin,Fenix 7,front camera works but rear camera doesn't,Camera failure,Camera module,49,87.2,Intermediate
smartwatch,Garmin,Fenix 7,camera app crashes when opened,Camera failure,Camera module,35,85.4,Intermediate
smartwatch,Garmin,Fenix 7,hard drive not detected,Storage failure,Internal storage,78,71.0,Advanced
smartwatch,Garmin,Fenix 7,storage full can't save anything,Storage failure,Internal storage,66,66.1,Advanced
smartwatch,Garmin,Fenix 7,ssd failed system won't boot,Storage failure,Internal storage,74,71.3,Advanced
smartwatch,Garmin,Fenix 7,corrupted storage data loss,Storage failure,Internal storage,72,69.1,Advanced
smartwatch,Garmin,Fenix 7,disk errors constant warnings,Storage failure,Internal storage,75,66.8,Advanced
smartwatch,Garmin,Fenix 7,dropped in water won't turn on,Water damage,Main board;Battery;Display,115,59.1,Expert
smartwatch,Garmin,Fenix 7,liquid damage corrosion visible,Water damage,Main board;Battery;Display,116,62.0,Expert
smartwatch,Garmin,Fenix 7,water indicator triggered device wet,Water damage,Main board;Battery;Display,111,55.4,Expert
smartwatch,Garmin,Fenix 7,coffee spilled on device not working,Water damage,Main board;Battery;Display,127,58.1,Expert
smartwatch,Garmin,Fenix 7,moisture inside screen foggy display,Water damage,Main board;Battery;Display,126,60.1,Expert
smartwatch,Garmin,Fenix 7,dropped device cracked case,Physical damage,Case;Housing;Glass,64,75.1,Intermediate
smartwatch,Garmin,Fenix 7,bent frame after sitting on it,Physical damage,Case;Housing;Glass,53,84.0,Intermediate
smartwatch,Garmin,Fenix 7,buttons physically broken,Physical damage,Case;Housing;Glass,65,84.7,Intermediate
smartwatch,Garmin,Fenix 7,housing cracked from impact,Physical damage,Case;Housing;Glass,57,75.6,Intermediate
smartwatch,Garmin,Fenix 7,device dented from fall,Physical damage,Case;Housing;Glass,68,82.9,Intermediate
smartwatch,Garmin,Fenix 7,device powers on but no display,Motherboard failure,Main board;Processor,157,66.9,Expert
smartwatch,Garmin,Fenix 7,random shutdowns motherboard issue,Motherboard failure,Main board;Processor,149,69.0,Expert
smartwatch,Garmin,Fenix 7,short circuit smell burning,Motherboard failure,Main board;Processor,155,64.1,Expert
smartwatch,Garmin,Fenix 7,no boot beep codes,Motherboard failure,Main board;Processor,142,61.8,Expert
smartwatch,Garmin,Fenix 7,device turns on for few seconds then dies,Motherboard failure,Main board;Processor,158,65.4,Expert
smartwatch,Garmin,Fenix 7,screen rotation not working,Sensor failure,Heart rate sensor;Blood oxygen sensor;Accelerometer;Gyroscope,35,70.0,Advanced
smartwatch,Garmin,Fenix 7,proximity sensor not working screen stays on,Sensor failure,Heart rate sensor;Blood oxygen sensor;Accelerometer;Gyroscope,40,78.1,Advanced
smartwatch,Garmin,Fenix 7,fingerprint sensor not recognizing,Sensor failure,Heart rate sensor;Blood oxygen sensor;Accelerometer;Gyroscope,37,70.1,Advanced
smartwatch,Garmin,Fenix 7,face id not working,Sensor failure,Heart rate sensor;Blood oxygen sensor;Accelerometer;Gyroscope,55,70.4,Advanced
smartwatch,Garmin,Fenix 7,heart rate sensor not detecting,Sensor failure,Heart rate sensor;Blood oxygen sensor;Accelerometer;Gyroscope,44,76.9,Advanced
smartwatch,Apple,Watch Ultra,won't turn on no power black screen,Power supply failure,Battery;Charging contacts;Power IC,58,93.7,Intermediate
smartwatch,Apple,Watch Ultra,completely dead not responding to power button,Power supply failure,Battery;Charging contacts;Power IC,53,94.3,Intermediate
smartwatch,Apple,Watch Ultra,no lights no signs of life,Power supply failure,Battery;Charging contacts;Power IC,57,88.8,Intermediate
smartwatch,Apple,Watch Ultra,power button not working device dead,Power supply failure,Battery;Charging contacts;Power IC,67,86.9,Intermediate
smartwatch,Apple,Watch Ultra,tried charging overnight still won't turn on,Power supply failure,Battery;Charging contacts;Power IC,61,94.6,Intermediate
smartwatch,Apple,Watch Ultra,dead battery not charging,Battery failure,Battery;Charging contacts,37,92.0,Beginner
smartwatch,Apple,Watch Ultra,battery drains very fast only lasts 30 minutes,Battery failure,Battery;Charging contacts,51,96.2,Beginner
smartwatch,Apple,Watch Ultra,charging but percentage not increasing,Battery failure,Battery;Charging contacts,36,98.2,Beginner
smartwatch,Apple,Watch Ultra,battery swollen device bulging,Battery failure,Battery;Charging contacts,49,100.0,Beginner
smartwatch,Apple,Watch Ultra,shows charging but battery percentage drops,Battery failure,Battery;Charging contacts,54,96.9,Beginner
smartwatch,Apple,Watch Ultra,screen cracked broken display,Screen damage,Display;Touch screen;Glass cover,78,94.9,Advanced
smartwatch,Apple,Watch Ultra,display shattered touch not working,Screen damage,Display;Touch screen;Glass cover,84,96.8,Advanced
smartwatch,Apple,Watch Ultra,black spots on screen after drop,Screen damage,Display;Touch screen;Glass cover,79,96.6,Advanced
smartwatch,Apple,Watch Ultra,screen flickering lines across display,Screen damage,Display;Touch screen;Glass cover,68,91.9,Advanced
smartwatch,Apple,Watch Ultra,half screen not working after fall,Screen damage,Display;Touch screen;Glass cover,69,97.9,Advanced
smartwatch,Apple,Watch Ultra,screen stays black but device is on,Display malfunction,Display connector;Display driver,60,84.2,Intermediate
smartwatch,Apple,Watch Ultra,display very dim can barely see anything,Display malfunction,Display connector;Display driver,64,87.3,Intermediate
smartwatch,Apple,Watch Ultra,screen flickers when moving lid,Display malfunction,Display connector;Display driver,63,88.2,Intermediate
smartwatch,Apple,Watch Ultra,vertical lines on display,Display malfunction,Display connector;Display driver,62,84.6,Intermediate
smartwatch,Apple,Watch Ultra,screen goes black randomly,Display malfunction,Display connector;Display driver,57,81.1,Intermediate
smartwatch,Apple,Watch Ultra,slow performance lag freezing,Software issue,Storage;Operating system;Watch OS,90,88.8,Intermediate
smartwatch,Apple,Watch Ultra,apps crash constantly won't stay open,Software issue,Storage;Operating system;Watch OS,85,82.6,Intermediate
smartwatch,Apple,Watch Ultra,system freezes need to force restart,Software issue,Storage;Operating system;Watch OS,96,88.3,Intermediate
smartwatch,Apple,Watch Ultra,very slow takes forever to open anything,Software issue,Storage;Operating system;Watch OS,95,82.7,Intermediate
smartwatch,Apple,Watch Ultra,keeps restarting on its own,Software issue,Storage;Operating system;Watch OS,86,83.3,Intermediate
smartwatch,Apple,Watch Ultra,overheating fan loud hot,Cooling system failure,Processor;Battery,61,84.0,Intermediate
smartwatch,Apple,Watch Ultra,device gets extremely hot can't touch it,Cooling system failure,Processor;Battery,55,90.3,Intermediate
smartwatch,Apple,Watch Ultra,fan running at full speed very noisy,Cooling system failure,Processor;Battery,69,86.4,Intermediate
smartwatch,Apple,Watch Ultra,shuts down due to overheating,Cooling system failure,Processor;Battery,70,85.7,Intermediate
smartwatch,Apple,Watch Ultra,bottom gets burning hot during use,Cooling system failure,Processor;Battery,60,88.0,Intermediate
smartwatch,Apple,Watch Ultra,wifi not connecting no internet,Network failure,Wifi chip;Bluetooth module,21,90.6,Beginner
smartwatch,Apple,Watch Ultra,bluetooth won't turn on greyed out,Network failure,Wifi chip;Bluetooth module,23,96.3,Beginner
smartwatch,Apple,Watch Ultra,wifi keeps disconnecting every few minutes,Network failure,Wifi chip;Bluetooth module,29,87.3,Beginner
smartwatch,Apple,Watch Ultra,can't find any wifi networks,Network failure,Wifi chip;Bluetooth module,37,89.8,Beginner
smartwatch,Apple,Watch Ultra,network adapter not detected,Network failure,Wifi chip;Bluetooth module,36,95.7,Beginner
smartwatch,Apple,Watch Ultra,touch screen not working,Touch failure,Touch screen;Touch sensor,37,82.3,Intermediate
smartwatch,Apple,Watch Ultra,touch not responding after screen replacement,Touch failure,Touch screen;Touch sensor,54,80.5,Intermediate
smartwatch,Apple,Watch Ultra,ghost touches screen taps by itself,Touch failure,Touch screen;Touch sensor,41,82.3,Intermediate
smartwatch,Apple,Watch Ultra,touch works only in some areas,Touch failure,Touch screen;Touch sensor,41,84.5,Intermediate
smartwatch,Apple,Watch Ultra,multitouch not working,Touch failure,Touch screen;Touch sensor,40,79.9,Intermediate
smartwatch,Apple,Watch Ultra,no sound speaker audio issue,Audio failure,Speaker;Microphone,27,88.5,Beginner
smartwatch,Apple,Watch Ultra,speakers crackling distorted sound,Audio failure,Speaker;Microphone,22,85.9,Beginner
smartwatch,Apple,Watch Ultra,microphone not working during calls,Audio failure,Speaker;Microphone,28,84.6,Beginner
smartwatch,Apple,Watch Ultra,audio only works with headphones,Audio failure,Speaker;Microphone,23,88.2,Beginner
smartwatch,Apple,Watch Ultra,one speaker not working,Audio failure,Speaker;Microphone,34,81.0,Beginner
smartwatch,Apple,Watch Ultra,camera not working,Camera failure,Camera module,54,88.7,Intermediate
smartwatch,Apple,Watch Ultra,camera shows black screen,Camera failure,Camera module,48,91.0,Intermediate
smartwatch,Apple,Watch Ultra,camera blurry won't focus,Camera failure,Camera module,41,89.0,Intermediate
smartwatch,Apple,Watch Ultra,front camera works but rear camera doesn't,Camera failure,Camera module,36,91.2,Intermediate
smartwatch,Apple,Watch Ultra,camera app crashes when opened,Camera failure,Camera module,55,82.7,Intermediate
smartwatch,Apple,Watch Ultra,hard drive not detected,Storage failure,Internal storage,69,66.7,Advanced
smartwatch,Apple,Watch Ultra,storage full can't save anything,Storage failure,Internal storage,80,71.7,Advanced
smartwatch,Apple,Watch Ultra,ssd failed system won't boot,Storage failure,Internal storage,72,72.2,Advanced
smartwatch,Apple,Watch Ultra,corrupted storage data loss,Storage failure,Internal storage,78,66.5,Advanced
smartwatch,Apple,Watch Ultra,disk errors constant warnings,Storage failure,Internal storage,66,67.0,Advanced
smartwatch,Apple,Watch Ultra,dropped in water won't turn on,Water damage,Main board;Battery;Display,113,61.2,Expert
smartwatch,Apple,Watch Ultra,liquid damage corrosion visible,Water damage,Main board;Battery;Display,115,56.2,Expert
smartwatch,Apple,Watch Ultra,water indicator triggered device wet,Water damage,Main board;Battery;Display,125,60.8,Expert
smartwatch,Apple,Watch Ultra,coffee spilled on device not working,Water damage,Main board;Battery;Display,115,56.3,Expert
smartwatch,Apple,Watch Ultra,moisture inside screen foggy display,Water damage,Main board;Battery;Display,121,64.5,Expert
smartwatch,Apple,Watch Ultra,dropped device cracked case,Physical damage,Case;Housing;Glass,65,75.4,Intermediate
smartwatch,Apple,Watch Ultra,bent frame after sitting on it,Physical damage,Case;Housing;Glass,58,80.4,Intermediate
smartwatch,Apple,Watch Ultra,buttons physically broken,Physical damage,Case;Housing;Glass,66,79.1,Intermediate
smartwatch,Apple,Watch Ultra,housing cracked from impact,Physical damage,Case;Housing;Glass,63,76.9,Intermediate
smartwatch,Apple,Watch Ultra,device dented from fall,Physical damage,Case;Housing;Glass,60,78.7,Intermediate
smartwatch,Apple,Watch Ultra,device powers on but no display,Motherboard failure,Main board;Processor,144,68.4,Expert
smartwatch,Apple,Watch Ultra,random shutdowns motherboard issue,Motherboard failure,Main board;Processor,155,60.8,Expert
smartwatch,Apple,Watch Ultra,short circuit smell burning,Motherboard failure,Main board;Processor,147,61.0,Expert
smartwatch,Apple,Watch Ultra,no boot beep codes,Motherboard failure,Main board;Processor,154,63.7,Expert
smartwatch,Apple,Watch Ultra,device turns on for few seconds then dies,Motherboard failure,Main board;Processor,151,64.0,Expert
smartwatch,Apple,Watch Ultra,screen rotation not working,Sensor failure,Heart rate sensor;Blood oxygen sensor;Accelerometer;Gyroscope,54,78.3,Advanced
smartwatch,Apple,Watch Ultra,proximity sensor not working screen stays on,Sensor failure,Heart rate sensor;Blood oxygen sensor;Accelerometer;Gyroscope,42,76.1,Advanced
smartwatch,Apple,Watch Ultra,fingerprint sensor not recognizing,Sensor failure,Heart rate sensor;Blood oxygen sensor;Accelerometer;Gyroscope,52,79.9,Advanced
smartwatch,Apple,Watch Ultra,face id not working,Sensor failure,Heart rate sensor;Blood oxygen sensor;Accelerometer;Gyroscope,36,73.1,Advanced
smartwatch,Apple,Watch Ultra,heart rate sensor not detecting,Sensor failure,Heart rate sensor;Blood oxygen sensor;Accelerometer;Gyroscope,49,73.3,Advanced
smarttv,Samsung,QN90B,won't turn on no power black screen,Power supply failure,Power supply board;Main board;Power cable,70,92.3,Intermediate
smarttv,Samsung,QN90B,completely dead not responding to power button,Power supply failure,Power supply board;Main board;Power cable,67,91.4,Intermediate
smarttv,Samsung,QN90B,no lights no signs of life,Power supply failure,Power supply board;Main board;Power cable,60,88.0,Intermediate
smarttv,Samsung,QN90B,power button not working device dead,Power supply failure,Power supply board;Main board;Power cable,70,89.6,Intermediate
smarttv,Samsung,QN90B,tried charging overnight still won't turn on,Power supply failure,Power supply board;Main board;Power cable,68,94.0,Intermediate
smarttv,Samsung,QN90B,screen cracked broken display,Screen damage,Display panel;T-CON board;LED backlight,80,91.5,Advanced
smarttv,Samsung,QN90B,display shattered touch not working,Screen damage,Display panel;T-CON board;LED backlight,65,92.1,Advanced
smarttv,Samsung,QN90B,black spots on screen after drop,Screen damage,Display panel;T-CON board;LED backlight,83,95.3,Advanced
smarttv,Samsung,QN90B,screen flickering lines across display,Screen damage,Display panel;T-CON board;LED backlight,79,93.5,Advanced
smarttv,Samsung,QN90B,half screen not working after fall,Screen damage,Display panel;T-CON board;LED backlight,65,93.2,Advanced
smarttv,Samsung,QN90B,screen stays black but device is on,Display malfunction,T-CON board;Main board;Display panel,58,86.3,Intermediate
smarttv,Samsung,QN90B,display very dim can barely see anything,Display malfunction,T-CON board;Main board;Display panel,57,88.0,Intermediate
smarttv,Samsung,QN90B,screen flickers when moving lid,Display malfunction,T-CON board;Main board;Display panel,69,80.4,Intermediate
smarttv,Samsung,QN90B,vertical lines on display,Display malfunction,T-CON board;Main board;Display panel,67,86.6,Intermediate
smarttv,Samsung,QN90B,screen goes black randomly,Display malfunction,T-CON board;Main board;Display panel,60,88.0,Intermediate
smarttv,Samsung,QN90B,slow performance lag freezing,Software issue,RAM;Flash storage;Smart TV OS,97,87.1,Intermediate
smarttv,Samsung,QN90B,apps crash constantly won't stay open,Software issue,RAM;Flash storage;Smart TV OS,89,86.5,Intermediate
smarttv,Samsung,QN90B,system freezes need to force restart,Software issue,RAM;Flash storage;Smart TV OS,95,85.7,Intermediate
smarttv,Samsung,QN90B,very slow takes forever to open anything,Software issue,RAM;Flash storage;Smart TV OS,86,88.5,Intermediate
smarttv,Samsung,QN90B,keeps restarting on its own,Software issue,RAM;Flash storage;Smart TV OS,85,81.4,Intermediate
smarttv,Samsung,QN90B,overheating fan loud hot,Cooling system failure,Cooling fan;Heat sink;Processor,62,83.5,Intermediate
smarttv,Samsung,QN90B,device gets extremely hot can't touch it,Cooling system failure,Cooling fan;Heat sink;Processor,59,83.8,Intermediate
smarttv,Samsung,QN90B,fan running at full speed very noisy,Cooling system failure,Cooling fan;Heat sink;Processor,65,87.0,Intermediate
smarttv,Samsung,QN90B,shuts down due to overheating,Cooling system failure,Cooling fan;Heat sink;Processor,70,88.6,Intermediate
smarttv,Samsung,QN90B,bottom gets burning hot during use,Cooling system failure,Cooling fan;Heat sink;Processor,61,86.3,Intermediate
smarttv,Samsung,QN90B,wifi not connecting no internet,Network failure,WiFi module;Network card,39,96.7,Beginner
smarttv,Samsung,QN90B,bluetooth won't turn on greyed out,Network failure,WiFi module;Network card,35,92.2,Beginner
smarttv,Samsung,QN90B,wifi keeps disconnecting every few minutes,Network failure,WiFi module;Network card,23,95.1,Beginner
smarttv,Samsung,QN90B,can't find any wifi networks,Network failure,WiFi module;Network card,36,96.1,Beginner
smarttv,Samsung,QN90B,network adapter not detected,Network failure,WiFi module;Network card,30,89.0,Beginner
smarttv,Samsung,QN90B,no sound speaker audio issue,Audio failure,Speakers;Audio board;Audio processor,26,88.9,Beginner
smarttv,Samsung,QN90B,speakers crackling distorted sound,Audio failure,Speakers;Audio board;Audio processor,26,85.7,Beginner
smarttv,Samsung,QN90B,microphone not working during calls,Audio failure,Speakers;Audio board;Audio processor,35,88.1,Beginner
smarttv,Samsung,QN90B,audio only works with headphones,Audio failure,Speakers;Audio board;Audio processor,22,86.7,Beginner
smarttv,Samsung,QN90B,one speaker not working,Audio failure,Speakers;Audio board;Audio processor,34,89.8,Beginner
smarttv,Samsung,QN90B,usb ports not working,USB failure,USB ports;Main board,47,84.5,Intermediate
smarttv,Samsung,QN90B,usb devices not recognized,USB failure,USB ports;Main board,44,83.0,Intermediate
smarttv,Samsung,QN90B,charging port loose not connecting properly,USB failure,USB ports;Main board,37,89.5,Intermediate
smarttv,Samsung,QN90B,usb port physically damaged,USB failure,USB ports;Main board,50,90.9,Intermediate
smarttv,Samsung,QN90B,some usb ports work others don't,USB failure,USB ports;Main board,49,87.5,Intermediate
smarttv,Samsung,QN90B,hard drive not detected,Storage failure,Flash storage;Storage module,72,72.9,Advanced
smarttv,Samsung,QN90B,storage full can't save anything,Storage failure,Flash storage;Storage module,73,69.3,Advanced
smarttv,Samsung,QN90B,ssd failed system won't boot,Storage failure,Flash storage;Storage module,73,65.9,Advanced
smarttv,Samsung,QN90B,corrupted storage data loss,Storage failure,Flash storage;Storage module,70,67.4,Advanced
smarttv,Samsung,QN90B,disk errors constant warnings,Storage failure,Flash storage;Storage module,66,65.0,Advanced
smarttv,Samsung,QN90B,device powers on but no display,Motherboard failure,Main board;Processor,152,62.6,Expert
smarttv,Samsung,QN90B,random shutdowns motherboard issue,Motherboard failure,Main board;Processor,142,64.4,Expert
smarttv,Samsung,QN90B,short circuit smell burning,Motherboard failure,Main board;Processor,155,65.6,Expert
smarttv,Samsung,QN90B,no boot beep codes,Motherboard failure,Main board;Processor,155,69.9,Expert
smarttv,Samsung,QN90B,device turns on for few seconds then dies,Motherboard failure,Main board;Processor,144,65.4,Expert
smarttv,LG,OLED C1,won't turn on no power black screen,Power supply failure,Power supply board;Main board;Power cable,50,91.0,Intermediate
smarttv,LG,OLED C1,completely dead not responding to power button,Power supply failure,Power supply board;Main board;Power cable,55,85.9,Intermediate
smarttv,LG,OLED C1,no lights no signs of life,Power supply failure,Power supply board;Main board;Power cable,68,88.3,Intermediate
smarttv,LG,OLED C1,power button not working device dead,Power supply failure,Power supply board;Main board;Power cable,67,89.2,Intermediate
smarttv,LG,OLED C1,tried charging overnight still won't turn on,Power supply failure,Power supply board;Main board;Power cable,54,94.4,Intermediate
smarttv,LG,OLED C1,screen cracked broken display,Screen damage,Display panel;T-CON board;LED backlight,85,90.3,Advanced
smarttv,LG,OLED C1,display shattered touch not working,Screen damage,Display panel;T-CON board;LED backlight,84,96.3,Advanced
smarttv,LG,OLED C1,black spots on screen after drop,Screen damage,Display panel;T-CON board;LED backlight,73,93.9,Advanced
smarttv,LG,OLED C1,screen flickering lines across display,Screen damage,Display panel;T-CON board;LED backlight,67,98.8,Advanced
smarttv,LG,OLED C1,half screen not working after fall,Screen damage,Display panel;T-CON board;LED backlight,79,98.2,Advanced
smarttv,LG,OLED C1,screen stays black but device is on,Display malfunction,T-CON board;Main board;Display panel,62,81.8,Intermediate
smarttv,LG,OLED C1,display very dim can barely see anything,Display malfunction,T-CON board;Main board;Display panel,62,87.2,Intermediate
smarttv,LG,OLED C1,screen flickers when moving lid,Display malfunction,T-CON board;Main board;Display panel,70,82.1,Intermediate
smarttv,LG,OLED C1,vertical lines on display,Display malfunction,T-CON board;Main board;Display panel,54,86.6,Intermediate
smarttv,LG,OLED C1,screen goes black randomly,Display malfunction,T-CON board;Main board;Display panel,67,83.3,Intermediate
smarttv,LG,OLED C1,slow performance lag freezing,Software issue,RAM;Flash storage;Smart TV OS,82,85.7,Intermediate
smarttv,LG,OLED C1,apps crash constantly won't stay open,Software issue,RAM;Flash storage;Smart TV OS,96,89.3,Intermediate
smarttv,LG,OLED C1,system freezes need to force restart,Software issue,RAM;Flash storage;Smart TV OS,90,87.8,Intermediate
smarttv,LG,OLED C1,very slow takes forever to open anything,Software issue,RAM;Flash storage;Smart TV OS,97,88.5,Intermediate
smarttv,LG,OLED C1,keeps restarting on its own,Software issue,RAM;Flash storage;Smart TV OS,99,85.2,Intermediate
smarttv,LG,OLED C1,overheating fan loud hot,Cooling system failure,Cooling fan;Heat sink;Processor,56,87.4,Intermediate
smarttv,LG,OLED C1,device gets extremely hot can't touch it,Cooling system failure,Cooling fan;Heat sink;Processor,69,83.5,Intermediate
smarttv,LG,OLED C1,fan running at full speed very noisy,Cooling system failure,Cooling fan;Heat sink;Processor,60,86.3,Intermediate
smarttv,LG,OLED C1,shuts down due to overheating,Cooling system failure,Cooling fan;Heat sink;Processor,50,90.0,Intermediate
smarttv,LG,OLED C1,bottom gets burning hot during use,Cooling system failure,Cooling fan;Heat sink;Processor,52,87.3,Intermediate
smarttv,LG,OLED C1,wifi not connecting no internet,Network failure,WiFi module;Network card,27,88.6,Beginner
smarttv,LG,OLED C1,bluetooth won't turn on greyed out,Network failure,WiFi module;Network card,39,87.4,Beginner
smarttv,LG,OLED C1,wifi keeps disconnecting every few minutes,Network failure,WiFi module;Network card,31,89.2,Beginner
smarttv,LG,OLED C1,can't find any wifi networks,Network failure,WiFi module;Network card,20,90.9,Beginner
smarttv,LG,OLED C1,network adapter not detected,Network failure,WiFi module;Network card,40,94.1,Beginner
smarttv,LG,OLED C1,no sound speaker audio issue,Audio failure,Speakers;Audio board;Audio processor,30,87.7,Beginner
smarttv,LG,OLED C1,speakers crackling distorted sound,Audio failure,Speakers;Audio board;Audio processor,36,80.9,Beginner
smarttv,LG,OLED C1,microphone not working during calls,Audio failure,Speakers;Audio board;Audio processor,35,84.8,Beginner
smarttv,LG,OLED C1,audio only works with headphones,Audio failure,Speakers;Audio board;Audio processor,32,84.3,Beginner
smarttv,LG,OLED C1,one speaker not working,Audio failure,Speakers;Audio board;Audio processor,22,89.6,Beginner
smarttv,LG,OLED C1,usb ports not working,USB failure,USB ports;Main board,43,90.9,Intermediate
smarttv,LG,OLED C1,usb devices not recognized,USB failure,USB ports;Main board,53,85.4,Intermediate
smarttv,LG,OLED C1,charging port loose not connecting properly,USB failure,USB ports;Main board,50,88.2,Intermediate
smarttv,LG,OLED C1,usb port physically damaged,USB failure,USB ports;Main board,48,83.2,Intermediate
smarttv,LG,OLED C1,some usb ports work others don't,USB failure,USB ports;Main board,36,84.0,Intermediate
smarttv,LG,OLED C1,hard drive not detected,Storage failure,Flash storage;Storage module,69,65.6,Advanced
smarttv,LG,OLED C1,storage full can't save anything,Storage failure,Flash storage;Storage module,72,69.1,Advanced
smarttv,LG,OLED C1,ssd failed system won't boot,Storage failure,Flash storage;Storage module,77,72.8,Advanced
smarttv,LG,OLED C1,corrupted storage data loss,Storage failure,Flash storage;Storage module,84,68.6,Advanced
smarttv,LG,OLED C1,disk errors constant warnings,Storage failure,Flash storage;Storage module,65,73.3,Advanced
smarttv,LG,OLED C1,device powers on but no display,Motherboard failure,Main board;Processor,158,67.7,Expert
smarttv,LG,OLED C1,random shutdowns motherboard issue,Motherboard failure,Main board;Processor,156,68.8,Expert
smarttv,LG,OLED C1,short circuit smell burning,Motherboard failure,Main board;Processor,140,63.1,Expert
smarttv,LG,OLED C1,no boot beep codes,Motherboard failure,Main board;Processor,142,63.0,Expert
smarttv,LG,OLED C1,device turns on for few seconds then dies,Motherboard failure,Main board;Processor,140,60.2,Expert
smarttv,Sony,X95K,won't turn on no power black screen,Power supply failure,Power supply board;Main board;Power cable,70,92.1,Intermediate
smarttv,Sony,X95K,completely dead not responding to power button,Power supply failure,Power supply board;Main board;Power cable,63,93.4,Intermediate
smarttv,Sony,X95K,no lights no signs of life,Power supply failure,Power supply board;Main board;Power cable,63,90.5,Intermediate
smarttv,Sony,X95K,power button not working device dead,Power supply failure,Power supply board;Main board;Power cable,51,92.3,Intermediate
smarttv,Sony,X95K,tried charging overnight still won't turn on,Power supply failure,Power supply board;Main board;Power cable,70,85.3,Intermediate
smarttv,Sony,X95K,screen cracked broken display,Screen damage,Display panel;T-CON board;LED backlight,73,91.9,Advanced
smarttv,Sony,X95K,display shattered touch not working,Screen damage,Display panel;T-CON board;LED backlight,83,99.4,Advanced
smarttv,Sony,X95K,black spots on screen after drop,Screen damage,Display panel;T-CON board;LED backlight,69,91.3,Advanced
smarttv,Sony,X95K,screen flickering lines across display,Screen damage,Display panel;T-CON board;LED backlight,66,92.4,Advanced
smarttv,Sony,X95K,half screen not working after fall,Screen damage,Display panel;T-CON board;LED backlight,80,93.2,Advanced
smarttv,Sony,X95K,screen stays black but device is on,Display malfunction,T-CON board;Main board;Display panel,68,88.0,Intermediate
smarttv,Sony,X95K,display very dim can barely see anything,Display malfunction,T-CON board;Main board;Display panel,62,88.2,Intermediate
smarttv,Sony,X95K,screen flickers when moving lid,Display malfunction,T-CON board;Main board;Display panel,52,88.1,Intermediate
smarttv,Sony,X95K,vertical lines on display,Display malfunction,T-CON board;Main board;Display panel,69,88.0,Intermediate
smarttv,Sony,X95K,screen goes black randomly,Display malfunction,T-CON board;Main board;Display panel,57,89.5,Intermediate
smarttv,Sony,X95K,slow performance lag freezing,Software issue,RAM;Flash storage;Smart TV OS,95,82.0,Intermediate
smarttv,Sony,X95K,apps crash constantly won't stay open,Software issue,RAM;Flash storage;Smart TV OS,99,86.1,Intermediate
smarttv,Sony,X95K,system freezes need to force restart,Software issue,RAM;Flash storage;Smart TV OS,95,85.8,Intermediate
smarttv,Sony,X95K,very slow takes forever to open anything,Software issue,RAM;Flash storage;Smart TV OS,80,84.6,Intermediate
smarttv,Sony,X95K,keeps restarting on its own,Software issue,RAM;Flash storage;Smart TV OS,88,80.5,Intermediate
smarttv,Sony,X95K,overheating fan loud hot,Cooling system failure,Cooling fan;Heat sink;Processor,59,84.5,Intermediate
smarttv,Sony,X95K,device gets extremely hot can't touch it,Cooling system failure,Cooling fan;Heat sink;Processor,51,90.2,Intermediate
smarttv,Sony,X95K,fan running at full speed very noisy,Cooling system failure,Cooling fan;Heat sink;Processor,70,90.7,Intermediate
smarttv,Sony,X95K,shuts down due to overheating,Cooling system failure,Cooling fan;Heat sink;Processor,60,89.5,Intermediate
smarttv,Sony,X95K,bottom gets burning hot during use,Cooling system failure,Cooling fan;Heat sink;Processor,68,89.1,Intermediate
smarttv,Sony,X95K,wifi not connecting no internet,Network failure,WiFi module;Network card,27,95.7,Beginner
smarttv,Sony,X95K,bluetooth won't turn on greyed out,Network failure,WiFi module;Network card,34,91.9,Beginner
smarttv,Sony,X95K,wifi keeps disconnecting every few minutes,Network failure,WiFi module;Network card,34,94.9,Beginner
smarttv,Sony,X95K,can't find any wifi networks,Network failure,WiFi module;Network card,40,93.0,Beginner
smarttv,Sony,X95K,network adapter not detected,Network failure,WiFi module;Network card,26,94.5,Beginner
smarttv,Sony,X95K,no sound speaker audio issue,Audio failure,Speakers;Audio board;Audio processor,37,81.1,Beginner
smarttv,Sony,X95K,speakers crackling distorted sound,Audio failure,Speakers;Audio board;Audio processor,38,89.7,Beginner
smarttv,Sony,X95K,microphone not working during calls,Audio failure,Speakers;Audio board;Audio processor,25,81.8,Beginner
smarttv,Sony,X95K,audio only works with headphones,Audio failure,Speakers;Audio board;Audio processor,39,89.6,Beginner
smarttv,Sony,X95K,one speaker not working,Audio failure,Speakers;Audio board;Audio processor,37,80.4,Beginner
smarttv,Sony,X95K,usb ports not working,USB failure,USB ports;Main board,48,90.0,Intermediate
smarttv,Sony,X95K,usb devices not recognized,USB failure,USB ports;Main board,54,83.1,Intermediate
smarttv,Sony,X95K,charging port loose not connecting properly,USB failure,USB ports;Main board,45,89.5,Intermediate
smarttv,Sony,X95K,usb port physically damaged,USB failure,USB ports;Main board,54,87.7,Intermediate
smarttv,Sony,X95K,some usb ports work others don't,USB failure,USB ports;Main board,50,88.6,Intermediate
smarttv,Sony,X95K,hard drive not detected,Storage failure,Flash storage;Storage module,82,66.9,Advanced
smarttv,Sony,X95K,storage full can't save anything,Storage failure,Flash storage;Storage module,66,71.1,Advanced
smarttv,Sony,X95K,ssd failed system won't boot,Storage failure,Flash storage;Storage module,81,71.7,Advanced
smarttv,Sony,X95K,corrupted storage data loss,Storage failure,Flash storage;Storage module,81,70.3,Advanced
smarttv,Sony,X95K,disk errors constant warnings,Storage failure,Flash storage;Storage module,83,70.6,Advanced
smarttv,Sony,X95K,device powers on but no display,Motherboard failure,Main board;Processor,140,62.3,Expert
smarttv,Sony,X95K,random shutdowns motherboard issue,Motherboard failure,Main board;Processor,158,67.7,Expert
smarttv,Sony,X95K,short circuit smell burning,Motherboard failure,Main board;Processor,143,64.5,Expert
smarttv,Sony,X95K,no boot beep codes,Motherboard failure,Main board;Processor,149,62.9,Expert
smarttv,Sony,X95K,device turns on for few seconds then dies,Motherboard failure,Main board;Processor,145,68.8,Expert
smarttv,TCL,R646,won't turn on no power black screen,Power supply failure,Power supply board;Main board;Power cable,65,94.6,Intermediate
smarttv,TCL,R646,completely dead not responding to power button,Power supply failure,Power supply board;Main board;Power cable,56,87.7,Intermediate
smarttv,TCL,R646,no lights no signs of life,Power supply failure,Power supply board;Main board;Power cable,57,87.1,Intermediate
smarttv,TCL,R646,power button not working device dead,Power supply failure,Power supply board;Main board;Power cable,52,88.3,Intermediate
smarttv,TCL,R646,tried charging overnight still won't turn on,Power supply failure,Power supply board;Main board;Power cable,67,88.4,Intermediate
smarttv,TCL,R646,screen cracked broken display,Screen damage,Display panel;T-CON board;LED backlight,74,94.0,Advanced
smarttv,TCL,R646,display shattered touch not working,Screen damage,Display panel;T-CON board;LED backlight,68,97.4,Advanced
smarttv,TCL,R646,black spots on screen after drop,Screen damage,Display panel;T-CON board;LED backlight,76,97.8,Advanced
smarttv,TCL,R646,screen flickering lines across display,Screen damage,Display panel;T-CON board;LED backlight,72,91.3,Advanced
smarttv,TCL,R646,half screen not working after fall,Screen damage,Display panel;T-CON board;LED backlight,76,97.4,Advanced
smarttv,TCL,R646,screen stays black but device is on,Display malfunction,T-CON board;Main board;Display panel,68,89.2,Intermediate
smarttv,TCL,R646,display very dim can barely see anything,Display malfunction,T-CON board;Main board;Display panel,63,82.5,Intermediate
smarttv,TCL,R646,screen flickers when moving lid,Display malfunction,T-CON board;Main board;Display panel,59,87.1,Intermediate
smarttv,TCL,R646,vertical lines on display,Display malfunction,T-CON board;Main board;Display panel,52,88.7,Intermediate
smarttv,TCL,R646,screen goes black randomly,Display malfunction,T-CON board;Main board;Display panel,57,89.9,Intermediate
smarttv,TCL,R646,slow performance lag freezing,Software issue,RAM;Flash storage;Smart TV OS,82,84.8,Intermediate
smarttv,TCL,R646,apps crash constantly won't stay open,Software issue,RAM;Flash storage;Smart TV OS,94,89.6,Intermediate
smarttv,TCL,R646,system freezes need to force restart,Software issue,RAM;Flash storage;Smart TV OS,95,83.1,Intermediate
smarttv,TCL,R646,very slow takes forever to open anything,Software issue,RAM;Flash storage;Smart TV OS,81,85.5,Intermediate
smarttv,TCL,R646,keeps restarting on its own,Software issue,RAM;Flash storage;Smart TV OS,89,89.7,Intermediate
smarttv,TCL,R646,overheating fan loud hot,Cooling system failure,Cooling fan;Heat sink;Processor,62,92.7,Intermediate
smarttv,TCL,R646,device gets extremely hot can't touch it,Cooling system failure,Cooling fan;Heat sink;Processor,60,83.3,Intermediate
smarttv,TCL,R646,fan running at full speed very noisy,Cooling system failure,Cooling fan;Heat sink;Processor,53,92.0,Intermediate
smarttv,TCL,R646,shuts down due to overheating,Cooling system failure,Cooling fan;Heat sink;Processor,52,88.1,Intermediate
smarttv,TCL,R646,bottom gets burning hot during use,Cooling system failure,Cooling fan;Heat sink;Processor,68,88.3,Intermediate
smarttv,TCL,R646,wifi not connecting no internet,Network failure,WiFi module;Network card,38,95.8,Beginner
smarttv,TCL,R646,bluetooth won't turn on greyed out,Network failure,WiFi module;Network card,30,89.3,Beginner
smarttv,TCL,R646,wifi keeps disconnecting every few minutes,Network failure,WiFi module;Network card,28,88.9,Beginner
smarttv,TCL,R646,can't find any wifi networks,Network failure,WiFi module;Network card,26,90.7,Beginner
smarttv,TCL,R646,network adapter not detected,Network failure,WiFi module;Network card,40,88.8,Beginner
smarttv,TCL,R646,no sound speaker audio issue,Audio failure,Speakers;Audio board;Audio processor,31,81.8,Beginner
smarttv,TCL,R646,speakers crackling distorted sound,Audio failure,Speakers;Audio board;Audio processor,20,85.3,Beginner
smarttv,TCL,R646,microphone not working during calls,Audio failure,Speakers;Audio board;Audio processor,36,80.7,Beginner
smarttv,TCL,R646,audio only works with headphones,Audio failure,Speakers;Audio board;Audio processor,36,83.2,Beginner
smarttv,TCL,R646,one speaker not working,Audio failure,Speakers;Audio board;Audio processor,26,86.8,Beginner
smarttv,TCL,R646,usb ports not working,USB failure,USB ports;Main board,48,85.2,Intermediate
smarttv,TCL,R646,usb devices not recognized,USB failure,USB ports;Main board,54,89.9,Intermediate
smarttv,TCL,R646,charging port loose not connecting properly,USB failure,USB ports;Main board,45,85.2,Intermediate
smarttv,TCL,R646,usb port physically damaged,USB failure,USB ports;Main board,52,91.6,Intermediate
smarttv,TCL,R646,some usb ports work others don't,USB failure,USB ports;Main board,37,83.5,Intermediate
smarttv,TCL,R646,hard drive not detected,Storage failure,Flash storage;Storage module,74,65.5,Advanced
smarttv,TCL,R646,storage full can't save anything,Storage failure,Flash storage;Storage module,67,69.7,Advanced
smarttv,TCL,R646,ssd failed system won't boot,Storage failure,Flash storage;Storage module,73,72.1,Advanced
smarttv,TCL,R646,corrupted storage data loss,Storage failure,Flash storage;Storage module,67,70.5,Advanced
smarttv,TCL,R646,disk errors constant warnings,Storage failure,Flash storage;Storage module,75,70.7,Advanced
smarttv,TCL,R646,device powers on but no display,Motherboard failure,Main board;Processor,156,66.1,Expert
smarttv,TCL,R646,random shutdowns motherboard issue,Motherboard failure,Main board;Processor,145,65.9,Expert
smarttv,TCL,R646,short circuit smell burning,Motherboard failure,Main board;Processor,147,60.8,Expert
smarttv,TCL,R646,no boot beep codes,Motherboard failure,Main board;Processor,149,64.3,Expert
smarttv,TCL,R646,device turns on for few seconds then dies,Motherboard failure,Main board;Processor,160,61.2,Expert
smarttv,Vizio,P-Series,won't turn on no power black screen,Power supply failure,Power supply board;Main board;Power cable,63,87.4,Intermediate
smarttv,Vizio,P-Series,completely dead not responding to power button,Power supply failure,Power supply board;Main board;Power cable,67,92.4,Intermediate
smarttv,Vizio,P-Series,no lights no signs of life,Power supply failure,Power supply board;Main board;Power cable,64,85.9,Intermediate
smarttv,Vizio,P-Series,power button not working device dead,Power supply failure,Power supply board;Main board;Power cable,57,93.6,Intermediate
smarttv,Vizio,P-Series,tried charging overnight still won't turn on,Power supply failure,Power supply board;Main board;Power cable,69,91.5,Intermediate
smarttv,Vizio,P-Series,screen cracked broken display,Screen damage,Display panel;T-CON board;LED backlight,70,91.3,Advanced
smarttv,Vizio,P-Series,display shattered touch not working,Screen damage,Display panel;T-CON board;LED backlight,68,95.0,Advanced
smarttv,Vizio,P-Series,black spots on screen after drop,Screen damage,Display panel;T-CON board;LED backlight,73,93.1,Advanced
smarttv,Vizio,P-Series,screen flickering lines across display,Screen damage,Display panel;T-CON board;LED backlight,77,95.7,Advanced
smarttv,Vizio,P-Series,half screen not working after fall,Screen damage,Display panel;T-CON board;LED backlight,84,97.4,Advanced
smarttv,Vizio,P-Series,screen stays black but device is on,Display malfunction,T-CON board;Main board;Display panel,68,81.7,Intermediate
smarttv,Vizio,P-Series,display very dim can barely see anything,Display malfunction,T-CON board;Main board;Display panel,70,87.8,Intermediate
smarttv,Vizio,P-Series,screen flickers when moving lid,Display malfunction,T-CON board;Main board;Display panel,51,87.8,Intermediate
smarttv,Vizio,P-Series,vertical lines on display,Display malfunction,T-CON board;Main board;Display panel,58,86.9,Intermediate
smarttv,Vizio,P-Series,screen goes black randomly,Display malfunction,T-CON board;Main board;Display panel,53,88.2,Intermediate
smarttv,Vizio,P-Series,slow performance lag freezing,Software issue,RAM;Flash storage;Smart TV OS,94,88.8,Intermediate
smarttv,Vizio,P-Series,apps crash constantly won't stay open,Software issue,RAM;Flash storage;Smart TV OS,94,88.7,Intermediate
smarttv,Vizio,P-Series,system freezes need to force restart,Software issue,RAM;Flash storage;Smart TV OS,81,83.7,Intermediate
smarttv,Vizio,P-Series,very slow takes forever to open anything,Software issue,RAM;Flash storage;Smart TV OS,97,83.3,Intermediate
smarttv,Vizio,P-Series,keeps restarting on its own,Software issue,RAM;Flash storage;Smart TV OS,94,80.4,Intermediate
smarttv,Vizio,P-Series,overheating fan loud hot,Cooling system failure,Cooling fan;Heat sink;Processor,62,90.7,Intermediate
smarttv,Vizio,P-Series,device gets extremely hot can't touch it,Cooling system failure,Cooling fan;Heat sink;Processor,65,90.8,Intermediate
smarttv,Vizio,P-Series,fan running at full speed very noisy,Cooling system failure,Cooling fan;Heat sink;Processor,63,83.5,Intermediate
smarttv,Vizio,P-Series,shuts down due to overheating,Cooling system failure,Cooling fan;Heat sink;Processor,68,90.5,Intermediate
smarttv,Vizio,P-Series,bottom gets burning hot during use,Cooling system failure,Cooling fan;Heat sink;Processor,59,83.8,Intermediate
smarttv,Vizio,P-Series,wifi not connecting no internet,Network failure,WiFi module;Network card,28,95.7,Beginner
smarttv,Vizio,P-Series,bluetooth won't turn on greyed out,Network failure,WiFi module;Network card,26,88.0,Beginner
smarttv,Vizio,P-Series,wifi keeps disconnecting every few minutes,Network failure,WiFi module;Network card,34,87.8,Beginner
smarttv,Vizio,P-Series,can't find any wifi networks,Network failure,WiFi module;Network card,28,88.3,Beginner
smarttv,Vizio,P-Series,network adapter not detected,Network failure,WiFi module;Network card,21,94.9,Beginner
smarttv,Vizio,P-Series,no sound speaker audio issue,Audio failure,Speakers;Audio board;Audio processor,40,87.6,Beginner
smarttv,Vizio,P-Series,speakers crackling distorted sound,Audio failure,Speakers;Audio board;Audio processor,31,80.0,Beginner
smarttv,Vizio,P-Series,microphone not working during calls,Audio failure,Speakers;Audio board;Audio processor,39,81.2,Beginner
smarttv,Vizio,P-Series,audio only works with headphones,Audio failure,Speakers;Audio board;Audio processor,34,84.2,Beginner
smarttv,Vizio,P-Series,one speaker not working,Audio failure,Speakers;Audio board;Audio processor,30,84.0,Beginner
smarttv,Vizio,P-Series,usb ports not working,USB failure,USB ports;Main board,43,89.4,Intermediate
smarttv,Vizio,P-Series,usb devices not recognized,USB failure,USB ports;Main board,40,91.0,Intermediate
smarttv,Vizio,P-Series,charging port loose not connecting properly,USB failure,USB ports;Main board,41,89.3,Intermediate
smarttv,Vizio,P-Series,usb port physically damaged,USB failure,USB ports;Main board,47,85.4,Intermediate
smarttv,Vizio,P-Series,some usb ports work others don't,USB failure,USB ports;Main board,40,90.5,Intermediate
smarttv,Vizio,P-Series,hard drive not detected,Storage failure,Flash storage;Storage module,66,67.7,Advanced
smarttv,Vizio,P-Series,storage full can't save anything,Storage failure,Flash storage;Storage module,78,65.5,Advanced
smarttv,Vizio,P-Series,ssd failed system won't boot,Storage failure,Flash storage;Storage module,67,68.5,Advanced
smarttv,Vizio,P-Series,corrupted storage data loss,Storage failure,Flash storage;Storage module,79,74.9,Advanced
smarttv,Vizio,P-Series,disk errors constant warnings,Storage failure,Flash storage;Storage module,69,72.2,Advanced
smarttv,Vizio,P-Series,device powers on but no display,Motherboard failure,Main board;Processor,147,68.9,Expert
smarttv,Vizio,P-Series,random shutdowns motherboard issue,Motherboard failure,Main board;Processor,157,62.2,Expert
smarttv,Vizio,P-Series,short circuit smell burning,Motherboard failure,Main board;Processor,140,61.8,Expert
smarttv,Vizio,P-Series,no boot beep codes,Motherboard failure,Main board;Processor,153,62.4,Expert
smarttv,Vizio,P-Series,device turns on for few seconds then dies,Motherboard failure,Main board;Processor,140,60.7,Expert
headphones,Sony,WH-1000XM4,won't turn on no power black screen,Power supply failure,Battery;Charging port;Power circuit,64,93.3,Intermediate
headphones,Sony,WH-1000XM4,completely dead not responding to power button,Power supply failure,Battery;Charging port;Power circuit,50,86.7,Intermediate
headphones,Sony,WH-1000XM4,no lights no signs of life,Power supply failure,Battery;Charging port;Power circuit,69,92.5,Intermediate
headphones,Sony,WH-1000XM4,power button not working device dead,Power supply failure,Battery;Charging port;Power circuit,64,88.0,Intermediate
headphones,Sony,WH-1000XM4,tried charging overnight still won't turn on,Power supply failure,Battery;Charging port;Power circuit,53,86.2,Intermediate
headphones,Sony,WH-1000XM4,dead battery not charging,Battery failure,Battery;Charging case battery,53,92.7,Beginner
headphones,Sony,WH-1000XM4,battery drains very fast only lasts 30 minutes,Battery failure,Battery;Charging case battery,55,90.4,Beginner
headphones,Sony,WH-1000XM4,charging but percentage not increasing,Battery failure,Battery;Charging case battery,54,95.2,Beginner
headphones,Sony,WH-1000XM4,battery swollen device bulging,Battery failure,Battery;Charging case battery,36,95.2,Beginner
headphones,Sony,WH-1000XM4,shows charging but battery percentage drops,Battery failure,Battery;Charging case battery,42,90.9,Beginner
headphones,Sony,WH-1000XM4,slow performance lag freezing,Software issue,Firmware;Bluetooth module,97,81.1,Intermediate
headphones,Sony,WH-1000XM4,apps crash constantly won't stay open,Software issue,Firmware;Bluetooth module,93,81.0,Intermediate
headphones,Sony,WH-1000XM4,system freezes need to force restart,Software issue,Firmware;Bluetooth module,89,84.7,Intermediate
headphones,Sony,WH-1000XM4,very slow takes forever to open anything,Software issue,Firmware;Bluetooth module,90,83.6,Intermediate
headphones,Sony,WH-1000XM4,keeps restarting on its own,Software issue,Firmware;Bluetooth module,90,82.6,Intermediate
headphones,Sony,WH-1000XM4,wifi not connecting no internet,Network failure,Bluetooth module;Antenna,32,92.7,Beginner
headphones,Sony,WH-1000XM4,bluetooth won't turn on greyed out,Network failure,Bluetooth module;Antenna,40,95.7,Beginner
headphones,Sony,WH-1000XM4,wifi keeps disconnecting every few minutes,Network failure,Bluetooth module;Antenna,28,93.5,Beginner
headphones,Sony,WH-1000XM4,can't find any wifi networks,Network failure,Bluetooth module;Antenna,28,87.4,Beginner
headphones,Sony,WH-1000XM4,network adapter not detected,Network failure,Bluetooth module;Antenna,37,92.9,Beginner
headphones,Sony,WH-1000XM4,no sound speaker audio issue,Audio failure,Drivers;Audio cable;Bluetooth module,29,89.8,Beginner
headphones,Sony,WH-1000XM4,speakers crackling distorted sound,Audio failure,Drivers;Audio cable;Bluetooth module,20,87.9,Beginner
headphones,Sony,WH-1000XM4,microphone not working during calls,Audio failure,Drivers;Audio cable;Bluetooth module,35,83.0,Beginner
headphones,Sony,WH-1000XM4,audio only works with headphones,Audio failure,Drivers;Audio cable;Bluetooth module,22,80.1,Beginner
headphones,Sony,WH-1000XM4,one speaker not working,Audio failure,Drivers;Audio cable;Bluetooth module,20,82.8,Beginner
headphones,Sony,WH-1000XM4,dropped in water won't turn on,Water damage,Circuit board;Drivers;Battery,112,56.2,Expert
headphones,Sony,WH-1000XM4,liquid damage corrosion visible,Water damage,Circuit board;Drivers;Battery,126,55.3,Expert
headphones,Sony,WH-1000XM4,water indicator triggered device wet,Water damage,Circuit board;Drivers;Battery,125,55.2,Expert
headphones,Sony,WH-1000XM4,coffee spilled on device not working,Water damage,Circuit board;Drivers;Battery,125,61.9,Expert
headphones,Sony,WH-1000XM4,moisture inside screen foggy display,Water damage,Circuit board;Drivers;Battery,123,64.2,Expert
headphones,Sony,WH-1000XM4,dropped device cracked case,Physical damage,Headband;Ear cushions;Housing,53,78.3,Intermediate
headphones,Sony,WH-1000XM4,bent frame after sitting on it,Physical damage,Headband;Ear cushions;Housing,51,76.2,Intermediate
headphones,Sony,WH-1000XM4,buttons physically broken,Physical damage,Headband;Ear cushions;Housing,51,80.7,Intermediate
headphones,Sony,WH-1000XM4,housing cracked from impact,Physical damage,Headband;Ear cushions;Housing,56,81.0,Intermediate
headphones,Sony,WH-1000XM4,device dented from fall,Physical damage,Headband;Ear cushions;Housing,69,75.7,Intermediate
headphones,Apple,AirPods Pro,won't turn on no power black screen,Power supply failure,Battery;Charging port;Power circuit,55,89.0,Intermediate
headphones,Apple,AirPods Pro,completely dead not responding to power button,Power supply failure,Battery;Charging port;Power circuit,67,89.9,Intermediate
headphones,Apple,AirPods Pro,no lights no signs of life,Power supply failure,Battery;Charging port;Power circuit,63,94.3,Intermediate
headphones,Apple,AirPods Pro,power button not working device dead,Power supply failure,Battery;Charging port;Power circuit,58,85.4,Intermediate
headphones,Apple,AirPods Pro,tried charging overnight still won't turn on,Power supply failure,Battery;Charging port;Power circuit,60,85.3,Intermediate
headphones,Apple,AirPods Pro,dead battery not charging,Battery failure,Battery;Charging case battery,49,92.6,Beginner
headphones,Apple,AirPods Pro,battery drains very fast only lasts 30 minutes,Battery failure,Battery;Charging case battery,39,100.0,Beginner
headphones,Apple,AirPods Pro,charging but percentage not increasing,Battery failure,Battery;Charging case battery,51,90.1,Beginner
headphones,Apple,AirPods Pro,battery swollen device bulging,Battery failure,Battery;Charging case battery,52,94.2,Beginner
headphones,Apple,AirPods Pro,shows charging but battery percentage drops,Battery failure,Battery;Charging case battery,42,95.6,Beginner
headphones,Apple,AirPods Pro,slow performance lag freezing,Software issue,Firmware;Bluetooth module,81,86.4,Intermediate
headphones,Apple,AirPods Pro,apps crash constantly won't stay open,Software issue,Firmware;Bluetooth module,90,85.3,Intermediate
headphones,Apple,AirPods Pro,system freezes need to force restart,Software issue,Firmware;Bluetooth module,88,81.6,Intermediate
headphones,Apple,AirPods Pro,very slow takes forever to open anything,Software issue,Firmware;Bluetooth module,89,82.4,Intermediate
headphones,Apple,AirPods Pro,keeps restarting on its own,Software issue,Firmware;Bluetooth module,92,89.3,Intermediate
headphones,Apple,AirPods Pro,wifi not connecting no internet,Network failure,Bluetooth module;Antenna,39,88.1,Beginner
headphones,Apple,AirPods Pro,bluetooth won't turn on greyed out,Network failure,Bluetooth module;Antenna,24,92.9,Beginner
headphones,Apple,AirPods Pro,wifi keeps disconnecting every few minutes,Network failure,Bluetooth module;Antenna,29,87.8,Beginner
headphones,Apple,AirPods Pro,can't find any wifi networks,Network failure,Bluetooth module;Antenna,35,88.1,Beginner
headphones,Apple,AirPods Pro,network adapter not detected,Network failure,Bluetooth module;Antenna,38,92.3,Beginner
headphones,Apple,AirPods Pro,no sound speaker audio issue,Audio failure,Drivers;Audio cable;Bluetooth module,33,81.8,Beginner
headphones,Apple,AirPods Pro,speakers crackling distorted sound,Audio failure,Drivers;Audio cable;Bluetooth module,24,85.2,Beginner
headphones,Apple,AirPods Pro,microphone not working during calls,Audio failure,Drivers;Audio cable;Bluetooth module,36,84.2,Beginner
headphones,Apple,AirPods Pro,audio only works with headphones,Audio failure,Drivers;Audio cable;Bluetooth module,35,87.1,Beginner
headphones,Apple,AirPods Pro,one speaker not working,Audio failure,Drivers;Audio cable;Bluetooth module,37,84.9,Beginner
headphones,Apple,AirPods Pro,dropped in water won't turn on,Water damage,Circuit board;Drivers;Battery,118,58.1,Expert
headphones,Apple,AirPods Pro,liquid damage corrosion visible,Water damage,Circuit board;Drivers;Battery,110,59.2,Expert
headphones,Apple,AirPods Pro,water indicator triggered device wet,Water damage,Circuit board;Drivers;Battery,112,63.2,Expert
headphones,Apple,AirPods Pro,coffee spilled on device not working,Water damage,Circuit board;Drivers;Battery,121,58.9,Expert
headphones,Apple,AirPods Pro,moisture inside screen foggy display,Water damage,Circuit board;Drivers;Battery,122,55.8,Expert
headphones,Apple,AirPods Pro,dropped device cracked case,Physical damage,Headband;Ear cushions;Housing,52,83.0,Intermediate
headphones,Apple,AirPods Pro,bent frame after sitting on it,Physical damage,Headband;Ear cushions;Housing,69,76.0,Intermediate
headphones,Apple,AirPods Pro,buttons physically broken,Physical damage,Headband;Ear cushions;Housing,58,83.1,Intermediate
headphones,Apple,AirPods Pro,housing cracked from impact,Physical damage,Headband;Ear cushions;Housing,67,79.6,Intermediate
headphones,Apple,AirPods Pro,device dented from fall,Physical damage,Headband;Ear cushions;Housing,51,77.4,Intermediate
headphones,Bose,QC35,won't turn on no power black screen,Power supply failure,Battery;Charging port;Power circuit,52,88.5,Intermediate
headphones,Bose,QC35,completely dead not responding to power button,Power supply failure,Battery;Charging port;Power circuit,70,85.8,Intermediate
headphones,Bose,QC35,no lights no signs of life,Power supply failure,Battery;Charging port;Power circuit,62,90.4,Intermediate
headphones,Bose,QC35,power button not working device dead,Power supply failure,Battery;Charging port;Power circuit,64,89.5,Intermediate
headphones,Bose,QC35,tried charging overnight still won't turn on,Power supply failure,Battery;Charging port;Power circuit,58,91.8,Intermediate
headphones,Bose,QC35,dead battery not charging,Battery failure,Battery;Charging case battery,36,95.8,Beginner
headphones,Bose,QC35,battery drains very fast only lasts 30 minutes,Battery failure,Battery;Charging case battery,55,94.1,Beginner
headphones,Bose,QC35,charging but percentage not increasing,Battery failure,Battery;Charging case battery,38,93.9,Beginner
headphones,Bose,QC35,battery swollen device bulging,Battery failure,Battery;Charging case battery,52,95.2,Beginner
headphones,Bose,QC35,shows charging but battery percentage drops,Battery failure,Battery;Charging case battery,55,94.9,Beginner
headphones,Bose,QC35,slow performance lag freezing,Software issue,Firmware;Bluetooth module,94,82.2,Intermediate
headphones,Bose,QC35,apps crash constantly won't stay open,Software issue,Firmware;Bluetooth module,88,87.5,Intermediate
headphones,Bose,QC35,system freezes need to force restart,Software issue,Firmware;Bluetooth module,92,84.7,Intermediate
headphones,Bose,QC35,very slow takes forever to open anything,Software issue,Firmware;Bluetooth module,93,87.6,Intermediate
headphones,Bose,QC35,keeps restarting on its own,Software issue,Firmware;Bluetooth module,99,89.4,Intermediate
headphones,Bose,QC35,wifi not connecting no internet,Network failure,Bluetooth module;Antenna,28,93.1,Beginner
headphones,Bose,QC35,bluetooth won't turn on greyed out,Network failure,Bluetooth module;Antenna,22,88.7,Beginner
headphones,Bose,QC35,wifi keeps disconnecting every few minutes,Network failure,Bluetooth module;Antenna,36,91.9,Beginner
headphones,Bose,QC35,can't find any wifi networks,Network failure,Bluetooth module;Antenna,36,96.3,Beginner
headphones,Bose,QC35,network adapter not detected,Network failure,Bluetooth module;Antenna,21,88.5,Beginner
headphones,Bose,QC35,no sound speaker audio issue,Audio failure,Drivers;Audio cable;Bluetooth module,39,82.5,Beginner
headphones,Bose,QC35,speakers crackling distorted sound,Audio failure,Drivers;Audio cable;Bluetooth module,33,89.1,Beginner
headphones,Bose,QC35,microphone not working during calls,Audio failure,Drivers;Audio cable;Bluetooth module,32,87.4,Beginner
headphones,Bose,QC35,audio only works with headphones,Audio failure,Drivers;Audio cable;Bluetooth module,27,81.7,Beginner
headphones,Bose,QC35,one speaker not working,Audio failure,Drivers;Audio cable;Bluetooth module,29,80.9,Beginner
headphones,Bose,QC35,dropped in water won't turn on,Water damage,Circuit board;Drivers;Battery,113,63.0,Expert
headphones,Bose,QC35,liquid damage corrosion visible,Water damage,Circuit board;Drivers;Battery,127,60.4,Expert
headphones,Bose,QC35,water indicator triggered device wet,Water damage,Circuit board;Drivers;Battery,110,57.2,Expert
headphones,Bose,QC35,coffee spilled on device not working,Water damage,Circuit board;Drivers;Battery,130,62.2,Expert
headphones,Bose,QC35,moisture inside screen foggy display,Water damage,Circuit board;Drivers;Battery,121,61.8,Expert
headphones,Bose,QC35,dropped device cracked case,Physical damage,Headband;Ear cushions;Housing,52,78.7,Intermediate
headphones,Bose,QC35,bent frame after sitting on it,Physical damage,Headband;Ear cushions;Housing,60,76.5,Intermediate
headphones,Bose,QC35,buttons physically broken,Physical damage,Headband;Ear cushions;Housing,63,77.4,Intermediate
headphones,Bose,QC35,housing cracked from impact,Physical damage,Headband;Ear cushions;Housing,67,75.8,Intermediate
headphones,Bose,QC35,device dented from fall,Physical damage,Headband;Ear cushions;Housing,53,83.9,Intermediate
headphones,Jabra,Elite 85t,won't turn on no power black screen,Power supply failure,Battery;Charging port;Power circuit,64,88.9,Intermediate
headphones,Jabra,Elite 85t,completely dead not responding to power button,Power supply failure,Battery;Charging port;Power circuit,57,86.8,Intermediate
headphones,Jabra,Elite 85t,no lights no signs of life,Power supply failure,Battery;Charging port;Power circuit,65,92.9,Intermediate
headphones,Jabra,Elite 85t,power button not working device dead,Power supply failure,Battery;Charging port;Power circuit,56,87.6,Intermediate
headphones,Jabra,Elite 85t,tried charging overnight still won't turn on,Power supply failure,Battery;Charging port;Power circuit,67,88.8,Intermediate
headphones,Jabra,Elite 85t,dead battery not charging,Battery failure,Battery;Charging case battery,46,100.0,Beginner
headphones,Jabra,Elite 85t,battery drains very fast only lasts 30 minutes,Battery failure,Battery;Charging case battery,44,97.1,Beginner
headphones,Jabra,Elite 85t,charging but percentage not increasing,Battery failure,Battery;Charging case battery,46,96.9,Beginner
headphones,Jabra,Elite 85t,battery swollen device bulging,Battery failure,Battery;Charging case battery,39,100.0,Beginner
headphones,Jabra,Elite 85t,shows charging but battery percentage drops,Battery failure,Battery;Charging case battery,46,92.6,Beginner
headphones,Jabra,Elite 85t,slow performance lag freezing,Software issue,Firmware;Bluetooth module,80,89.6,Intermediate
headphones,Jabra,Elite 85t,apps crash constantly won't stay open,Software issue,Firmware;Bluetooth module,82,84.6,Intermediate
headphones,Jabra,Elite 85t,system freezes need to force restart,Software issue,Firmware;Bluetooth module,81,85.0,Intermediate
headphones,Jabra,Elite 85t,very slow takes forever to open anything,Software issue,Firmware;Bluetooth module,86,84.8,Intermediate
headphones,Jabra,Elite 85t,keeps restarting on its own,Software issue,Firmware;Bluetooth module,89,87.5,Intermediate
headphones,Jabra,Elite 85t,wifi not connecting no internet,Network failure,Bluetooth module;Antenna,21,94.5,Beginner
headphones,Jabra,Elite 85t,bluetooth won't turn on greyed out,Network failure,Bluetooth module;Antenna,26,96.8,Beginner
headphones,Jabra,Elite 85t,wifi keeps disconnecting every few minutes,Network failure,Bluetooth module;Antenna,31,89.4,Beginner
headphones,Jabra,Elite 85t,can't find any wifi networks,Network failure,Bluetooth module;Antenna,21,93.6,Beginner
headphones,Jabra,Elite 85t,network adapter not detected,Network failure,Bluetooth module;Antenna,21,93.5,Beginner
headphones,Jabra,Elite 85t,no sound speaker audio issue,Audio failure,Drivers;Audio cable;Bluetooth module,36,85.6,Beginner
headphones,Jabra,Elite 85t,speakers crackling distorted sound,Audio failure,Drivers;Audio cable;Bluetooth module,28,81.2,Beginner
headphones,Jabra,Elite 85t,microphone not working during calls,Audio failure,Drivers;Audio cable;Bluetooth module,25,87.3,Beginner
headphones,Jabra,Elite 85t,audio only works with headphones,Audio failure,Drivers;Audio cable;Bluetooth module,21,88.3,Beginner
headphones,Jabra,Elite 85t,one speaker not working,Audio failure,Drivers;Audio cable;Bluetooth module,35,82.6,Beginner
headphones,Jabra,Elite 85t,dropped in water won't turn on,Water damage,Circuit board;Drivers;Battery,111,59.1,Expert
headphones,Jabra,Elite 85t,liquid damage corrosion visible,Water damage,Circuit board;Drivers;Battery,118,62.0,Expert
headphones,Jabra,Elite 85t,water indicator triggered device wet,Water damage,Circuit board;Drivers;Battery,124,57.3,Expert
headphones,Jabra,Elite 85t,coffee spilled on device not working,Water damage,Circuit board;Drivers;Battery,127,57.3,Expert
headphones,Jabra,Elite 85t,moisture inside screen foggy display,Water damage,Circuit board;Drivers;Battery,126,58.5,Expert
headphones,Jabra,Elite 85t,dropped device cracked case,Physical damage,Headband;Ear cushions;Housing,59,83.6,Intermediate
headphones,Jabra,Elite 85t,bent frame after sitting on it,Physical damage,Headband;Ear cushions;Housing,61,82.5,Intermediate
headphones,Jabra,Elite 85t,buttons physically broken,Physical damage,Headband;Ear cushions;Housing,61,75.6,Intermediate
headphones,Jabra,Elite 85t,housing cracked from impact,Physical damage,Headband;Ear cushions;Housing,56,78.3,Intermediate
headphones,Jabra,Elite 85t,device dented from fall,Physical damage,Headband;Ear cushions;Housing,69,78.3,Intermediate
headphones,Sennheiser,Momentum 4,won't turn on no power black screen,Power supply failure,Battery;Charging port;Power circuit,58,86.4,Intermediate
headphones,Sennheiser,Momentum 4,completely dead not responding to power button,Power supply failure,Battery;Charging port;Power circuit,66,92.4,Intermediate
headphones,Sennheiser,Momentum 4,no lights no signs of life,Power supply failure,Battery;Charging port;Power circuit,69,91.7,Intermediate
headphones,Sennheiser,Momentum 4,power button not working device dead,Power supply failure,Battery;Charging port;Power circuit,50,86.5,Intermediate
headphones,Sennheiser,Momentum 4,tried charging overnight still won't turn on,Power supply failure,Battery;Charging port;Power circuit,56,86.6,Intermediate
headphones,Sennheiser,Momentum 4,dead battery not charging,Battery failure,Battery;Charging case battery,44,96.6,Beginner
headphones,Sennheiser,Momentum 4,battery drains very fast only lasts 30 minutes,Battery failure,Battery;Charging case battery,54,90.4,Beginner
headphones,Sennheiser,Momentum 4,charging but percentage not increasing,Battery failure,Battery;Charging case battery,46,97.3,Beginner
headphones,Sennheiser,Momentum 4,battery swollen device bulging,Battery failure,Battery;Charging case battery,40,99.9,Beginner
headphones,Sennheiser,Momentum 4,shows charging but battery percentage drops,Battery failure,Battery;Charging case battery,38,93.8,Beginner
headphones,Sennheiser,Momentum 4,slow performance lag freezing,Software issue,Firmware;Bluetooth module,85,89.5,Intermediate
headphones,Sennheiser,Momentum 4,apps crash constantly won't stay open,Software issue,Firmware;Bluetooth module,95,83.1,Intermediate
headphones,Sennheiser,Momentum 4,system freezes need to force restart,Software issue,Firmware;Bluetooth module,86,83.9,Intermediate
headphones,Sennheiser,Momentum 4,very slow takes forever to open anything,Software issue,Firmware;Bluetooth module,99,80.6,Intermediate
headphones,Sennheiser,Momentum 4,keeps restarting on its own,Software issue,Firmware;Bluetooth module,88,86.1,Intermediate
headphones,Sennheiser,Momentum 4,wifi not connecting no internet,Network failure,Bluetooth module;Antenna,40,93.9,Beginner
headphones,Sennheiser,Momentum 4,bluetooth won't turn on greyed out,Network failure,Bluetooth module;Antenna,28,88.9,Beginner
headphones,Sennheiser,Momentum 4,wifi keeps disconnecting every few minutes,Network failure,Bluetooth module;Antenna,27,93.8,Beginner
headphones,Sennheiser,Momentum 4,can't find any wifi networks,Network failure,Bluetooth module;Antenna,34,93.9,Beginner
headphones,Sennheiser,Momentum 4,network adapter not detected,Network failure,Bluetooth module;Antenna,22,93.4,Beginner
headphones,Sennheiser,Momentum 4,no sound speaker audio issue,Audio failure,Drivers;Audio cable;Bluetooth module,39,82.0,Beginner
headphones,Sennheiser,Momentum 4,speakers crackling distorted sound,Audio failure,Drivers;Audio cable;Bluetooth module,39,85.4,Beginner
headphones,Sennheiser,Momentum 4,microphone not working during calls,Audio failure,Drivers;Audio cable;Bluetooth module,23,86.8,Beginner
headphones,Sennheiser,Momentum 4,audio only works with headphones,Audio failure,Drivers;Audio cable;Bluetooth module,34,85.0,Beginner
headphones,Sennheiser,Momentum 4,one speaker not working,Audio failure,Drivers;Audio cable;Bluetooth module,30,89.6,Beginner
headphones,Sennheiser,Momentum 4,dropped in water won't turn on,Water damage,Circuit board;Drivers;Battery,110,62.9,Expert
headphones,Sennheiser,Momentum 4,liquid damage corrosion visible,Water damage,Circuit board;Drivers;Battery,129,63.5,Expert
headphones,Sennheiser,Momentum 4,water indicator triggered device wet,Water damage,Circuit board;Drivers;Battery,118,62.9,Expert
headphones,Sennheiser,Momentum 4,coffee spilled on device not working,Water damage,Circuit board;Drivers;Battery,126,62.9,Expert
headphones,Sennheiser,Momentum 4,moisture inside screen foggy display,Water damage,Circuit board;Drivers;Battery,116,62.1,Expert
headphones,Sennheiser,Momentum 4,dropped device cracked case,Physical damage,Headband;Ear cushions;Housing,62,83.2,Intermediate
headphones,Sennheiser,Momentum 4,bent frame after sitting on it,Physical damage,Headband;Ear cushions;Housing,55,78.9,Intermediate
headphones,Sennheiser,Momentum 4,buttons physically broken,Physical damage,Headband;Ear cushions;Housing,50,80.4,Intermediate
headphones,Sennheiser,Momentum 4,housing cracked from impact,Physical damage,Headband;Ear cushions;Housing,59,75.8,Intermediate
headphones,Sennheiser,Momentum 4,device dented from fall,Physical damage,Headband;Ear cushions;Housing,64,82.7,Intermediate
iot,Amazon,Echo Dot,won't turn on no power black screen,Power supply failure,Power adapter;Power circuit;Main board,58,88.7,Intermediate
iot,Amazon,Echo Dot,completely dead not responding to power button,Power supply failure,Power adapter;Power circuit;Main board,53,94.9,Intermediate
iot,Amazon,Echo Dot,no lights no signs of life,Power supply failure,Power adapter;Power circuit;Main board,62,92.7,Intermediate
iot,Amazon,Echo Dot,power button not working device dead,Power supply failure,Power adapter;Power circuit;Main board,55,88.7,Intermediate
iot,Amazon,Echo Dot,tried charging overnight still won't turn on,Power supply failure,Power adapter;Power circuit;Main board,56,90.3,Intermediate
iot,Amazon,Echo Dot,dead battery not charging,Battery failure,Internal battery;Charging circuit,52,97.0,Beginner
iot,Amazon,Echo Dot,battery drains very fast only lasts 30 minutes,Battery failure,Internal battery;Charging circuit,49,91.6,Beginner
iot,Amazon,Echo Dot,charging but percentage not increasing,Battery failure,Internal battery;Charging circuit,38,99.5,Beginner
iot,Amazon,Echo Dot,battery swollen device bulging,Battery failure,Internal battery;Charging circuit,49,91.1,Beginner
iot,Amazon,Echo Dot,shows charging but battery percentage drops,Battery failure,Internal battery;Charging circuit,35,98.5,Beginner
iot,Amazon,Echo Dot,screen cracked broken display,Screen damage,Display;Touch panel,79,94.2,Advanced
iot,Amazon,Echo Dot,display shattered touch not working,Screen damage,Display;Touch panel,80,92.4,Advanced
iot,Amazon,Echo Dot,black spots on screen after drop,Screen damage,Display;Touch panel,85,93.0,Advanced
iot,Amazon,Echo Dot,screen flickering lines across display,Screen damage,Display;Touch panel,69,99.5,Advanced
iot,Amazon,Echo Dot,half screen not working after fall,Screen damage,Display;Touch panel,80,98.1,Advanced
iot,Amazon,Echo Dot,screen stays black but device is on,Display malfunction,Display module;Display driver,64,81.7,Intermediate
iot,Amazon,Echo Dot,display very dim can barely see anything,Display malfunction,Display module;Display driver,62,85.5,Intermediate
iot,Amazon,Echo Dot,screen flickers when moving lid,Display malfunction,Display module;Display driver,51,80.3,Intermediate
iot,Amazon,Echo Dot,vertical lines on display,Display malfunction,Display module;Display driver,54,87.1,Intermediate
iot,Amazon,Echo Dot,screen goes black randomly,Display malfunction,Display module;Display driver,59,86.7,Intermediate
iot,Amazon,Echo Dot,slow performance lag freezing,Software issue,Firmware;Operating system,97,89.6,Intermediate
iot,Amazon,Echo Dot,apps crash constantly won't stay open,Software issue,Firmware;Operating system,97,88.2,Intermediate
iot,Amazon,Echo Dot,system freezes need to force restart,Software issue,Firmware;Operating system,82,88.3,Intermediate
iot,Amazon,Echo Dot,very slow takes forever to open anything,Software issue,Firmware;Operating system,83,86.2,Intermediate
iot,Amazon,Echo Dot,keeps restarting on its own,Software issue,Firmware;Operating system,98,86.2,Intermediate
iot,Amazon,Echo Dot,overheating fan loud hot,Cooling system failure,Processor;Power circuit,65,83.1,Intermediate
iot,Amazon,Echo Dot,device gets extremely hot can't touch it,Cooling system failure,Processor;Power circuit,51,86.8,Intermediate
iot,Amazon,Echo Dot,fan running at full speed very noisy,Cooling system failure,Processor;Power circuit,69,88.3,Intermediate
iot,Amazon,Echo Dot,shuts down due to overheating,Cooling system failure,Processor;Power circuit,54,85.6,Intermediate
iot,Amazon,Echo Dot,bottom gets burning hot during use,Cooling system failure,Processor;Power circuit,67,88.5,Intermediate
iot,Amazon,Echo Dot,wifi not connecting no internet,Network failure,WiFi module;Network chip,35,89.4,Beginner
iot,Amazon,Echo Dot,bluetooth won't turn on greyed out,Network failure,WiFi module;Network chip,31,94.8,Beginner
iot,Amazon,Echo Dot,wifi keeps disconnecting every few minutes,Network failure,WiFi module;Network chip,22,92.1,Beginner
iot,Amazon,Echo Dot,can't find any wifi networks,Network failure,WiFi module;Network chip,34,91.0,Beginner
iot,Amazon,Echo Dot,network adapter not detected,Network failure,WiFi module;Network chip,30,89.9,Beginner
iot,Amazon,Echo Dot,no sound speaker audio issue,Audio failure,Speaker array;Microphone array,23,85.3,Beginner
iot,Amazon,Echo Dot,speakers crackling distorted sound,Audio failure,Speaker array;Microphone array,40,84.5,Beginner
iot,Amazon,Echo Dot,microphone not working during calls,Audio failure,Speaker array;Microphone array,30,83.5,Beginner
iot,Amazon,Echo Dot,audio only works with headphones,Audio failure,Speaker array;Microphone array,28,80.1,Beginner
iot,Amazon,Echo Dot,one speaker not working,Audio failure,Speaker array;Microphone array,30,81.7,Beginner
iot,Amazon,Echo Dot,device powers on but no display,Motherboard failure,Main board;Processor,151,67.5,Expert
iot,Amazon,Echo Dot,random shutdowns motherboard issue,Motherboard failure,Main board;Processor,145,65.6,Expert
iot,Amazon,Echo Dot,short circuit smell burning,Motherboard failure,Main board;Processor,155,67.4,Expert
iot,Amazon,Echo Dot,no boot beep codes,Motherboard failure,Main board;Processor,156,61.8,Expert
iot,Amazon,Echo Dot,device turns on for few seconds then dies,Motherboard failure,Main board;Processor,153,63.7,Expert
iot,Amazon,Echo Dot,screen rotation not working,Sensor failure,Motion sensor;Temperature sensor;Ambient light sensor,52,70.7,Advanced
iot,Amazon,Echo Dot,proximity sensor not working screen stays on,Sensor failure,Motion sensor;Temperature sensor;Ambient light sensor,37,75.4,Advanced
iot,Amazon,Echo Dot,fingerprint sensor not recognizing,Sensor failure,Motion sensor;Temperature sensor;Ambient light sensor,39,71.5,Advanced
iot,Amazon,Echo Dot,face id not working,Sensor failure,Motion sensor;Temperature sensor;Ambient light sensor,51,70.2,Advanced
iot,Amazon,Echo Dot,heart rate sensor not detecting,Sensor failure,Motion sensor;Temperature sensor;Ambient light sensor,45,75.3,Advanced
iot,Google,Nest Hub,won't turn on no power black screen,Power supply failure,Power adapter;Power circuit;Main board,58,94.9,Intermediate
iot,Google,Nest Hub,completely dead not responding to power button,Power supply failure,Power adapter;Power circuit;Main board,55,88.2,Intermediate
iot,Google,Nest Hub,no lights no signs of life,Power supply failure,Power adapter;Power circuit;Main board,64,88.9,Intermediate
iot,Google,Nest Hub,power button not working device dead,Power supply failure,Power adapter;Power circuit;Main board,56,94.8,Intermediate
iot,Google,Nest Hub,tried charging overnight still won't turn on,Power supply failure,Power adapter;Power circuit;Main board,61,87.4,Intermediate
iot,Google,Nest Hub,dead battery not charging,Battery failure,Internal battery;Charging circuit,47,95.6,Beginner
iot,Google,Nest Hub,battery drains very fast only lasts 30 minutes,Battery failure,Internal battery;Charging circuit,37,97.2,Beginner
iot,Google,Nest Hub,charging but percentage not increasing,Battery failure,Internal battery;Charging circuit,45,96.6,Beginner
iot,Google,Nest Hub,battery swollen device bulging,Battery failure,Internal battery;Charging circuit,42,90.0,Beginner
iot,Google,Nest Hub,shows charging but battery percentage drops,Battery failure,Internal battery;Charging circuit,44,97.4,Beginner
iot,Google,Nest Hub,screen cracked broken display,Screen damage,Display;Touch panel,66,99.9,Advanced
iot,Google,Nest Hub,display shattered touch not working,Screen damage,Display;Touch panel,66,94.1,Advanced
iot,Google,Nest Hub,black spots on screen after drop,Screen damage,Display;Touch panel,78,90.1,Advanced
iot,Google,Nest Hub,screen flickering lines across display,Screen damage,Display;Touch panel,74,94.7,Advanced
iot,Google,Nest Hub,half screen not working after fall,Screen damage,Display;Touch panel,81,94.1,Advanced
iot,Google,Nest Hub,screen stays black but device is on,Display malfunction,Display module;Display driver,66,85.0,Intermediate
iot,Google,Nest Hub,display very dim can barely see anything,Display malfunction,Display module;Display driver,61,80.6,Intermediate
iot,Google,Nest Hub,screen flickers when moving lid,Display malfunction,Display module;Display driver,70,85.8,Intermediate
iot,Google,Nest Hub,vertical lines on display,Display malfunction,Display module;Display driver,70,85.8,Intermediate
iot,Google,Nest Hub,screen goes black randomly,Display malfunction,Display module;Display driver,61,80.5,Intermediate
iot,Google,Nest Hub,slow performance lag freezing,Software issue,Firmware;Operating system,92,82.3,Intermediate
iot,Google,Nest Hub,apps crash constantly won't stay open,Software issue,Firmware;Operating system,98,84.9,Intermediate
iot,Google,Nest Hub,system freezes need to force restart,Software issue,Firmware;Operating system,85,80.6,Intermediate
iot,Google,Nest Hub,very slow takes forever to open anything,Software issue,Firmware;Operating system,92,80.1,Intermediate
iot,Google,Nest Hub,keeps restarting on its own,Software issue,Firmware;Operating system,93,88.4,Intermediate
iot,Google,Nest Hub,overheating fan loud hot,Cooling system failure,Processor;Power circuit,65,86.1,Intermediate
iot,Google,Nest Hub,device gets extremely hot can't touch it,Cooling system failure,Processor;Power circuit,63,91.4,Intermediate
iot,Google,Nest Hub,fan running at full speed very noisy,Cooling system failure,Processor;Power circuit,58,92.3,Intermediate
iot,Google,Nest Hub,shuts down due to overheating,Cooling system failure,Processor;Power circuit,60,84.3,Intermediate
iot,Google,Nest Hub,bottom gets burning hot during use,Cooling system failure,Processor;Power circuit,62,92.4,Intermediate
iot,Google,Nest Hub,wifi not connecting no internet,Network failure,WiFi module;Network chip,34,88.0,Beginner
iot,Google,Nest Hub,bluetooth won't turn on greyed out,Network failure,WiFi module;Network chip,30,96.8,Beginner
iot,Google,Nest Hub,wifi keeps disconnecting every few minutes,Network failure,WiFi module;Network chip,35,87.8,Beginner
iot,Google,Nest Hub,can't find any wifi networks,Network failure,WiFi module;Network chip,38,91.9,Beginner
iot,Google,Nest Hub,network adapter not detected,Network failure,WiFi module;Network chip,36,87.9,Beginner
iot,Google,Nest Hub,no sound speaker audio issue,Audio failure,Speaker array;Microphone array,30,81.7,Beginner
iot,Google,Nest Hub,speakers crackling distorted sound,Audio failure,Speaker array;Microphone array,40,81.3,Beginner
iot,Google,Nest Hub,microphone not working during calls,Audio failure,Speaker array;Microphone array,22,83.9,Beginner
iot,Google,Nest Hub,audio only works with headphones,Audio failure,Speaker array;Microphone array,26,86.6,Beginner
iot,Google,Nest Hub,one speaker not working,Audio failure,Speaker array;Microphone array,29,85.9,Beginner
iot,Google,Nest Hub,device powers on but no display,Motherboard failure,Main board;Processor,156,66.6,Expert
iot,Google,Nest Hub,random shutdowns motherboard issue,Motherboard failure,Main board;Processor,160,60.6,Expert
iot,Google,Nest Hub,short circuit smell burning,Motherboard failure,Main board;Processor,156,64.7,Expert
iot,Google,Nest Hub,no boot beep codes,Motherboard failure,Main board;Processor,154,64.7,Expert
iot,Google,Nest Hub,device turns on for few seconds then dies,Motherboard failure,Main board;Processor,146,64.5,Expert
iot,Google,Nest Hub,screen rotation not working,Sensor failure,Motion sensor;Temperature sensor;Ambient light sensor,49,74.5,Advanced
iot,Google,Nest Hub,proximity sensor not working screen stays on,Sensor failure,Motion sensor;Temperature sensor;Ambient light sensor,49,72.9,Advanced
iot,Google,Nest Hub,fingerprint sensor not recognizing,Sensor failure,Motion sensor;Temperature sensor;Ambient light sensor,36,72.5,Advanced
iot,Google,Nest Hub,face id not working,Sensor failure,Motion sensor;Temperature sensor;Ambient light sensor,55,72.9,Advanced
iot,Google,Nest Hub,heart rate sensor not detecting,Sensor failure,Motion sensor;Temperature sensor;Ambient light sensor,53,70.8,Advanced
iot,Apple,HomePod,won't turn on no power black screen,Power supply failure,Power adapter;Power circuit;Main board,63,94.5,Intermediate
iot,Apple,HomePod,completely dead not responding to power button,Power supply failure,Power adapter;Power circuit;Main board,50,85.4,Intermediate
iot,Apple,HomePod,no lights no signs of life,Power supply failure,Power adapter;Power circuit;Main board,66,92.2,Intermediate
iot,Apple,HomePod,power button not working device dead,Power supply failure,Power adapter;Power circuit;Main board,54,88.7,Intermediate
iot,Apple,HomePod,tried charging overnight still won't turn on,Power supply failure,Power adapter;Power circuit;Main board,58,87.2,Intermediate
iot,Apple,HomePod,dead battery not charging,Battery failure,Internal battery;Charging circuit,38,93.5,Beginner
iot,Apple,HomePod,battery drains very fast only lasts 30 minutes,Battery failure,Internal battery;Charging circuit,48,96.2,Beginner
iot,Apple,HomePod,charging but percentage not increasing,Battery failure,Internal battery;Charging circuit,54,99.7,Beginner
iot,Apple,HomePod,battery swollen device bulging,Battery failure,Internal battery;Charging circuit,40,99.4,Beginner
iot,Apple,HomePod,shows charging but battery percentage drops,Battery failure,Internal battery;Charging circuit,46,95.6,Beginner
iot,Apple,HomePod,screen cracked broken display,Screen damage,Display;Touch panel,66,90.0,Advanced
iot,Apple,HomePod,display shattered touch not working,Screen damage,Display;Touch panel,75,98.3,Advanced
iot,Apple,HomePod,black spots on screen after drop,Screen damage,Display;Touch panel,68,93.4,Advanced
iot,Apple,HomePod,screen flickering lines across display,Screen damage,Display;Touch panel,77,97.7,Advanced
iot,Apple,HomePod,half screen not working after fall,Screen damage,Display;Touch panel,83,99.9,Advanced
iot,Apple,HomePod,screen stays black but device is on,Display malfunction,Display module;Display driver,53,81.5,Intermediate
iot,Apple,HomePod,display very dim can barely see anything,Display malfunction,Display module;Display driver,57,87.6,Intermediate
iot,Apple,HomePod,screen flickers when moving lid,Display malfunction,Display module;Display driver,63,80.7,Intermediate
iot,Apple,HomePod,vertical lines on display,Display malfunction,Display module;Display driver,70,83.5,Intermediate
iot,Apple,HomePod,screen goes black randomly,Display malfunction,Display module;Display driver,65,87.8,Intermediate
iot,Apple,HomePod,slow performance lag freezing,Software issue,Firmware;Operating system,100,87.3,Intermediate
iot,Apple,HomePod,apps crash constantly won't stay open,Software issue,Firmware;Operating system,94,88.0,Intermediate
iot,Apple,HomePod,system freezes need to force restart,Software issue,Firmware;Operating system,94,81.9,Intermediate
iot,Apple,HomePod,very slow takes forever to open anything,Software issue,Firmware;Operating system,96,80.8,Intermediate
iot,Apple,HomePod,keeps restarting on its own,Software issue,Firmware;Operating system,82,84.1,Intermediate
iot,Apple,HomePod,overheating fan loud hot,Cooling system failure,Processor;Power circuit,65,87.3,Intermediate
iot,Apple,HomePod,device gets extremely hot can't touch it,Cooling system failure,Processor;Power circuit,54,88.8,Intermediate
iot,Apple,HomePod,fan running at full speed very noisy,Cooling system failure,Processor;Power circuit,60,83.2,Intermediate
iot,Apple,HomePod,shuts down due to overheating,Cooling system failure,Processor;Power circuit,62,87.0,Intermediate
iot,Apple,HomePod,bottom gets burning hot during use,Cooling system failure,Processor;Power circuit,58,87.0,Intermediate
iot,Apple,HomePod,wifi not connecting no internet,Network failure,WiFi module;Network chip,28,90.2,Beginner
iot,Apple,HomePod,bluetooth won't turn on greyed out,Network failure,WiFi module;Network chip,20,89.6,Beginner
iot,Apple,HomePod,wifi keeps disconnecting every few minutes,Network failure,WiFi module;Network chip,21,89.0,Beginner
iot,Apple,HomePod,can't find any wifi networks,Network failure,WiFi module;Network chip,21,95.1,Beginner
iot,Apple,HomePod,network adapter not detected,Network failure,WiFi module;Network chip,26,93.9,Beginner
iot,Apple,HomePod,no sound speaker audio issue,Audio failure,Speaker array;Microphone array,36,81.8,Beginner
iot,Apple,HomePod,speakers crackling distorted sound,Audio failure,Speaker array;Microphone array,26,86.6,Beginner
iot,Apple,HomePod,microphone not working during calls,Audio failure,Speaker array;Microphone array,34,87.6,Beginner
iot,Apple,HomePod,audio only works with headphones,Audio failure,Speaker array;Microphone array,23,85.2,Beginner
iot,Apple,HomePod,one speaker not working,Audio failure,Speaker array;Microphone array,20,87.1,Beginner
iot,Apple,HomePod,device powers on but no display,Motherboard failure,Main board;Processor,145,61.2,Expert
iot,Apple,HomePod,random shutdowns motherboard issue,Motherboard failure,Main board;Processor,146,64.9,Expert
iot,Apple,HomePod,short circuit smell burning,Motherboard failure,Main board;Processor,143,64.8,Expert
iot,Apple,HomePod,no boot beep codes,Motherboard failure,Main board;Processor,152,65.5,Expert
iot,Apple,HomePod,device turns on for few seconds then dies,Motherboard failure,Main board;Processor,144,62.0,Expert
iot,Apple,HomePod,screen rotation not working,Sensor failure,Motion sensor;Temperature sensor;Ambient light sensor,49,74.9,Advanced
iot,Apple,HomePod,proximity sensor not working screen stays on,Sensor failure,Motion sensor;Temperature sensor;Ambient light sensor,45,74.6,Advanced
iot,Apple,HomePod,fingerprint sensor not recognizing,Sensor failure,Motion sensor;Temperature sensor;Ambient light sensor,55,78.2,Advanced
iot,Apple,HomePod,face id not working,Sensor failure,Motion sensor;Temperature sensor;Ambient light sensor,37,77.6,Advanced
iot,Apple,HomePod,heart rate sensor not detecting,Sensor failure,Motion sensor;Temperature sensor;Ambient light sensor,47,72.6,Advanced
iot,Philips,Hue Bridge,won't turn on no power black screen,Power supply failure,Power adapter;Power circuit;Main board,52,87.8,Intermediate
iot,Philips,Hue Bridge,completely dead not responding to power button,Power supply failure,Power adapter;Power circuit;Main board,51,86.8,Intermediate
iot,Philips,Hue Bridge,no lights no signs of life,Power supply failure,Power adapter;Power circuit;Main board,59,91.3,Intermediate
iot,Philips,Hue Bridge,power button not working device dead,Power supply failure,Power adapter;Power circuit;Main board,50,86.5,Intermediate
iot,Philips,Hue Bridge,tried charging overnight still won't turn on,Power supply failure,Power adapter;Power circuit;Main board,57,92.2,Intermediate
iot,Philips,Hue Bridge,dead battery not charging,Battery failure,Internal battery;Charging circuit,40,95.6,Beginner
iot,Philips,Hue Bridge,battery drains very fast only lasts 30 minutes,Battery failure,Internal battery;Charging circuit,43,94.2,Beginner
iot,Philips,Hue Bridge,charging but percentage not increasing,Battery failure,Internal battery;Charging circuit,47,94.3,Beginner
iot,Philips,Hue Bridge,battery swollen device bulging,Battery failure,Internal battery;Charging circuit,43,94.4,Beginner
iot,Philips,Hue Bridge,shows charging but battery percentage drops,Battery failure,Internal battery;Charging circuit,52,99.3,Beginner
iot,Philips,Hue Bridge,screen cracked broken display,Screen damage,Display;Touch panel,78,98.1,Advanced
iot,Philips,Hue Bridge,display shattered touch not working,Screen damage,Display;Touch panel,65,96.6,Advanced
iot,Philips,Hue Bridge,black spots on screen after drop,Screen damage,Display;Touch panel,79,96.9,Advanced
iot,Philips,Hue Bridge,screen flickering lines across display,Screen damage,Display;Touch panel,73,91.4,Advanced
iot,Philips,Hue Bridge,half screen not working after fall,Screen damage,Display;Touch panel,67,97.3,Advanced
iot,Philips,Hue Bridge,screen stays black but device is on,Display malfunction,Display module;Display driver,70,89.0,Intermediate
iot,Philips,Hue Bridge,display very dim can barely see anything,Display malfunction,Display module;Display driver,68,86.2,Intermediate
iot,Philips,Hue Bridge,screen flickers when moving lid,Display malfunction,Display module;Display driver,59,84.6,Intermediate
iot,Philips,Hue Bridge,vertical lines on display,Display malfunction,Display module;Display driver,67,81.9,Intermediate
iot,Philips,Hue Bridge,screen goes black randomly,Display malfunction,Display module;Display driver,69,81.3,Intermediate
iot,Philips,Hue Bridge,slow performance lag freezing,Software issue,Firmware;Operating system,84,87.3,Intermediate
iot,Philips,Hue Bridge,apps crash constantly won't stay open,Software issue,Firmware;Operating system,86,86.7,Intermediate
iot,Philips,Hue Bridge,system freezes need to force restart,Software issue,Firmware;Operating system,94,86.8,Intermediate
iot,Philips,Hue Bridge,very slow takes forever to open anything,Software issue,Firmware;Operating system,93,80.5,Intermediate
iot,Philips,Hue Bridge,keeps restarting on its own,Software issue,Firmware;Operating system,88,84.5,Intermediate
iot,Philips,Hue Bridge,overheating fan loud hot,Cooling system failure,Processor;Power circuit,59,90.7,Intermediate
iot,Philips,Hue Bridge,device gets extremely hot can't touch it,Cooling system failure,Processor;Power circuit,69,84.1,Intermediate
iot,Philips,Hue Bridge,fan running at full speed very noisy,Cooling system failure,Processor;Power circuit,69,88.3,Intermediate
iot,Philips,Hue Bridge,shuts down due to overheating,Cooling system failure,Processor;Power circuit,54,86.7,Intermediate
iot,Philips,Hue Bridge,bottom gets burning hot during use,Cooling system failure,Processor;Power circuit,60,89.9,Intermediate
iot,Philips,Hue Bridge,wifi not connecting no internet,Network failure,WiFi module;Network chip,35,96.6,Beginner
iot,Philips,Hue Bridge,bluetooth won't turn on greyed out,Network failure,WiFi module;Network chip,21,95.2,Beginner
iot,Philips,Hue Bridge,wifi keeps disconnecting every few minutes,Network failure,WiFi module;Network chip,37,90.6,Beginner
iot,Philips,Hue Bridge,can't find any wifi networks,Network failure,WiFi module;Network chip,38,94.1,Beginner
iot,Philips,Hue Bridge,network adapter not detected,Network failure,WiFi module;Network chip,24,93.7,Beginner
iot,Philips,Hue Bridge,no sound speaker audio issue,Audio failure,Speaker array;Microphone array,25,87.6,Beginner
iot,Philips,Hue Bridge,speakers crackling distorted sound,Audio failure,Speaker array;Microphone array,34,80.3,Beginner
iot,Philips,Hue Bridge,microphone not working during calls,Audio failure,Speaker array;Microphone array,27,81.1,Beginner
iot,Philips,Hue Bridge,audio only works with headphones,Audio failure,Speaker array;Microphone array,32,86.4,Beginner
iot,Philips,Hue Bridge,one speaker not working,Audio failure,Speaker array;Microphone array,30,82.7,Beginner
iot,Philips,Hue Bridge,device powers on but no display,Motherboard failure,Main board;Processor,146,60.6,Expert
iot,Philips,Hue Bridge,random shutdowns motherboard issue,Motherboard failure,Main board;Processor,155,61.3,Expert
iot,Philips,Hue Bridge,short circuit smell burning,Motherboard failure,Main board;Processor,157,66.5,Expert
iot,Philips,Hue Bridge,no boot beep codes,Motherboard failure,Main board;Processor,155,63.0,Expert
iot,Philips,Hue Bridge,device turns on for few seconds then dies,Motherboard failure,Main board;Processor,152,69.8,Expert
iot,Philips,Hue Bridge,screen rotation not working,Sensor failure,Motion sensor;Temperature sensor;Ambient light sensor,35,74.8,Advanced
iot,Philips,Hue Bridge,proximity sensor not working screen stays on,Sensor failure,Motion sensor;Temperature sensor;Ambient light sensor,43,70.7,Advanced
iot,Philips,Hue Bridge,fingerprint sensor not recognizing,Sensor failure,Motion sensor;Temperature sensor;Ambient light sensor,51,72.6,Advanced
iot,Philips,Hue Bridge,face id not working,Sensor failure,Motion sensor;Temperature sensor;Ambient light sensor,38,71.0,Advanced
iot,Philips,Hue Bridge,heart rate sensor not detecting,Sensor failure,Motion sensor;Temperature sensor;Ambient light sensor,39,78.0,Advanced
iot,Ring,Video Doorbell,won't turn on no power black screen,Power supply failure,Power adapter;Power circuit;Main board,58,92.7,Intermediate
iot,Ring,Video Doorbell,completely dead not responding to power button,Power supply failure,Power adapter;Power circuit;Main board,62,89.0,Intermediate
iot,Ring,Video Doorbell,no lights no signs of life,Power supply failure,Power adapter;Power circuit;Main board,57,94.8,Intermediate
iot,Ring,Video Doorbell,power button not working device dead,Power supply failure,Power adapter;Power circuit;Main board,69,93.0,Intermediate
iot,Ring,Video Doorbell,tried charging overnight still won't turn on,Power supply failure,Power adapter;Power circuit;Main board,63,91.6,Intermediate
iot,Ring,Video Doorbell,dead battery not charging,Battery failure,Internal battery;Charging circuit,49,99.8,Beginner
iot,Ring,Video Doorbell,battery drains very fast only lasts 30 minutes,Battery failure,Internal battery;Charging circuit,38,97.7,Beginner
iot,Ring,Video Doorbell,charging but percentage not increasing,Battery failure,Internal battery;Charging circuit,51,95.7,Beginner
iot,Ring,Video Doorbell,battery swollen device bulging,Battery failure,Internal battery;Charging circuit,47,93.4,Beginner
iot,Ring,Video Doorbell,shows charging but battery percentage drops,Battery failure,Internal battery;Charging circuit,48,98.0,Beginner
iot,Ring,Video Doorbell,screen cracked broken display,Screen damage,Display;Touch panel,78,99.7,Advanced
iot,Ring,Video Doorbell,display shattered touch not working,Screen damage,Display;Touch panel,77,91.8,Advanced
iot,Ring,Video Doorbell,black spots on screen after drop,Screen damage,Display;Touch panel,66,93.6,Advanced
iot,Ring,Video Doorbell,screen flickering lines across display,Screen damage,Display;Touch panel,82,93.1,Advanced
iot,Ring,Video Doorbell,half screen not working after fall,Screen damage,Display;Touch panel,71,94.6,Advanced
iot,Ring,Video Doorbell,screen stays black but device is on,Display malfunction,Display module;Display driver,52,88.0,Intermediate
iot,Ring,Video Doorbell,display very dim can barely see anything,Display malfunction,Display module;Display driver,63,88.6,Intermediate
iot,Ring,Video Doorbell,screen flickers when moving lid,Display malfunction,Display module;Display driver,68,86.2,Intermediate
iot,Ring,Video Doorbell,vertical lines on display,Display malfunction,Display module;Display driver,55,83.8,Intermediate
iot,Ring,Video Doorbell,screen goes black randomly,Display malfunction,Display module;Display driver,62,84.5,Intermediate
iot,Ring,Video Doorbell,slow performance lag freezing,Software issue,Firmware;Operating system,99,83.1,Intermediate
iot,Ring,Video Doorbell,apps crash constantly won't stay open,Software issue,Firmware;Operating system,82,80.7,Intermediate
iot,Ring,Video Doorbell,system freezes need to force restart,Software issue,Firmware;Operating system,88,81.9,Intermediate
iot,Ring,Video Doorbell,very slow takes forever to open anything,Software issue,Firmware;Operating system,91,89.8,Intermediate
iot,Ring,Video Doorbell,keeps restarting on its own,Software issue,Firmware;Operating system,94,86.5,Intermediate
iot,Ring,Video Doorbell,overheating fan loud hot,Cooling system failure,Processor;Power circuit,64,85.9,Intermediate
iot,Ring,Video Doorbell,device gets extremely hot can't touch it,Cooling system failure,Processor;Power circuit,64,90.5,Intermediate
iot,Ring,Video Doorbell,fan running at full speed very noisy,Cooling system failure,Processor;Power circuit,68,87.5,Intermediate
iot,Ring,Video Doorbell,shuts down due to overheating,Cooling system failure,Processor;Power circuit,66,88.8,Intermediate
iot,Ring,Video Doorbell,bottom gets burning hot during use,Cooling system failure,Processor;Power circuit,56,91.8,Intermediate
iot,Ring,Video Doorbell,wifi not connecting no internet,Network failure,WiFi module;Network chip,34,87.0,Beginner
iot,Ring,Video Doorbell,bluetooth won't turn on greyed out,Network failure,WiFi module;Network chip,30,95.7,Beginner
iot,Ring,Video Doorbell,wifi keeps disconnecting every few minutes,Network failure,WiFi module;Network chip,29,89.6,Beginner
iot,Ring,Video Doorbell,can't find any wifi networks,Network failure,WiFi module;Network chip,36,94.4,Beginner
iot,Ring,Video Doorbell,network adapter not detected,Network failure,WiFi module;Network chip,35,94.6,Beginner
iot,Ring,Video Doorbell,no sound speaker audio issue,Audio failure,Speaker array;Microphone array,37,83.4,Beginner
iot,Ring,Video Doorbell,speakers crackling distorted sound,Audio failure,Speaker array;Microphone array,22,85.7,Beginner
iot,Ring,Video Doorbell,microphone not working during calls,Audio failure,Speaker array;Microphone array,26,83.6,Beginner
iot,Ring,Video Doorbell,audio only works with headphones,Audio failure,Speaker array;Microphone array,27,88.8,Beginner
iot,Ring,Video Doorbell,one speaker not working,Audio failure,Speaker array;Microphone array,37,87.4,Beginner
iot,Ring,Video Doorbell,device powers on but no display,Motherboard failure,Main board;Processor,157,68.5,Expert
iot,Ring,Video Doorbell,random shutdowns motherboard issue,Motherboard failure,Main board;Processor,157,64.9,Expert
iot,Ring,Video Doorbell,short circuit smell burning,Motherboard failure,Main board;Processor,158,65.3,Expert
iot,Ring,Video Doorbell,no boot beep codes,Motherboard failure,Main board;Processor,157,66.9,Expert
iot,Ring,Video Doorbell,device turns on for few seconds then dies,Motherboard failure,Main board;Processor,152,67.8,Expert
iot,Ring,Video Doorbell,screen rotation not working,Sensor failure,Motion sensor;Temperature sensor;Ambient light sensor,51,72.4,Advanced
iot,Ring,Video Doorbell,proximity sensor not working screen stays on,Sensor failure,Motion sensor;Temperature sensor;Ambient light sensor,44,76.7,Advanced
iot,Ring,Video Doorbell,fingerprint sensor not recognizing,Sensor failure,Motion sensor;Temperature sensor;Ambient light sensor,51,74.6,Advanced
iot,Ring,Video Doorbell,face id not working,Sensor failure,Motion sensor;Temperature sensor;Ambient light sensor,48,72.4,Advanced
iot,Ring,Video Doorbell,heart rate sensor not detecting,Sensor failure,Motion sensor;Temperature sensor;Ambient light sensor,37,78.0,Advanced
