device_type,brand,model,symptom_text,diagnosis,components,repair_time,success_rate,technician_level
laptop,Dell,XPS 13,won't turn on no power black screen,Power supply failure,"Power adapter;Battery;Motherboard",60,90.0,Intermediate
laptop,Dell,XPS 13,dead battery not charging,Battery failure,"Battery;Charging port",45,95.0,Beginner
laptop,Dell,XPS 13,screen cracked broken display,Screen damage,"Display;Touch digitizer",75,95.0,Advanced
laptop,Dell,XPS 13,slow performance lag freezing,Software issue,"RAM;SSD;Operating system",90,85.0,Intermediate
laptop,Dell,XPS 13,overheating fan loud hot,Cooling system failure,"Fan;Heat sink;Thermal paste",60,88.0,Intermediate
laptop,Dell,XPS 13,wifi not connecting no internet,Network failure,"Wifi card;Network drivers",30,92.0,Beginner
laptop,Dell,XPS 13,keyboard not working some keys,Keyboard failure,"Keyboard;Ribbon cable",45,90.0,Intermediate
laptop,Dell,XPS 13,no sound speaker audio issue,Audio failure,"Speakers;Audio jack",30,85.0,Beginner
laptop,Dell,XPS 13,usb ports not working,USB failure,"USB ports;Motherboard",45,87.0,Intermediate
laptop,Dell,XPS 15,won't turn on no power black screen,Power supply failure,"Power adapter;Battery;Motherboard",60,90.0,Intermediate
laptop,Dell,XPS 15,dead battery not charging,Battery failure,"Battery;Charging port",45,95.0,Beginner
laptop,Dell,XPS 15,screen cracked broken display,Screen damage,"Display;Touch digitizer",75,95.0,Advanced
laptop,Dell,XPS 15,slow performance lag freezing,Software issue,"RAM;SSD;Operating system",90,85.0,Intermediate
laptop,Dell,XPS 15,overheating fan loud hot,Cooling system failure,"Fan;Heat sink;Thermal paste",60,88.0,Intermediate
laptop,Dell,XPS 15,wifi not connecting no internet,Network failure,"Wifi card;Network drivers",30,92.0,Beginner
laptop,Dell,XPS 15,keyboard not working some keys,Keyboard failure,"Keyboard;Ribbon cable",45,90.0,Intermediate
laptop,Dell,XPS 15,no sound speaker audio issue,Audio failure,"Speakers;Audio jack",30,85.0,Beginner
laptop,Dell,XPS 15,usb ports not working,USB failure,"USB ports;Motherboard",45,87.0,Intermediate
laptop,Dell,Inspiron,won't turn on no power black screen,Power supply failure,"Power adapter;Battery;Motherboard",60,90.0,Intermediate
laptop,Dell,Inspiron,dead battery not charging,Battery failure,"Battery;Charging port",45,95.0,Beginner
laptop,Dell,Inspiron,screen cracked broken display,Screen damage,"Display;Touch digitizer",75,95.0,Advanced
laptop,Dell,Inspiron,slow performance lag freezing,Software issue,"RAM;SSD;Operating system",90,85.0,Intermediate
laptop,Dell,Inspiron,overheating fan loud hot,Cooling system failure,"Fan;Heat sink;Thermal paste",60,88.0,Intermediate
laptop,Dell,Inspiron,wifi not connecting no internet,Network failure,"Wifi card;Network drivers",30,92.0,Beginner
laptop,Dell,Inspiron,keyboard not working some keys,Keyboard failure,"Keyboard;Ribbon cable",45,90.0,Intermediate
laptop,Dell,Inspiron,no sound speaker audio issue,Audio failure,"Speakers;Audio jack",30,85.0,Beginner
laptop,Dell,Inspiron,usb ports not working,USB failure,"USB ports;Motherboard",45,87.0,Intermediate
laptop,HP,Spectre,won't turn on no power black screen,Power supply failure,"Power adapter;Battery;Motherboard",60,90.0,Intermediate
laptop,HP,Spectre,dead battery not charging,Battery failure,"Battery;Charging port",45,95.0,Beginner
laptop,HP,Spectre,screen cracked broken display,Screen damage,"Display;Touch digitizer",75,95.0,Advanced
laptop,HP,Spectre,slow performance lag freezing,Software issue,"RAM;SSD;Operating system",90,85.0,Intermediate
laptop,HP,Spectre,overheating fan loud hot,Cooling system failure,"Fan;Heat sink;Thermal paste",60,88.0,Intermediate
laptop,HP,Spectre,wifi not connecting no internet,Network failure,"Wifi card;Network drivers",30,92.0,Beginner
laptop,HP,Spectre,keyboard not working some keys,Keyboard failure,"Keyboard;Ribbon cable",45,90.0,Intermediate
laptop,HP,Spectre,no sound speaker audio issue,Audio failure,"Speakers;Audio jack",30,85.0,Beginner
laptop,HP,Spectre,usb ports not working,USB failure,"USB ports;Motherboard",45,87.0,Intermediate
laptop,HP,Pavilion,won't turn on no power black screen,Power supply failure,"Power adapter;Battery;Motherboard",60,90.0,Intermediate
laptop,HP,Pavilion,dead battery not charging,Battery failure,"Battery;Charging port",45,95.0,Beginner
laptop,HP,Pavilion,screen cracked broken display,Screen damage,"Display;Touch digitizer",75,95.0,Advanced
laptop,HP,Pavilion,slow performance lag freezing,Software issue,"RAM;SSD;Operating system",90,85.0,Intermediate
laptop,HP,Pavilion,overheating fan loud hot,Cooling system failure,"Fan;Heat sink;Thermal paste",60,88.0,Intermediate
laptop,HP,Pavilion,wifi not connecting no internet,Network failure,"Wifi card;Network drivers",30,92.0,Beginner
laptop,HP,Pavilion,keyboard not working some keys,Keyboard failure,"Keyboard;Ribbon cable",45,90.0,Intermediate
laptop,HP,Pavilion,no sound speaker audio issue,Audio failure,"Speakers;Audio jack",30,85.0,Beginner
laptop,HP,Pavilion,usb ports not working,USB failure,"USB ports;Motherboard",45,87.0,Intermediate
laptop,Lenovo,ThinkPad,won't turn on no power black screen,Power supply failure,"Power adapter;Battery;Motherboard",60,90.0,Intermediate
laptop,Lenovo,ThinkPad,dead battery not charging,Battery failure,"Battery;Charging port",45,95.0,Beginner
laptop,Lenovo,ThinkPad,screen cracked broken display,Screen damage,"Display;Touch digitizer",75,95.0,Advanced
laptop,Lenovo,ThinkPad,slow performance lag freezing,Software issue,"RAM;SSD;Operating system",90,85.0,Intermediate
laptop,Lenovo,ThinkPad,overheating fan loud hot,Cooling system failure,"Fan;Heat sink;Thermal paste",60,88.0,Intermediate
laptop,Lenovo,ThinkPad,wifi not connecting no internet,Network failure,"Wifi card;Network drivers",30,92.0,Beginner
laptop,Lenovo,ThinkPad,keyboard not working some keys,Keyboard failure,"Keyboard;Ribbon cable",45,90.0,Intermediate
laptop,Lenovo,ThinkPad,no sound speaker audio issue,Audio failure,"Speakers;Audio jack",30,85.0,Beginner
laptop,Lenovo,ThinkPad,usb ports not working,USB failure,"USB ports;Motherboard",45,87.0,Intermediate
laptop,Apple,MacBook Air,won't turn on no power black screen,Power supply failure,"Power adapter;Battery;Logic board",75,85.0,Advanced
laptop,Apple,MacBook Air,dead battery not charging,Battery failure,"Battery;Charging port",60,95.0,Intermediate
laptop,Apple,MacBook Air,screen cracked broken display,Screen damage,"Display;Assembly",90,90.0,Expert
laptop,Apple,MacBook Air,slow performance lag freezing,Software issue,"SSD;RAM;macOS",60,80.0,Intermediate
laptop,Apple,MacBook Air,overheating fan loud hot,Cooling system failure,"Fan;Heat sink;Thermal paste",75,85.0,Advanced
laptop,Apple,MacBook Air,wifi not connecting no internet,Network failure,"Wifi card;AirPort card",45,88.0,Intermediate
laptop,Apple,MacBook Air,keyboard not working some keys,Keyboard failure,"Keyboard;Butterfly mechanism",90,75.0,Expert
laptop,Apple,MacBook Air,no sound speaker audio issue,Audio failure,"Speakers;Audio board",45,82.0,Intermediate
laptop,Apple,MacBook Air,usb ports not working,USB failure,"USB ports;Logic board",60,85.0,Advanced
laptop,Apple,MacBook Pro,won't turn on no power black screen,Power supply failure,"Power adapter;Battery;Logic board",75,85.0,Advanced
laptop,Apple,MacBook Pro,dead battery not charging,Battery failure,"Battery;Charging port",60,95.0,Intermediate
laptop,Apple,MacBook Pro,screen cracked broken display,Screen damage,"Display;Assembly",90,90.0,Expert
laptop,Apple,MacBook Pro,slow performance lag freezing,Software issue,"SSD;RAM;macOS",60,80.0,Intermediate
laptop,Apple,MacBook Pro,overheating fan loud hot,Cooling system failure,"Fan;Heat sink;Thermal paste",75,85.0,Advanced
laptop,Apple,MacBook Pro,wifi not connecting no internet,Network failure,"Wifi card;AirPort card",45,88.0,Intermediate
laptop,Apple,MacBook Pro,keyboard not working some keys,Keyboard failure,"Keyboard;Butterfly mechanism",90,75.0,Expert
laptop,Apple,MacBook Pro,no sound speaker audio issue,Audio failure,"Speakers;Audio board",45,82.0,Intermediate
laptop,Apple,MacBook Pro,usb ports not working,USB failure,"USB ports;Logic board",60,85.0,Advanced
smartphone,Apple,iPhone 11,won't turn on no power black screen,Power supply failure,"Battery;Charging port;Logic board",60,85.0,Advanced
smartphone,Apple,iPhone 11,dead battery not charging,Battery failure,"Battery;Charging port",45,95.0,Intermediate
smartphone,Apple,iPhone 11,screen cracked broken display,Screen damage,"Display;Touch screen",90,90.0,Expert
smartphone,Apple,iPhone 11,slow performance lag freezing,Software issue,"Processor;RAM;iOS",60,80.0,Intermediate
smartphone,Apple,iPhone 11,overheating fan loud hot,Cooling system failure,"Battery;Processor;Thermal sensor",75,85.0,Advanced
smartphone,Apple,iPhone 11,wifi not connecting no internet,Network failure,"Wifi chip;Antenna",30,88.0,Intermediate
smartphone,Apple,iPhone 11,touch screen not working,Touch failure,"Digitizer;Software",45,82.0,Intermediate
smartphone,Apple,iPhone 11,no sound speaker audio issue,Audio failure,"Speakers;Microphone",30,85.0,Beginner
smartphone,Apple,iPhone 11,camera not working,Camera failure,"Camera module;Lens;Software",45,87.0,Intermediate
smartphone,Apple,iPhone 12,won't turn on no power black screen,Power supply failure,"Battery;Charging port;Logic board",60,85.0,Advanced
smartphone,Apple,iPhone 12,dead battery not charging,Battery failure,"Battery;Charging port",45,95.0,Intermediate
smartphone,Apple,iPhone 12,screen cracked broken display,Screen damage,"Display;Touch screen",90,90.0,Expert
smartphone,Apple,iPhone 12,slow performance lag freezing,Software issue,"Processor;RAM;iOS",60,80.0,Intermediate
smartphone,Apple,iPhone 12,overheating fan loud hot,Cooling system failure,"Battery;Processor;Thermal sensor",75,85.0,Advanced
smartphone,Apple,iPhone 12,wifi not connecting no internet,Network failure,"Wifi chip;Antenna",30,88.0,Intermediate
smartphone,Apple,iPhone 12,touch screen not working,Touch failure,"Digitizer;Software",45,82.0,Intermediate
smartphone,Apple,iPhone 12,no sound speaker audio issue,Audio failure,"Speakers;Microphone",30,85.0,Beginner
smartphone,Apple,iPhone 12,camera not working,Camera failure,"Camera module;Lens;Software",45,87.0,Intermediate
smartphone,Apple,iPhone 14,won't turn on no power black screen,Power supply failure,"Battery;Charging port;Logic board",60,85.0,Advanced
smartphone,Apple,iPhone 14,dead battery not charging,Battery failure,"Battery;Charging port",45,95.0,Intermediate
smartphone,Apple,iPhone 14,screen cracked broken display,Screen damage,"Display;Touch screen",90,90.0,Expert
smartphone,Apple,iPhone 14,slow performance lag freezing,Software issue,"Processor;RAM;iOS",60,80.0,Intermediate
smartphone,Apple,iPhone 14,overheating fan loud hot,Cooling system failure,"Battery;Processor;Thermal sensor",75,85.0,Advanced
smartphone,Apple,iPhone 14,wifi not connecting no internet,Network failure,"Wifi chip;Antenna",30,88.0,Intermediate
smartphone,Apple,iPhone 14,touch screen not working,Touch failure,"Digitizer;Software",45,82.0,Intermediate
smartphone,Apple,iPhone 14,no sound speaker audio issue,Audio failure,"Speakers;Microphone",30,85.0,Beginner
smartphone,Apple,iPhone 14,camera not working,Camera failure,"Camera module;Lens;Software",45,87.0,Intermediate
smartphone,Samsung,Galaxy S21,won't turn on no power black screen,Power supply failure,"Battery;Charging port;Logic board",60,85.0,Advanced
smartphone,Samsung,Galaxy S21,dead battery not charging,Battery failure,"Battery;Charging port",45,95.0,Intermediate
smartphone,Samsung,Galaxy S21,screen cracked broken display,Screen damage,"Display;Touch screen",90,90.0,Expert
smartphone,Samsung,Galaxy S21,slow performance lag freezing,Software issue,"Processor;RAM;Android",60,80.0,Intermediate
smartphone,Samsung,Galaxy S21,overheating fan loud hot,Cooling system failure,"Battery;Processor;Thermal sensor",75,85.0,Advanced
smartphone,Samsung,Galaxy S21,wifi not connecting no internet,Network failure,"Wifi chip;Antenna",30,88.0,Intermediate
smartphone,Samsung,Galaxy S21,touch screen not working,Touch failure,"Digitizer;Software",45,82.0,Intermediate
smartphone,Samsung,Galaxy S21,no sound speaker audio issue,Audio failure,"Speakers;Microphone",30,85.0,Beginner
smartphone,Samsung,Galaxy S21,camera not working,Camera failure,"Camera module;Lens;Software",45,87.0,Intermediate
smartphone,Samsung,Galaxy S22,won't turn on no power black screen,Power supply failure,"Battery;Charging port;Logic board",60,85.0,Advanced
smartphone,Samsung,Galaxy S22,dead battery not charging,Battery failure,"Battery;Charging port",45,95.0,Intermediate
smartphone,Samsung,Galaxy S22,screen cracked broken display,Screen damage,"Display;Touch screen",90,90.0,Expert
smartphone,Samsung,Galaxy S22,slow performance lag freezing,Software issue,"Processor;RAM;Android",60,80.0,Intermediate
smartphone,Samsung,Galaxy S22,overheating fan loud hot,Cooling system failure,"Battery;Processor;Thermal sensor",75,85.0,Advanced
smartphone,Samsung,Galaxy S22,wifi not connecting no internet,Network failure,"Wifi chip;Antenna",30,88.0,Intermediate
smartphone,Samsung,Galaxy S22,touch screen not working,Touch failure,"Digitizer;Software",45,82.0,Intermediate
smartphone,Samsung,Galaxy S22,no sound speaker audio issue,Audio failure,"Speakers;Microphone",30,85.0,Beginner
smartphone,Samsung,Galaxy S22,camera not working,Camera failure,"Camera module;Lens;Software",45,87.0,Intermediate
tablet,Apple,iPad Air,won't turn on no power black screen,Power supply failure,"Battery;Charging port;Logic board",60,85.0,Advanced
tablet,Apple,iPad Air,dead battery not charging,Battery failure,"Battery;Charging port",45,95.0,Intermediate
tablet,Apple,iPad Air,screen cracked broken display,Screen damage,"Display;Touch screen",90,90.0,Expert
tablet,Apple,iPad Air,slow performance lag freezing,Software issue,"Processor;RAM;iPadOS",60,80.0,Intermediate
tablet,Apple,iPad Air,overheating fan loud hot,Cooling system failure,"Battery;Processor;Thermal sensor",75,85.0,Advanced
tablet,Apple,iPad Air,wifi not connecting no internet,Network failure,"Wifi chip;Antenna",30,88.0,Intermediate
tablet,Apple,iPad Air,touch screen not working,Touch failure,"Digitizer;Software",45,82.0,Intermediate
tablet,Apple,iPad Air,no sound speaker audio issue,Audio failure,"Speakers;Microphone",30,85.0,Beginner
tablet,Apple,iPad Air,camera not working,Camera failure,"Camera module;Lens;Software",45,87.0,Intermediate
tablet,Samsung,Galaxy Tab S8,won't turn on no power black screen,Power supply failure,"Battery;Charging port;Logic board",60,85.0,Advanced
tablet,Samsung,Galaxy Tab S8,dead battery not charging,Battery failure,"Battery;Charging port",45,95.0,Intermediate
tablet,Samsung,Galaxy Tab S8,screen cracked broken display,Screen damage,"Display;Touch screen",90,90.0,Expert
tablet,Samsung,Galaxy Tab S8,slow performance lag freezing,Software issue,"Processor;RAM;Android",60,80.0,Intermediate
tablet,Samsung,Galaxy Tab S8,overheating fan loud hot,Cooling system failure,"Battery;Processor;Thermal sensor",75,85.0,Advanced
tablet,Samsung,Galaxy Tab S8,wifi not connecting no internet,Network failure,"Wifi chip;Antenna",30,88.0,Intermediate
tablet,Samsung,Galaxy Tab S8,touch screen not working,Touch failure,"Digitizer;Software",45,82.0,Intermediate
tablet,Samsung,Galaxy Tab S8,no sound speaker audio issue,Audio failure,"Speakers;Microphone",30,85.0,Beginner
tablet,Samsung,Galaxy Tab S8,camera not working,Camera failure,"Camera module;Lens;Software",45,87.0,Intermediate
tablet,Samsung,Galaxy Tab A9,won't turn on no power black screen,Power supply failure,"Battery;Charging port;Logic board",60,85.0,Advanced
tablet,Samsung,Galaxy Tab A9,dead battery not charging,Battery failure,"Battery;Charging port",45,95.0,Intermediate
tablet,Samsung,Galaxy Tab A9,screen cracked broken display,Screen damage,"Display;Touch screen",90,90.0,Expert
tablet,Samsung,Galaxy Tab A9,slow performance lag freezing,Software issue,"Processor;RAM;Android",60,80.0,Intermediate
tablet,Samsung,Galaxy Tab A9,overheating fan loud hot,Cooling system failure,"Battery;Processor;Thermal sensor",75,85.0,Advanced
tablet,Samsung,Galaxy Tab A9,wifi not connecting no internet,Network failure,"Wifi chip;Antenna",30,88.0,Intermediate
tablet,Samsung,Galaxy Tab A9,touch screen not working,Touch failure,"Digitizer;Software",45,82.0,Intermediate
tablet,Samsung,Galaxy Tab A9,no sound speaker audio issue,Audio failure,"Speakers;Microphone",30,85.0,Beginner
tablet,Samsung,Galaxy Tab A9,camera not working,Camera failure,"Camera module;Lens;Software",45,87.0,Intermediate
laptop,HP,Universal,dead no lights no fan no sound completely dead no power,Power supply failure,Power adapter;Battery;DC jack;Motherboard,60,75.0,Intermediate
laptop,HP,Universal,lights turn on fan spins screen stays black no display,Display failure,RAM;LCD cable;LCD panel;Motherboard,60,80.0,Intermediate
laptop,HP,Universal,powers on shuts off after 2 to 5 seconds immediately off,Motherboard failure,Motherboard;RAM;CPU;Voltage regulator,90,60.0,Advanced
laptop,HP,Universal,powers on no display caps lock light toggles on off,GPU failure,GPU;LCD panel;Backlight;Motherboard,90,65.0,Advanced
laptop,HP,Universal,CMOS checksum error on boot date time reset,CMOS battery failure,CMOS battery;BIOS,15,95.0,Beginner
laptop,HP,Universal,no power at all completely dead charger LED not on,Power supply failure,Power adapter;Charger;DC jack,30,85.0,Beginner
laptop,HP,Universal,laptop starts then immediately restarts loops on boot,Motherboard failure,Motherboard;RAM;Power IC,60,65.0,Advanced
laptop,HP,Universal,1 long 2 short beeps blinks BIOS boot block corruption,BIOS corruption,BIOS chip;USB recovery drive,30,70.0,Advanced
laptop,HP,Universal,2 long 2 short beeps blinks BIOS main area corruption,BIOS corruption,BIOS chip;Motherboard,60,60.0,Advanced
laptop,HP,Universal,3 long 2 short beeps blinks RAM memory failure,RAM failure,RAM;RAM slot,30,90.0,Beginner
laptop,HP,Universal,3 long 3 short beeps blinks GPU graphics failure,GPU failure,Motherboard;GPU chip,120,50.0,Advanced
laptop,HP,Universal,3 long 4 short beeps blinks power supply failure,Power supply failure,Charger;DC jack;Power IC,45,75.0,Intermediate
laptop,HP,Universal,3 long 5 short beeps blinks CPU failure processor,CPU failure,CPU;Motherboard,120,40.0,Advanced
laptop,HP,Universal,4 long 2 short beeps blinks CPU thermal shutdown overheating,Cooling system failure,Fan;Heat sink;Thermal paste,45,90.0,Intermediate
laptop,HP,Universal,4 long 3 short beeps blinks temperature sensor blocked vents,Cooling system failure,Fan;Vents;Battery;Thermal sensor,30,88.0,Intermediate
laptop,HP,Universal,5 short beeps RTC real time clock failure,CMOS battery failure,CMOS battery;RTC circuit;Motherboard,30,80.0,Intermediate
laptop,HP,Universal,beeps 3 times then stops no display,RAM failure,RAM;RAM slot,30,90.0,Beginner
laptop,HP,Universal,continuous short beeps power delivery failure,Power supply failure,Motherboard;Power rail,60,55.0,Advanced
laptop,HP,Universal,boot device not found 3F0 error hard drive not detected,Storage failure,SSD;HDD;SATA cable;BIOS boot order,60,85.0,Intermediate
laptop,HP,Universal,operating system not found corrupt bootloader,Boot failure,OS;Bootloader;HDD;SSD,60,85.0,Intermediate
laptop,HP,Universal,no bootable device found empty failed drive,Storage failure,HDD;SSD;SATA cable;BIOS settings,60,85.0,Intermediate
laptop,HP,Universal,blue screen CRITICAL_PROCESS_DIED crash,Software issue,OS;SSD;Windows files;Drivers,90,80.0,Intermediate
laptop,HP,Universal,blue screen WHEA_UNCORRECTABLE_ERROR crash,CPU failure,CPU;Drivers;Cooling;Motherboard,90,70.0,Advanced
laptop,HP,Universal,blue screen IRQL_NOT_LESS_OR_EQUAL crash,RAM failure,RAM;Drivers;RAM slot,60,80.0,Intermediate
laptop,HP,Universal,blue screen PAGE_FAULT_IN_NONPAGED_AREA,RAM failure,RAM;Page file;Drivers,60,80.0,Intermediate
laptop,HP,Universal,automatic repair loop boot loop Windows,Software issue,OS;Registry;HDD;Windows files,90,75.0,Intermediate
laptop,HP,Universal,INACCESSIBLE_BOOT_DEVICE blue screen,Storage failure,Storage driver;SSD;BitLocker;SATA mode,60,78.0,Intermediate
laptop,HP,Universal,freezes at Windows logo black screen during startup,Software issue,Drivers;GPU;HDD;Safe mode,60,80.0,Intermediate
laptop,HP,Universal,screen flickering unstable display,Display failure,LCD cable;LCD panel;GPU driver,45,85.0,Intermediate
laptop,HP,Universal,vertical lines on screen horizontal lines display,Display failure,LCD panel;LCD cable;GPU,60,85.0,Intermediate
laptop,HP,Universal,screen has white pink green tint color issue,Display failure,LCD panel;Color profile;Inverter,45,80.0,Intermediate
laptop,HP,Universal,screen dim but not black backlight faint image flashlight,Backlight failure,LCD panel;Backlight;Motherboard fuse,60,80.0,Intermediate
laptop,HP,Universal,screen shows random artifacts glitches pixel distortion,GPU failure,GPU;VRAM;GPU driver;Thermal paste,90,65.0,Advanced
laptop,HP,Universal,external monitor works internal screen completely black,Display failure,LCD panel;LCD cable;Lid sensor,60,88.0,Intermediate
laptop,HP,Universal,screen goes black when moving lid opening closing,LCD cable failure,LCD cable;Hinge,45,90.0,Intermediate
laptop,HP,Universal,screen cracked broken physically damaged display,Screen damage,LCD panel,60,95.0,Intermediate
laptop,HP,Universal,dead pixels small black white dots on screen,Screen damage,LCD panel,30,90.0,Intermediate
laptop,HP,Universal,both internal and external screen black caps lock responds,GPU failure,GPU;Motherboard chipset,120,45.0,Advanced
laptop,HP,Universal,random restarts no blue screen no warning,RAM failure,RAM;Cooling system,30,85.0,Beginner
laptop,HP,Universal,frequent blue screens different error codes each time,RAM failure,RAM;RAM slot,30,88.0,Intermediate
laptop,HP,Universal,Windows shows less RAM than installed memory missing,RAM failure,RAM;RAM slot;32-bit OS,15,90.0,Beginner
laptop,HP,Universal,laptop boots but freezes under load heavy use,RAM failure,RAM;Cooling;RAM slot,45,82.0,Intermediate
laptop,HP,Universal,BIOS detects RAM Windows crashes on startup,RAM failure,RAM;Chipset drivers,60,78.0,Intermediate
laptop,HP,Universal,clicking grinding noise from hard drive,Storage failure,HDD;SATA cable,60,85.0,Intermediate
laptop,HP,Universal,very slow performance 100% disk usage all the time,Storage failure,HDD;SSD;File system,90,85.0,Intermediate
laptop,HP,Universal,files randomly corrupt or disappear bad sectors,Storage failure,HDD;SSD;File system,120,75.0,Intermediate
laptop,HP,Universal,laptop freezes for seconds at a time intermittent hang,Storage failure,HDD;SSD;SATA cable,60,80.0,Intermediate
laptop,HP,Universal,BIOS does not detect any drive storage not found,Storage failure,HDD;SSD;SATA port;SATA cable,60,80.0,Intermediate
laptop,HP,Universal,SMART hard disk error warning on boot,Storage failure,HDD;SSD,30,85.0,Beginner
laptop,HP,Universal,NVMe SSD not detected M.2 not found,Storage failure,NVMe SSD;BIOS settings;M.2 slot,45,82.0,Intermediate
laptop,HP,Universal,plugged in not charging 0% stays battery not charging,Battery failure,Battery;Charger;EC controller,30,85.0,Beginner
laptop,HP,Universal,battery drains very fast 30 minutes or less,Battery failure,Battery,15,95.0,Beginner
laptop,HP,Universal,laptop only works when plugged in battery completely dead,Battery failure,Battery;Charging circuit,30,90.0,Beginner
laptop,HP,Universal,laptop shuts down at 20 30 percent battery level,Battery failure,Battery;Battery calibration,15,90.0,Beginner
laptop,HP,Universal,swollen battery puffed up trackpad bulging lifting,Battery failure,Battery,15,98.0,Beginner
laptop,HP,Universal,charging LED blinking orange white flashing,Battery failure,Battery;Charger;EC controller,30,80.0,Beginner
laptop,HP,Universal,laptop very hot while charging overcharging,Battery failure,Battery;Motherboard charging circuit,45,75.0,Intermediate
laptop,HP,Universal,battery percentage jumps from 60 to 10 instantly drops,Battery failure,Battery;Dead cells,15,92.0,Beginner
laptop,HP,Universal,fan always running at maximum speed loud noise,Cooling system failure,Fan;Vents;Thermal paste;Malware,45,90.0,Beginner
laptop,HP,Universal,fan makes grinding rattling noise bearing worn,Cooling system failure,Fan,30,90.0,Beginner
laptop,HP,Universal,fan never spins not working dead fan,Cooling system failure,Fan;Fan connector;BIOS,30,88.0,Intermediate
laptop,HP,Universal,laptop suddenly shuts down under load gaming thermal trip,Cooling system failure,Fan;Heat sink;Thermal paste,45,90.0,Intermediate
laptop,HP,Universal,laptop is hot even when idle high idle temperature,Cooling system failure,Thermal paste;Fan;Malware;Battery,45,85.0,Intermediate
laptop,HP,Universal,laptop throttles slows down during gaming performance drop,Thermal throttling,CPU;Thermal paste;Fan;Cooling pad,45,85.0,Intermediate
laptop,HP,Universal,hot air from vents but fan not spinning overheating,Cooling system failure,Fan;Fan connector,30,88.0,Intermediate
laptop,HP,Universal,specific keys not working keyboard partial failure,Keyboard failure,Keyboard;Ribbon cable;Top cover,45,90.0,Intermediate
laptop,HP,Universal,keyboard types random letters wrong characters,Keyboard failure,Keyboard;Modifier keys;Liquid damage,30,85.0,Beginner
laptop,HP,Universal,keyboard backlight not lighting up not working,Keyboard failure,Keyboard;Keyboard driver;Fn key,15,90.0,Beginner
laptop,HP,Universal,trackpad not moving cursor not responding,Trackpad failure,Trackpad;Trackpad cable;Driver,30,88.0,Beginner
laptop,HP,Universal,trackpad buttons stuck not clicking physical damage,Trackpad failure,Trackpad;Battery;Palmrest,30,85.0,Beginner
laptop,HP,Universal,USB port not working no device detected,USB failure,USB port;Chipset driver;Motherboard,30,85.0,Beginner
laptop,HP,Universal,USB device disconnects randomly keeps dropping connection,USB failure,USB port;Power settings;USB selective suspend,15,90.0,Beginner
laptop,HP,Universal,no sound from speakers headphones work fine,Audio failure,Speakers;Audio cable;Audio driver,30,85.0,Beginner
laptop,HP,Universal,no sound from headphones speakers work fine audio jack,Audio failure,Headphone jack;Audio sensor;Audio driver,15,90.0,Beginner
laptop,HP,Universal,crackling distorted sound audio quality bad,Audio failure,Speakers;Realtek driver;Audio enhancements,30,85.0,Beginner
laptop,HP,Universal,microphone not working no mic input privacy,Audio failure,Microphone;Privacy settings;Audio driver,15,90.0,Beginner
laptop,HP,Universal,no audio output device installed error,Audio failure,Audio driver;Motherboard audio chip,30,75.0,Intermediate
laptop,HP,Universal,wifi adapter not detected no wireless networks,Network failure,Wifi card;Driver;Airplane mode,30,85.0,Intermediate
laptop,HP,Universal,wifi connects but no internet access,Network failure,DNS;IP configuration;Router,15,90.0,Beginner
laptop,HP,Universal,wifi keeps disconnecting drops connection frequently,Network failure,Wifi driver;Power management;Wifi card,15,88.0,Beginner
laptop,HP,Universal,bluetooth not finding devices pairing fails,Network failure,Bluetooth driver;Bluetooth toggle;Antenna,15,88.0,Beginner
laptop,HP,Universal,very slow wifi poor wireless speed,Network failure,Wifi driver;Frequency band;Wifi card,15,85.0,Beginner
laptop,HP,Universal,BIOS update stuck at 0 percent or 100 percent,BIOS corruption,BIOS chip;USB recovery,60,70.0,Advanced
laptop,HP,Universal,laptop won't boot after BIOS update bricked,BIOS corruption,BIOS chip;USB Win+B recovery,60,75.0,Advanced
laptop,HP,Universal,secure boot prevents booting from USB drive,BIOS configuration,BIOS settings;Secure boot,15,95.0,Beginner
laptop,HP,Universal,legacy boot option missing CSM not available,BIOS configuration,BIOS settings;CSM;Legacy support,15,95.0,Beginner
laptop,HP,Universal,TPM not detected BitLocker recovery key required,BIOS configuration,TPM;BIOS settings;Microsoft account,30,88.0,Intermediate
laptop,HP,Universal,liquid spilled on laptop water damage,Liquid damage,Motherboard;Keyboard;Battery;Isopropyl alcohol,120,60.0,Advanced
laptop,HP,Universal,broken hinge cracked hinge loose lid,Physical damage,Hinge assembly;LCD cable;Lid,60,85.0,Intermediate
laptop,HP,Universal,broken charging port DC jack loose wobbling,DC jack failure,DC jack;Motherboard,90,80.0,Advanced
laptop,HP,Universal,laptop fell dropped won't turn on,Motherboard failure,Motherboard;RAM;SSD,120,50.0,Advanced
laptop,HP,Universal,cracked palmrest broken bottom case physical,Physical damage,Bottom cover;Palmrest;Screws,60,90.0,Intermediate
laptop,Dell,Universal,power button 1 blink LED motherboard EC ROM failure,Motherboard failure,Motherboard;System board,120,45.0,Advanced
laptop,Dell,Universal,power button 2 blinks LED RAM memory not detected,RAM failure,RAM;RAM slot,30,90.0,Beginner
laptop,Dell,Universal,power button 3 blinks LED motherboard chipset CPU failure,Motherboard failure,Motherboard;Chipset,120,45.0,Advanced
laptop,Dell,Universal,power button 4 blinks LED all RAM sticks bad memory subsystem,RAM failure,RAM;Motherboard,30,80.0,Intermediate
laptop,Dell,Universal,power button 5 blinks LED CMOS battery RTC failure,CMOS battery failure,CMOS battery;RTC circuit,15,95.0,Beginner
laptop,Dell,Universal,power button 6 blinks LED video GPU graphics failure,GPU failure,GPU;LCD panel;Motherboard,120,50.0,Advanced
laptop,Dell,Universal,power button 7 blinks LED CPU processor failure,CPU failure,CPU;Motherboard,120,40.0,Advanced
laptop,Dell,Universal,power button 8 blinks LCD display failure panel cable,Display failure,LCD panel;LCD cable,60,88.0,Intermediate
laptop,Dell,Universal,power button 2 blinks pause 1 blink BIOS corruption,BIOS corruption,BIOS chip;USB recovery,60,70.0,Advanced
laptop,Dell,Universal,power button continuous blinking no pattern power rail short,Motherboard failure,Motherboard;Voltage regulator,120,40.0,Advanced
laptop,Dell,Universal,1 beep on startup motherboard BIOS ROM failure,Motherboard failure,Motherboard;BIOS ROM,120,45.0,Advanced
laptop,Dell,Universal,2 beeps on startup RAM not detected memory,RAM failure,RAM;RAM slot,30,90.0,Beginner
laptop,Dell,Universal,3 beeps on startup motherboard chipset failure,Motherboard failure,Motherboard;Chipset,120,45.0,Advanced
laptop,Dell,Universal,4 beeps on startup RAM read write error failure,RAM failure,RAM;RAM slot,30,85.0,Beginner
laptop,Dell,Universal,5 beeps on startup CMOS battery failure RTC,CMOS battery failure,CMOS battery,15,95.0,Beginner
laptop,Dell,Universal,6 beeps on startup video GPU graphics failure,GPU failure,GPU;Motherboard,120,50.0,Advanced
laptop,Dell,Universal,7 beeps on startup CPU processor failure,CPU failure,CPU;Motherboard,120,40.0,Advanced
laptop,Dell,Universal,8 beeps on startup LCD display failure,Display failure,LCD panel;LCD cable,60,88.0,Intermediate
laptop,Dell,Universal,absolutely dead no lights no fan completely no power,Power supply failure,Power adapter;DC jack;Battery;Motherboard,60,75.0,Intermediate
laptop,Dell,Universal,power button LED turns on then off after 2 seconds short circuit,Motherboard failure,Motherboard;Voltage regulator,90,55.0,Advanced
laptop,Dell,Universal,power button LED stays white orange screen black no display,RAM failure,RAM;LCD cable;LCD panel;BIOS,60,78.0,Intermediate
laptop,Dell,Universal,fan spins loudly but no display no POST stuck power state,GPU failure,GPU;Motherboard;Power state,90,55.0,Advanced
laptop,Dell,Universal,turns on shuts down turns on loop boot loop power cycle,BIOS corruption,BIOS chip;Power supply;Motherboard,60,65.0,Advanced
laptop,Dell,Universal,boots to black screen with cursor blinking no OS,Boot failure,OS;HDD;SSD;Drivers,60,80.0,Intermediate
laptop,Dell,Universal,power rail BIST no LED flash motherboard dead,Motherboard failure,Motherboard;Power rails,120,40.0,Advanced
laptop,Dell,Universal,no power at all Dell charger LED not on ring light off,Power supply failure,Power adapter;Charger;DC jack,30,85.0,Beginner
laptop,Dell,Universal,2 blinks RAM not detected reseat memory module,RAM failure,RAM;RAM slot,30,90.0,Beginner
laptop,Dell,Universal,Windows shows less RAM than installed memory slot bad,RAM failure,RAM;RAM slot,15,90.0,Beginner
laptop,Dell,Universal,random blue screens different codes each time memory,RAM failure,RAM;RAM slot,30,88.0,Intermediate
laptop,Dell,Universal,freezes at Dell logo splash screen RAM BIOS,RAM failure,RAM;BIOS;RAM slot,30,85.0,Intermediate
laptop,Dell,Universal,memory error during Dell diagnostics F12 ePSA address failure,RAM failure,RAM;Motherboard memory slot,45,80.0,Intermediate
laptop,Dell,Universal,laptop boots freezes under load heavy use RAM,RAM failure,RAM;Cooling;RAM slot,45,82.0,Intermediate
laptop,Dell,Universal,no boot device found black screen no OS,Storage failure,HDD;SSD;SATA cable;BIOS boot order,60,85.0,Intermediate
laptop,Dell,Universal,SMART error on boot drive predicted to fail soon,Storage failure,HDD;SSD,30,85.0,Beginner
laptop,Dell,Universal,Dell logo then black screen spinning dots forever loading,Storage failure,HDD;SSD;OS;Dell diagnostics,90,78.0,Intermediate
laptop,Dell,Universal,clicking grinding noise hard drive mechanical failure,Storage failure,HDD;SATA cable,60,85.0,Intermediate
laptop,Dell,Universal,NVMe SSD not detected Intel RST VMD RAID AHCI,Storage failure,NVMe SSD;BIOS settings;Intel RST driver;M.2 slot,45,82.0,Intermediate
laptop,Dell,Universal,very slow boot 5 minutes startup too many items failing drive,Storage failure,HDD;SSD;Startup items;SupportAssist,90,80.0,Intermediate
laptop,Dell,Universal,hard drive not installed error message BIOS,Storage failure,HDD;SSD;SATA cable;Motherboard SATA port,60,82.0,Intermediate
laptop,Dell,Universal,PCIe SSD not detected NVMe missing error,Storage failure,NVMe SSD;BIOS settings;M.2 slot,45,82.0,Intermediate
laptop,Dell,Universal,screen flickering LCD BIST hold D power button,Display failure,LCD panel;LCD cable;GPU driver,45,85.0,Intermediate
laptop,Dell,Universal,vertical lines on screen press bezel lines change,Display failure,LCD panel;LCD cable,60,85.0,Intermediate
laptop,Dell,Universal,screen pink green tint color issue external monitor test,Display failure,LCD panel;GPU;Color profile,45,80.0,Intermediate
laptop,Dell,Universal,screen dim backlight failure faint image with flashlight,Backlight failure,LCD panel;Backlight;Motherboard fuse,60,80.0,Intermediate
laptop,Dell,Universal,external monitor works internal screen black LCD BIST,Display failure,LCD panel;LCD cable;Lid sensor,60,88.0,Intermediate
laptop,Dell,Universal,screen white spots pressure marks physical LCD damage,Screen damage,LCD panel,45,90.0,Intermediate
laptop,Dell,Universal,screen goes black when moving lid opening closing XPS,LCD cable failure,LCD cable;Hinge,45,90.0,Intermediate
laptop,Dell,Universal,8 blinks LCD failure BIOS detected display panel,Display failure,LCD panel;LCD cable,60,88.0,Intermediate
laptop,Dell,Universal,screen artifacts glitches random pixels GPU VRAM,GPU failure,GPU;VRAM;GPU driver;Thermal paste,90,65.0,Advanced
laptop,Dell,Universal,plugged in not charging Dell charger center pin,Battery failure,Battery;Charger;EC controller;Center pin,30,85.0,Beginner
laptop,Dell,Universal,unknown battery not detected no battery identified,Battery failure,Battery;Battery connector;EC controller,30,85.0,Beginner
laptop,Dell,Universal,battery stops charging at 60 percent Dell Power Manager,Battery failure,Battery;Dell Power Manager settings,15,95.0,Beginner
laptop,Dell,Universal,laptop only works plugged in battery completely dead,Battery failure,Battery;Charging circuit;Motherboard,30,88.0,Beginner
laptop,Dell,Universal,swollen battery puffed up trackpad lifting bulging,Battery failure,Battery,15,98.0,Beginner
laptop,Dell,Universal,charger LED blinks amber flashing power error,Battery failure,Charger;Battery;EC controller,30,80.0,Beginner
laptop,Dell,Universal,BIOS shows battery health poor worn out,Battery failure,Battery,15,95.0,Beginner
laptop,Dell,Universal,laptop shuts down at 30 percent battery dead cell calibration,Battery failure,Battery;Battery calibration,15,90.0,Beginner
laptop,Dell,Universal,alert AC adapter wattage not recognized charger not Dell original,Power supply failure,Charger;Power adapter;Center pin,15,95.0,Beginner
laptop,Dell,Universal,fan always running loud constantly high speed dust,Cooling system failure,Fan;Vents;Thermal paste;Malware,45,90.0,Beginner
laptop,Dell,Universal,fan rattling grinding noise worn bearing Latitude,Cooling system failure,Fan,30,90.0,Beginner
laptop,Dell,Universal,laptop very hot fan never spins dead fan disconnected,Cooling system failure,Fan;Fan connector,30,88.0,Intermediate
laptop,Dell,Universal,sudden shutdown during gaming video thermal trip overheating,Cooling system failure,Fan;Heat sink;Thermal paste,45,90.0,Intermediate
laptop,Dell,Universal,thermal event in BIOS logs repeated overheating warning,Cooling system failure,Fan;Heat sink;Thermal paste;BIOS logs,45,88.0,Intermediate
laptop,Dell,Universal,laptop throttles slow even when cool power limit dust heatsink,Thermal throttling,Heat sink;Thermal paste;Fan;CPU,45,85.0,Intermediate
laptop,Dell,Universal,specific keys not working keyboard BIST Fn power,Keyboard failure,Keyboard;Ribbon cable;Top cover,45,90.0,Intermediate
laptop,Dell,Universal,keyboard backlight not working Fn F10 Dell Quickset,Keyboard failure,Keyboard;Dell Quickset driver,15,90.0,Beginner
laptop,Dell,Universal,trackpad not moving cursor disabled F3 Fn F3 cable,Trackpad failure,Trackpad;Trackpad cable;Driver,30,88.0,Beginner
laptop,Dell,Universal,USB port not working dead port bent pins chipset driver,USB failure,USB port;Chipset driver;Motherboard,30,85.0,Beginner
laptop,Dell,Universal,USB-C port not charging no display Thunderbolt firmware,USB failure,USB-C port;Thunderbolt firmware;Motherboard,45,75.0,Advanced
laptop,Dell,Universal,headphone jack not working audio stuck sensor dirty,Audio failure,Headphone jack;Audio sensor;Realtek driver,15,90.0,Beginner
laptop,Dell,Universal,no sound from speakers audio not working,Audio failure,Speakers;Audio driver;Realtek,30,85.0,Beginner
laptop,Dell,Universal,crackling distorted sound audio quality bad Dell,Audio failure,Speakers;Realtek driver;Audio enhancements,30,85.0,Beginner
laptop,Dell,Universal,microphone not working no mic input Dell,Audio failure,Microphone;Privacy settings;Audio driver,15,90.0,Beginner
laptop,Dell,Universal,no audio output device installed error Dell,Audio failure,Audio driver;Motherboard audio chip,30,75.0,Intermediate
laptop,Dell,Universal,wifi adapter not detected Fn PrtSc airplane mode driver,Network failure,Wifi card;Driver;Airplane mode,30,85.0,Intermediate
laptop,Dell,Universal,wifi keeps disconnecting power management Intel Killer,Network failure,Wifi driver;Power management,15,88.0,Beginner
laptop,Dell,Universal,bluetooth not working service not running driver Dell,Network failure,Bluetooth driver;Bluetooth service;Wifi card,15,88.0,Beginner
laptop,Dell,Universal,Killer wifi slow laggy performance suite driver issue,Network failure,Killer Wifi driver;Performance suite,15,88.0,Beginner
laptop,Dell,Universal,Ethernet port not working RJ45 driver bent pins,Network failure,Ethernet port;Realtek driver;Bent pins,30,82.0,Intermediate
laptop,Dell,Universal,BIOS update failed laptop won't boot Ctrl Esc recovery,BIOS corruption,BIOS chip;USB BIOS_IMG.rcv recovery,60,70.0,Advanced
laptop,Dell,Universal,invalid configuration information CMOS settings lost,CMOS battery failure,CMOS battery;BIOS settings,15,95.0,Beginner
laptop,Dell,Universal,secure boot prevents USB boot Secure Boot UEFI BIOS F2,BIOS configuration,BIOS settings;Secure boot,15,95.0,Beginner
laptop,Dell,Universal,TPM not detected BitLocker recovery key Microsoft account,BIOS configuration,TPM;BIOS settings;Microsoft account,30,88.0,Intermediate
laptop,Dell,Universal,time of day not set please run setup date time CMOS,CMOS battery failure,CMOS battery,15,95.0,Beginner
laptop,Dell,Universal,strike F1 to retry boot F2 for setup no drive found,Storage failure,HDD;SSD;Boot order;BIOS,45,82.0,Intermediate
laptop,Dell,Universal,alert TPM device not detected security chip,BIOS configuration,TPM;BIOS Security settings,15,90.0,Beginner
laptop,Dell,Universal,liquid spilled water damage Dell laptop,Liquid damage,Motherboard;Keyboard;Battery;Isopropyl alcohol,120,60.0,Advanced
laptop,Dell,Universal,broken hinge cracked Inspiron 3000 5000 series lid,Physical damage,Hinge assembly;LCD cable;Lid,60,85.0,Intermediate
laptop,Dell,Universal,cracked palmrest broken physical damage dropped,Physical damage,Palmrest;Bottom cover;Screws,60,90.0,Intermediate
laptop,Dell,Universal,broken DC jack barrel connector loose charging port,DC jack failure,DC jack;Motherboard,90,80.0,Advanced
laptop,Dell,Universal,USB-C port broken physically damaged bent pins Dell,Physical damage,USB-C port;Motherboard,90,65.0,Advanced
laptop,Dell,Universal,laptop fell dropped won't turn on cracked motherboard,Motherboard failure,Motherboard;RAM;SSD,120,50.0,Advanced
laptop,Lenovo,Universal,power button 1 blink CPU processor failure soldered,CPU failure,CPU;Motherboard,120,40.0,Advanced
laptop,Lenovo,Universal,power button 2 blinks motherboard system board failure,Motherboard failure,Motherboard;System board,120,45.0,Advanced
laptop,Lenovo,Universal,power button 3 blinks RAM memory not detected,RAM failure,RAM;RAM slot,30,90.0,Beginner
laptop,Lenovo,Universal,power button 4 blinks all RAM sticks failed memory subsystem,RAM failure,RAM;Motherboard,30,80.0,Intermediate
laptop,Lenovo,Universal,power button 5 blinks CMOS battery RTC failure,CMOS battery failure,CMOS battery;RTC circuit,15,95.0,Beginner
laptop,Lenovo,Universal,power button 6 blinks video GPU graphics chip failure,GPU failure,GPU;LCD panel;Motherboard,120,50.0,Advanced
laptop,Lenovo,Universal,power button 7 blinks LCD failure backlight panel cable,Display failure,LCD panel;LCD cable;Backlight,60,85.0,Intermediate
laptop,Lenovo,Universal,power button 8 blinks battery failure charging IC,Battery failure,Battery;Motherboard charging IC,30,85.0,Beginner
laptop,Lenovo,Universal,power button 9 blinks power rail short voltage regulator,Motherboard failure,Motherboard;Voltage regulator,120,40.0,Advanced
laptop,Lenovo,Universal,power button 10 blinks touchpad trackpad failure cable,Trackpad failure,Trackpad;Trackpad cable,30,88.0,Beginner
laptop,Lenovo,Universal,power button continuous blinking power delivery issue charger,Power supply failure,Charger;DC jack;Battery;Motherboard,45,70.0,Intermediate
laptop,Lenovo,Universal,power button fast blinking EC embedded controller crash firmware,BIOS corruption,EC firmware;Reset hole,30,75.0,Intermediate
laptop,Lenovo,Universal,1 beep pause 3 beeps RAM not detected memory error,RAM failure,RAM;RAM slot,30,90.0,Beginner
laptop,Lenovo,Universal,1 beep pause 4 beeps battery critically low,Battery failure,Battery;Charger,15,95.0,Beginner
laptop,Lenovo,Universal,2 beeps CMOS battery error RTC,CMOS battery failure,CMOS battery,15,95.0,Beginner
laptop,Lenovo,Universal,3 beeps motherboard failure system board,Motherboard failure,Motherboard,120,45.0,Advanced
laptop,Lenovo,Universal,4 beeps RAM failure read write error memory,RAM failure,RAM;RAM slot,30,85.0,Beginner
laptop,Lenovo,Universal,5 beeps real time clock failure CMOS,CMOS battery failure,CMOS battery;RTC circuit,15,95.0,Beginner
laptop,Lenovo,Universal,6 beeps video GPU graphics failure,GPU failure,GPU;Motherboard,120,50.0,Advanced
laptop,Lenovo,Universal,7 beeps CPU processor failure,CPU failure,CPU;Motherboard,120,40.0,Advanced
laptop,Lenovo,Universal,8 beeps LCD display failure panel cable,Display failure,LCD panel;LCD cable,60,88.0,Intermediate
laptop,Lenovo,Universal,9 beeps power system failure charger motherboard,Power supply failure,Charger;Motherboard,60,65.0,Advanced
laptop,Lenovo,Universal,Novo button not responding laptop dead no menu appears,Power supply failure,Charger;DC jack;Battery;EC firmware,45,75.0,Intermediate
laptop,Lenovo,Universal,Novo button menu appears but system recovery fails OneKey,Software issue,OneKey Recovery;OS;SSD,60,75.0,Intermediate
laptop,Lenovo,Universal,use Novo button pinhole to access BIOS recovery diagnostics,BIOS corruption,BIOS;Novo button;USB recovery,30,80.0,Intermediate
laptop,Lenovo,Universal,absolutely dead no lights no fan no power Lenovo,Power supply failure,Power adapter;DC jack;Battery;EC firmware,60,75.0,Intermediate
laptop,Lenovo,Universal,power button blinks but no boot no POST Lenovo,RAM failure,RAM;BIOS;CPU,45,78.0,Intermediate
laptop,Lenovo,Universal,turns on fans spin screen completely black no display,RAM failure,RAM;LCD panel;GPU;BIOS,60,78.0,Intermediate
laptop,Lenovo,Universal,powers on shuts off after 3 seconds short circuit VRM,Motherboard failure,Motherboard;VRM;CPU,90,55.0,Advanced
laptop,Lenovo,Universal,boot loop turns on off repeatedly corrupt BIOS,BIOS corruption,BIOS;Power IC;Motherboard,60,65.0,Advanced
laptop,Lenovo,Universal,Lenovo logo appears then black screen drive OS,Boot failure,OS;HDD;SSD;Lenovo diagnostics,60,80.0,Intermediate
laptop,Lenovo,Universal,hard reset reset hole paperclip bottom case crescent icon,Power supply failure,EC firmware;Battery;Charger,30,80.0,Beginner
laptop,Lenovo,Universal,fan error on boot ThinkPad CPU fan not spinning,Cooling system failure,Fan;Heatsink,30,90.0,Beginner
laptop,Lenovo,Universal,thermal sensing error on boot ThinkPad temperature sensor,Motherboard failure,Temperature sensor;Motherboard,120,45.0,Advanced
laptop,Lenovo,Universal,unauthorized network card ThinkPad whitelist Wi-Fi,Network failure,Wifi card;Lenovo FRU card,15,95.0,Beginner
laptop,Lenovo,Universal,machine type serial number invalid motherboard replaced HMD,BIOS corruption,Motherboard;Lenovo HMD tool;Serial number,60,70.0,Advanced
laptop,Lenovo,Universal,TrackPoint red dot not working ThinkPad driver BIOS disabled,Keyboard failure,TrackPoint;BIOS settings;Keyboard driver,15,90.0,Beginner
laptop,Lenovo,Universal,broken hinge IdeaPad cracked plastic mount very common,Physical damage,Hinge assembly;Lid assembly;Back cover,60,85.0,Intermediate
laptop,Lenovo,Universal,loose hinge lid wobbles IdeaPad hinge mount cracked,Physical damage,Hinge assembly;Back cover,60,85.0,Intermediate
laptop,Lenovo,Universal,Yoga screen goes black when rotating flipping convertible,LCD cable failure,LCD cable;Hinge,45,88.0,Intermediate
laptop,Lenovo,Universal,Yoga screen flickering when rotating lid hinge cable tear,LCD cable failure,LCD cable;Hinge,45,88.0,Intermediate
laptop,Lenovo,Universal,touchscreen not working Yoga IdeaPad touch driver cable,Trackpad failure,Touch driver;Touch cable;Digitizer,30,85.0,Intermediate
laptop,Lenovo,Universal,Yoga touchscreen dead stops responding driver update,Trackpad failure,Touch driver;Touch cable;Lenovo Vantage,30,85.0,Intermediate
laptop,Lenovo,Universal,Legion overheating thermal throttling gaming performance drop,Thermal throttling,CPU;GPU;Thermal paste;Fan;Cooling pad,45,85.0,Intermediate
laptop,Lenovo,Universal,Legion GPU failure dead graphics gaming laptop,GPU failure,GPU;Thermal paste;Motherboard,120,50.0,Advanced
laptop,Lenovo,Universal,Legion fan very loud gaming laptop thermal paste dry,Cooling system failure,Fan;Thermal paste;Heat sink,45,88.0,Intermediate
laptop,Lenovo,Universal,3 blinks Lenovo RAM not detected reseat memory,RAM failure,RAM;RAM slot,30,90.0,Beginner
laptop,Lenovo,Universal,Windows shows less RAM than installed Lenovo slot bad,RAM failure,RAM;RAM slot,15,90.0,Beginner
laptop,Lenovo,Universal,random blue screens different error codes Lenovo memory,RAM failure,RAM;RAM slot,30,88.0,Intermediate
laptop,Lenovo,Universal,freezes at Lenovo logo splash screen RAM BIOS,RAM failure,RAM;BIOS;RAM slot,30,85.0,Intermediate
laptop,Lenovo,Universal,laptop boots freezes under heavy load RAM Lenovo,RAM failure,RAM;Cooling;RAM slot,45,82.0,Intermediate
laptop,Lenovo,Universal,boot device not found black screen no OS Lenovo,Storage failure,HDD;SSD;BIOS boot order,60,85.0,Intermediate
laptop,Lenovo,Universal,operating system not found corrupt bootloader Lenovo,Boot failure,OS;Bootloader;HDD,60,85.0,Intermediate
laptop,Lenovo,Universal,clicking grinding noise hard drive Lenovo,Storage failure,HDD;SATA cable,60,85.0,Intermediate
laptop,Lenovo,Universal,very slow boot 5 minutes Lenovo diagnostics hard drive test,Storage failure,HDD;SSD;Startup items,90,80.0,Intermediate
laptop,Lenovo,Universal,NVMe SSD not detected Intel RST RAID AHCI SATA mode Lenovo,Storage failure,NVMe SSD;BIOS SATA mode;Intel RST;M.2 slot,45,82.0,Intermediate
laptop,Lenovo,Universal,SMART error on boot drive predicted to fail Lenovo,Storage failure,HDD;SSD,30,85.0,Beginner
laptop,Lenovo,Universal,hard drive not detected error message Lenovo BIOS F1,Storage failure,HDD;SSD;SATA cable;BIOS,60,82.0,Intermediate
laptop,Lenovo,Universal,screen flickering Yoga flip hinge slowly cable,LCD cable failure,LCD cable;Hinge,45,88.0,Intermediate
laptop,Lenovo,Universal,vertical horizontal lines screen press bezel Lenovo,Display failure,LCD panel;LCD cable,60,85.0,Intermediate
laptop,Lenovo,Universal,screen dim backlight failure flashlight image Lenovo,Backlight failure,LCD panel;Backlight;Motherboard fuse,60,80.0,Intermediate
laptop,Lenovo,Universal,external monitor works internal screen black Lenovo,Display failure,LCD panel;LCD cable;Lid sensor,60,88.0,Intermediate
laptop,Lenovo,Universal,screen pressure marks white spots physical damage Lenovo,Screen damage,LCD panel,45,90.0,Intermediate
laptop,Lenovo,Universal,screen goes black moving lid hinge cable Lenovo,LCD cable failure,LCD cable;Hinge,45,90.0,Intermediate
laptop,Lenovo,Universal,7 blinks LCD failure panel cable Lenovo,Display failure,LCD panel;LCD cable,60,88.0,Intermediate
laptop,Lenovo,Universal,screen cracked broken Lenovo IdeaPad ThinkPad,Screen damage,LCD panel,60,95.0,Intermediate
laptop,Lenovo,Universal,plugged in not charging Lenovo center pin charger,Battery failure,Battery;Charger;EC controller,30,85.0,Beginner
laptop,Lenovo,Universal,battery not detected Windows Lenovo connector EC frozen,Battery failure,Battery;Battery connector;EC controller,30,85.0,Beginner
laptop,Lenovo,Universal,Lenovo Vantage battery not genuine non-original aftermarket,Battery failure,Battery;Lenovo Vantage,15,95.0,Beginner
laptop,Lenovo,Universal,battery stops charging at 55 60 80 percent Conservation Mode Vantage,Battery failure,Battery;Lenovo Vantage Conservation Mode,15,98.0,Beginner
laptop,Lenovo,Universal,swollen battery puffed up Lenovo trackpad case bulging,Battery failure,Battery,15,98.0,Beginner
laptop,Lenovo,Universal,laptop only works plugged in battery completely dead Lenovo,Battery failure,Battery;Charging circuit;Motherboard,30,88.0,Beginner
laptop,Lenovo,Universal,8 blinks battery failure Lenovo power button LED,Battery failure,Battery;Motherboard charging IC,30,85.0,Beginner
laptop,Lenovo,Universal,battery drains fast 30 minutes Lenovo Vantage health check,Battery failure,Battery;Lenovo Vantage,15,95.0,Beginner
laptop,Lenovo,Universal,fan error boot message ThinkPad fan not spinning dead,Cooling system failure,Fan;Heatsink,30,90.0,Beginner
laptop,Lenovo,Universal,fan loud constantly dust clog Lenovo vents blocked,Cooling system failure,Fan;Vents;Thermal paste,45,90.0,Beginner
laptop,Lenovo,Universal,fan rattling grinding noise worn bearing Lenovo Legion,Cooling system failure,Fan,30,90.0,Beginner
laptop,Lenovo,Universal,laptop very hot fan never spins dead Lenovo,Cooling system failure,Fan;Fan connector,30,88.0,Intermediate
laptop,Lenovo,Universal,sudden shutdown gaming thermal trip Lenovo Legion,Cooling system failure,Fan;Heat sink;Thermal paste,45,90.0,Intermediate
laptop,Lenovo,Universal,thermal sensing error boot ThinkPad sensor motherboard,Motherboard failure,Temperature sensor;Motherboard,120,45.0,Advanced
laptop,Lenovo,Universal,specific keys not working Lenovo ThinkPad keyboard removable,Keyboard failure,Keyboard;Ribbon cable;Top cover,45,90.0,Intermediate
laptop,Lenovo,Universal,keyboard backlight not working Fn Space Lenovo Vantage,Keyboard failure,Keyboard;Keyboard driver;Fn key,15,90.0,Beginner
laptop,Lenovo,Universal,trackpad not responding disabled Fn F6 Fn F10 ThinkPad IdeaPad,Trackpad failure,Trackpad;Trackpad cable;Driver,30,88.0,Beginner
laptop,Lenovo,Universal,USB port not working Lenovo chipset driver dead port,USB failure,USB port;Chipset driver;Motherboard,30,85.0,Beginner
laptop,Lenovo,Universal,USB-C port not charging no display Lenovo firmware update,USB failure,USB-C port;USB-C firmware;Motherboard,45,75.0,Advanced
laptop,Lenovo,Universal,headphone jack not working Lenovo audio jack sensor,Audio failure,Headphone jack;Audio sensor;Realtek driver,15,90.0,Beginner
laptop,Lenovo,Universal,no sound speakers Lenovo audio not working driver,Audio failure,Speakers;Audio driver;Realtek,30,85.0,Beginner
laptop,Lenovo,Universal,microphone not working Lenovo privacy settings driver,Audio failure,Microphone;Privacy settings;Audio driver,15,90.0,Beginner
laptop,Lenovo,Universal,crackling distorted audio Lenovo speaker driver,Audio failure,Speakers;Realtek driver;Audio enhancements,30,85.0,Beginner
laptop,Lenovo,Universal,wifi adapter not detected Fn F8 airplane mode driver Lenovo,Network failure,Wifi card;Driver;Airplane mode,30,85.0,Intermediate
laptop,Lenovo,Universal,wifi keeps disconnecting power management Lenovo driver,Network failure,Wifi driver;Power management,15,88.0,Beginner
laptop,Lenovo,Universal,bluetooth not working service driver Lenovo,Network failure,Bluetooth driver;Bluetooth service,15,88.0,Beginner
laptop,Lenovo,Universal,unauthorized network card ThinkPad Wi-Fi whitelist FRU,Network failure,Wifi card;Lenovo FRU authorized card,15,95.0,Beginner
laptop,Lenovo,Universal,Killer wifi slow Legion gaming driver suite,Network failure,Killer Wifi driver;Killer performance suite,15,88.0,Beginner
laptop,Lenovo,Universal,BIOS update failed Lenovo Novo button recovery BIOS.CAP USB,BIOS corruption,BIOS;USB BIOS.CAP recovery;Novo button,60,70.0,Advanced
laptop,Lenovo,Universal,real time clock error CMOS battery dead Lenovo,CMOS battery failure,CMOS battery;RTC circuit,15,95.0,Beginner
laptop,Lenovo,Universal,secure boot prevents USB boot Lenovo F1 BIOS security,BIOS configuration,BIOS settings;Secure boot,15,95.0,Beginner
laptop,Lenovo,Universal,TPM not detected BitLocker key Lenovo BIOS security,BIOS configuration,TPM;BIOS settings;Microsoft account,30,88.0,Intermediate
laptop,Lenovo,Universal,system security invalid password HDD BIOS Lenovo locked,BIOS configuration,BIOS password;HDD password;Motherboard,60,40.0,Advanced
laptop,Lenovo,Universal,battery cannot be identified non-genuine Lenovo Vantage warning,Battery failure,Battery;Lenovo Vantage,15,95.0,Beginner
laptop,Lenovo,Universal,liquid spilled water damage Lenovo ThinkPad drain holes,Liquid damage,Motherboard;Keyboard;Battery;Isopropyl alcohol,120,60.0,Advanced
laptop,Lenovo,Universal,broken hinge IdeaPad Yoga cracked plastic mounts common,Physical damage,Hinge assembly;Lid assembly;Back cover,60,85.0,Intermediate
laptop,Lenovo,Universal,cracked palmrest Lenovo dropped physical damage,Physical damage,Palmrest;Bottom cover,60,90.0,Intermediate
laptop,Lenovo,Universal,broken DC jack soldered Lenovo charging port loose,DC jack failure,DC jack;Motherboard,90,80.0,Advanced
laptop,Lenovo,Universal,broken USB-C port Yoga Lenovo physical damage microsoldering,Physical damage,USB-C port;Motherboard,90,65.0,Advanced
laptop,Lenovo,Universal,laptop fell dropped Lenovo won't turn on cracked motherboard,Motherboard failure,Motherboard;RAM;SSD,120,50.0,Advanced
laptop,Lenovo,Universal,screen cracked Yoga ThinkPad X1 Carbon expensive LCD,Screen damage,LCD panel,60,95.0,Intermediate
laptop,Apple,Universal,PPT001 battery not detected Apple diagnostics,Battery failure,Battery;Battery connector,30,90.0,Beginner
laptop,Apple,Universal,PPT002 battery requires service Apple diagnostics worn,Battery failure,Battery,15,95.0,Beginner
laptop,Apple,Universal,PPT003 battery not charging Apple diagnostics charging circuit SMC,Battery failure,Battery;Charger;SMC;Logic board,30,85.0,Beginner
laptop,Apple,Universal,PPF001 fan failure Apple diagnostics CPU fan,Cooling system failure,Fan;Heatsink,30,90.0,Beginner
laptop,Apple,Universal,PPF002 fan speed out of range Apple diagnostics bearing worn,Cooling system failure,Fan,30,90.0,Beginner
laptop,Apple,Universal,PPM001 memory RAM failure Apple diagnostics soldered,RAM failure,Motherboard;Soldered RAM,120,45.0,Advanced
laptop,Apple,Universal,PPM002 memory controller failure CPU RAM controller Apple,RAM failure,Motherboard;CPU;RAM controller,120,40.0,Advanced
laptop,Apple,Universal,PPD001 display LCD failure Apple diagnostics panel cable,Display failure,LCD panel;LCD cable,60,85.0,Intermediate
laptop,Apple,Universal,PPD002 display backlight failure Apple diagnostics,Backlight failure,LCD panel;Backlight circuit;Logic board,60,80.0,Intermediate
laptop,Apple,Universal,PDR001 trackpad failure Apple diagnostics cable,Trackpad failure,Trackpad;Trackpad cable,30,88.0,Intermediate
laptop,Apple,Universal,PDS001 storage SSD failure Apple diagnostics controller,Storage failure,SSD;SSD controller;Motherboard,60,75.0,Advanced
laptop,Apple,Universal,PDS002 storage controller failure T2 chip SSD,Storage failure,T2 chip;SSD controller;Motherboard,120,50.0,Advanced
laptop,Apple,Universal,NDL001 wifi adapter not detected Apple diagnostics card,Network failure,Wifi card;Antenna;Logic board,30,85.0,Intermediate
laptop,Apple,Universal,NDL002 bluetooth failure Apple diagnostics module,Network failure,Bluetooth module;Wifi card,30,85.0,Intermediate
laptop,Apple,Universal,VFD001 audio speaker failure Apple diagnostics,Audio failure,Speakers;Audio IC,45,75.0,Intermediate
laptop,Apple,Universal,MacBook absolutely dead no chime no fan no light on charger,Power supply failure,Charger;MagSafe;USB-C;SMC;Logic board,60,70.0,Intermediate
laptop,Apple,Universal,chime sounds black screen fans spin no display MacBook,GPU failure,GPU;LCD panel;Logic board,90,60.0,Advanced
laptop,Apple,Universal,MacBook powers on Apple logo appears then black screen,Software issue,OS;SSD;T2 firmware;Recovery mode,60,80.0,Intermediate
laptop,Apple,Universal,folder with question mark no bootable OS SSD not detected,Storage failure,SSD;OS;Boot drive;Recovery mode,60,82.0,Intermediate
laptop,Apple,Universal,prohibitory sign circle with slash on boot incompatible macOS,Software issue,OS;macOS version;Recovery mode,30,85.0,Beginner
laptop,Apple,Universal,kernel panic multilingual restart message MacBook,RAM failure,RAM;OS;SSD;Logic board,60,75.0,Intermediate
laptop,Apple,Universal,MacBook boots to white screen no Apple logo GPU firmware,GPU failure,GPU;Logic board;NVRAM,90,55.0,Advanced
laptop,Apple,Universal,MacBook boots to blue screen GPU failure 2011,GPU failure,GPU;Logic board,120,50.0,Advanced
laptop,Apple,Universal,MacBook support.apple.com/mac/restore screen T2 firmware,BIOS corruption,T2 chip;Firmware;Apple Configurator 2,60,65.0,Advanced
laptop,Apple,Universal,SMC reset MacBook battery not charging fan always on backlight,Power supply failure,SMC;Battery;Fan;Logic board,15,85.0,Beginner
laptop,Apple,Universal,NVRAM PRAM reset MacBook display issues startup disk resolution,Software issue,NVRAM;Display;Startup disk;Sound settings,15,85.0,Beginner
laptop,Apple,Universal,MacBook won't turn on T2 press hold power button 10 seconds,Power supply failure,T2 chip;SMC;Logic board,15,80.0,Beginner
laptop,Apple,Universal,Flexgate screen goes black when opened past 45 degrees 2016 2017 2018 Pro,LCD cable failure,LCD cable;Display assembly;Hinge,90,80.0,Advanced
laptop,Apple,Universal,Flexgate backlight uneven stage light dark spots bottom screen,Backlight failure,LCD cable;Display assembly;Backlight,90,80.0,Advanced
laptop,Apple,Universal,Staingate anti-reflective coating peeling off screen Retina 2012 2013 2014 2015,Screen damage,Display assembly;Anti-reflective coating,60,85.0,Intermediate
laptop,Apple,Universal,butterfly keyboard keys sticky mushy don't click 2016 2017 2018 2019,Keyboard failure,Keyboard;Butterfly mechanism;Top case,60,88.0,Intermediate
laptop,Apple,Universal,butterfly keyboard key repeats when pressed once debris mechanism,Keyboard failure,Keyboard;Butterfly mechanism;Compressed air,30,85.0,Beginner
laptop,Apple,Universal,butterfly keyboard spacebar only works one side stabilizer broken,Keyboard failure,Keyboard;Spacebar;Top case,60,88.0,Intermediate
laptop,Apple,Universal,2011 MacBook Pro 15 AMD GPU failure black screen blue screen,GPU failure,GPU;AMD chip;Logic board,120,45.0,Advanced
laptop,Apple,Universal,Service Battery warning macOS worn battery cycles 1000,Battery failure,Battery,15,95.0,Beginner
laptop,Apple,Universal,MacBook not charging plugged in SMC charger battery,Battery failure,Battery;Charger;SMC;Logic board,30,85.0,Beginner
laptop,Apple,Universal,battery stuck at 1 percent 0 percent SMC communication,Battery failure,Battery;SMC,15,90.0,Beginner
laptop,Apple,Universal,MacBook only works plugged in battery dead won't hold charge,Battery failure,Battery,30,90.0,Beginner
laptop,Apple,Universal,swollen battery MacBook trackpad hard to click case bulging fire hazard,Battery failure,Battery,15,98.0,Beginner
laptop,Apple,Universal,MagSafe charger LED dim flickering logic board DC-in,Power supply failure,Charger;MagSafe;Logic board DC-in,30,75.0,Intermediate
laptop,Apple,Universal,MagSafe LED green but not charging SMC battery disconnected,Battery failure,Battery;SMC;Battery connector,15,90.0,Beginner
laptop,Apple,Universal,MacBook shuts down at 20 30 percent battery calibration dead cell,Battery failure,Battery;Battery calibration,15,90.0,Beginner
laptop,Apple,Universal,USB-C charging MacBook stops certain percentage firmware PPT003,Battery failure,Battery;USB-C firmware;SMC,30,85.0,Beginner
laptop,Apple,Universal,vertical lines on MacBook screen LCD GPU failure,Display failure,LCD panel;GPU;Logic board,60,80.0,Intermediate
laptop,Apple,Universal,screen pink green tint flickering LCD cable GPU MacBook,Display failure,LCD cable;GPU;LCD panel,45,80.0,Intermediate
laptop,Apple,Universal,MacBook screen black external monitor works LCD backlight,Backlight failure,LCD panel;Backlight;Logic board backlight IC,60,82.0,Intermediate
laptop,Apple,Universal,MacBook screen black external also black GPU logic board,GPU failure,GPU;Logic board,120,45.0,Advanced
laptop,Apple,Universal,white spots pressure marks screen MacBook physical damage,Screen damage,LCD panel,45,90.0,Intermediate
laptop,Apple,Universal,screen goes black moving lid hinge LCD cable MacBook,LCD cable failure,LCD cable;Hinge;Display assembly,60,85.0,Intermediate
laptop,Apple,Universal,True Tone not working ambient light sensor cable 2018,Display failure,Ambient light sensor;LCD cable;NVRAM,30,80.0,Intermediate
laptop,Apple,Universal,horizontal lines moving across screen LCD controller MacBook,Display failure,LCD panel;Display assembly,60,82.0,Intermediate
laptop,Apple,Universal,screen cracked MacBook Retina Yoga X1 replace display assembly,Screen damage,Display assembly;LCD panel,90,90.0,Advanced
laptop,Apple,Universal,random kernel panic restarts MacBook PPM001 RAM,RAM failure,Motherboard;Soldered RAM,90,50.0,Advanced
laptop,Apple,Universal,MacBook freezes under load video editing RAM memory,RAM failure,RAM;Motherboard,90,55.0,Advanced
laptop,Apple,Universal,MacBook only 8GB RAM shows less than expected Apple Silicon,RAM failure,Motherboard;Unified memory,90,50.0,Advanced
laptop,Apple,Universal,folder question mark MacBook SSD not detected no OS,Storage failure,SSD;Boot drive;OS,60,82.0,Intermediate
laptop,Apple,Universal,MacBook extremely slow boot 5 minutes SSD failing,Storage failure,SSD;File system;Disk Utility,90,78.0,Intermediate
laptop,Apple,Universal,kernel panic NVMe storage SSD controller T2,Storage failure,SSD;T2 chip;SSD controller,90,65.0,Advanced
laptop,Apple,Universal,this disk is locked FileVault T2 security encrypted,Storage failure,FileVault;T2 chip;Password;Recovery mode,30,80.0,Intermediate
laptop,Apple,Universal,MacBook Pro 2013 2014 2015 SSD not detected proprietary blade,Storage failure,Proprietary SSD;SSD connector;M.2 adapter,60,80.0,Intermediate
laptop,Apple,Universal,SSD health degradation M1 MacBook high swap usage 8GB,Storage failure,SSD;Swap usage;Unified memory,90,60.0,Advanced
laptop,Apple,Universal,MacBook fan loud constantly hot dust thermal paste Activity Monitor,Cooling system failure,Fan;Thermal paste;Heat sink,45,90.0,Beginner
laptop,Apple,Universal,one fan spins other doesn't MacBook Pro 15 inch,Cooling system failure,Fan;Fan debris,30,90.0,Beginner
laptop,Apple,Universal,MacBook shuts down under load video editing gaming thermal trip,Cooling system failure,Fan;Thermal paste;Heat sink;Macs Fan Control,45,90.0,Intermediate
laptop,Apple,Universal,fan runs max speed at idle MacBook SMC temperature sensor PPF001,Cooling system failure,SMC;Temperature sensor;Fan,30,85.0,Intermediate
laptop,Apple,Universal,no fan noise MacBook very hot dead fan disconnected,Cooling system failure,Fan;Fan connector,30,88.0,Intermediate
laptop,Apple,Universal,your system was restarted because of a problem overheating kernel,Cooling system failure,Fan;Thermal paste;Heat sink,45,85.0,Intermediate
laptop,Apple,Universal,trackpad clicks but cursor doesn't move MacBook swollen battery cable,Trackpad failure,Battery;Trackpad cable;Trackpad,30,85.0,Beginner
laptop,Apple,Universal,trackpad doesn't click no haptic feedback MacBook swollen battery,Trackpad failure,Battery;Trackpad;Haptic motor,30,85.0,Beginner
laptop,Apple,Universal,Force Touch trackpad not responding logic board T2 cable,Trackpad failure,Trackpad cable;Logic board;T2,45,75.0,Advanced
laptop,Apple,Universal,keyboard backlight not working MacBook F6 cable top case,Keyboard failure,Keyboard;Keyboard backlight;F6 key,15,90.0,Beginner
laptop,Apple,Universal,Touch Bar not working MacBook Pro 2016 2017 2018 2019 T2,Keyboard failure,Touch Bar;T2 chip;Top case;SMC,60,70.0,Advanced
laptop,Apple,Universal,Touch ID button not working fingerprint sensor T2 MacBook,Keyboard failure,Touch ID;T2 chip;Power button,30,75.0,Intermediate
laptop,Apple,Universal,no sound speakers MacBook headphones work audio IC 2016 2017 2018,Audio failure,Speakers;Audio IC;Logic board,45,70.0,Advanced
laptop,Apple,Universal,no sound headphones MacBook speakers work dirty jack optical sensor,Audio failure,Headphone jack;Optical sensor;Audio board,15,90.0,Beginner
laptop,Apple,Universal,crackling distorted sound MacBook speaker driver update,Audio failure,Speakers;Audio driver;macOS update,30,82.0,Beginner
laptop,Apple,Universal,microphone not working MacBook privacy settings T2 logic board,Audio failure,Microphone;Privacy settings;T2 chip,15,85.0,Beginner
laptop,Apple,Universal,no output devices found MacBook sound settings audio IC reball,Audio failure,Audio IC;Logic board;NVRAM,45,70.0,Advanced
laptop,Apple,Universal,speakers pop hiss when idle MacBook ground loop audio IC,Audio failure,Audio IC;Logic board;macOS update,30,72.0,Intermediate
laptop,Apple,Universal,wifi not turning on MacBook hardware NDL001 card antenna,Network failure,Wifi card;Antenna;Logic board,30,82.0,Intermediate
laptop,Apple,Universal,wifi no hardware installed MacBook logic board card dead,Network failure,Wifi card;Logic board;Antenna,45,75.0,Intermediate
laptop,Apple,Universal,wifi keeps disconnecting MacBook interference driver router,Network failure,Wifi driver;Wifi channel;Router,15,88.0,Beginner
laptop,Apple,Universal,bluetooth not finding devices MacBook module reset shift option,Network failure,Bluetooth module;Bluetooth driver,15,88.0,Beginner
laptop,Apple,Universal,Handoff Continuity not working MacBook iCloud Bluetooth,Network failure,Bluetooth;iCloud;Handoff settings,15,88.0,Beginner
laptop,Apple,Universal,USB-C port not charging MacBook dirt firmware different port,USB failure,USB-C port;Charger;Firmware;Logic board,30,82.0,Intermediate
laptop,Apple,Universal,USB-C works data but not charging MacBook power delivery IC,USB failure,USB-C port;Power delivery IC;Logic board,45,72.0,Advanced
laptop,Apple,Universal,all USB-C ports dead MacBook T2 chip logic board SMC,USB failure,USB-C port;T2 chip;Logic board;SMC,60,60.0,Advanced
laptop,Apple,Universal,external monitor not working USB-C MacBook cable firmware adapter,USB failure,USB-C cable;Firmware;DisplayPort adapter,15,88.0,Beginner
laptop,Apple,Universal,T2 chip won't turn on press hold power button 10 seconds,BIOS corruption,T2 chip;Firmware;Logic board,15,80.0,Beginner
laptop,Apple,Universal,bridge OS kernel panic T2 firmware bug macOS update,BIOS corruption,T2 chip;Firmware;macOS update;SMC,30,78.0,Intermediate
laptop,Apple,Universal,no bootable drive after macOS update T2 security FileVault,BIOS configuration,T2 chip;Startup Security;FileVault;Recovery mode,30,80.0,Intermediate
laptop,Apple,Universal,T2 Mac firmware corrupt Apple Configurator 2 restore DFU,BIOS corruption,T2 chip;Firmware;Apple Configurator 2,60,65.0,Advanced
laptop,Apple,Universal,M1 M2 M3 MacBook stuck on Apple logo progress bar corrupt OS,Software issue,macOS;OS update;Recovery mode,30,85.0,Beginner
laptop,Apple,Universal,M1 MacBook only one external monitor limited display,Software issue,M1 chip;DisplayLink adapter;External display,15,92.0,Beginner
laptop,Apple,Universal,Rosetta 2 apps crashing M1 M2 MacBook translation layer,Software issue,Rosetta 2;App update;macOS,15,92.0,Beginner
laptop,Apple,Universal,Apple Silicon MacBook won't turn on battery drained firmware,Power supply failure,Battery;Charger;Apple Silicon firmware,15,85.0,Beginner
laptop,Apple,Universal,liquid spilled MacBook no drain holes flip upside down,Liquid damage,Logic board;Keyboard;Battery;Isopropyl alcohol,120,55.0,Advanced
laptop,Apple,Universal,liquid spill indicator LSI red pink MacBook warranty voided,Liquid damage,Logic board;LSI sticker;Isopropyl alcohol,120,55.0,Advanced
laptop,Apple,Universal,cracked MacBook screen Retina closed with object keyboard,Screen damage,Display assembly;LCD panel,90,90.0,Advanced
laptop,Apple,Universal,broken hinge loose lid MacBook dropped worn,Physical damage,Hinge;Display assembly,90,80.0,Advanced
laptop,Apple,Universal,dented bottom case MacBook dropped logic board damage,Physical damage,Bottom case;Logic board,60,75.0,Advanced
laptop,Apple,Universal,your computer restarted because of a problem kernel panic MacBook,Software issue,RAM;SSD;Logic board;Apple Diagnostics,60,75.0,Intermediate
laptop,Apple,Universal,no bootable device macOS recovery SSD not detected MacBook,Storage failure,SSD;Boot drive;Recovery mode;Disk Utility,60,82.0,Intermediate
laptop,Apple,Universal,the version of macOS is not compatible with this Mac,Software issue,macOS version;Recovery mode;Compatibility,15,95.0,Beginner
laptop,Apple,Universal,battery not detected MacBook connector dead battery,Battery failure,Battery;Battery connector,30,90.0,Beginner
laptop,ASUS,Universal,power LED 1 blink CPU processor failure ASUS soldered,CPU failure,CPU;Motherboard,120,40.0,Advanced
laptop,ASUS,Universal,power LED 2 blinks RAM not detected memory ASUS,RAM failure,RAM;RAM slot,30,90.0,Beginner
laptop,ASUS,Universal,power LED 3 blinks motherboard chipset failure ASUS,Motherboard failure,Motherboard;Chipset,120,45.0,Advanced
laptop,ASUS,Universal,power LED 4 blinks all RAM sticks failed memory subsystem ASUS,RAM failure,RAM;Motherboard,30,80.0,Intermediate
laptop,ASUS,Universal,power LED 5 blinks CMOS battery RTC failure ASUS,CMOS battery failure,CMOS battery;RTC circuit,15,95.0,Beginner
laptop,ASUS,Universal,power LED 6 blinks video GPU graphics failure ASUS,GPU failure,GPU;LCD panel;Motherboard,120,50.0,Advanced
laptop,ASUS,Universal,power LED 7 blinks CPU thermal shutdown overheating ASUS,Cooling system failure,Fan;Heat sink;Thermal paste,45,90.0,Intermediate
laptop,ASUS,Universal,power LED 8 blinks LCD display failure panel cable ASUS,Display failure,LCD panel;LCD cable,60,88.0,Intermediate
laptop,ASUS,Universal,power LED continuous fast blink power rail short voltage regulator,Motherboard failure,Motherboard;Voltage regulator,120,40.0,Advanced
laptop,ASUS,Universal,1 beep pause 2 beeps RAM not detected ASUS memory,RAM failure,RAM;RAM slot,30,90.0,Beginner
laptop,ASUS,Universal,1 beep pause 3 beeps RAM failure read write error ASUS,RAM failure,RAM;RAM slot,30,85.0,Beginner
laptop,ASUS,Universal,1 beep pause 4 beeps battery critically low ASUS,Battery failure,Battery;Charger,15,95.0,Beginner
laptop,ASUS,Universal,2 beeps CMOS battery error ASUS,CMOS battery failure,CMOS battery,15,95.0,Beginner
laptop,ASUS,Universal,3 beeps motherboard chipset failure ASUS,Motherboard failure,Motherboard;Chipset,120,45.0,Advanced
laptop,ASUS,Universal,5 beeps CPU failure ASUS processor,CPU failure,CPU;Motherboard,120,40.0,Advanced
laptop,ASUS,Universal,6 beeps video GPU graphics failure ASUS,GPU failure,GPU;Motherboard,120,50.0,Advanced
laptop,ASUS,Universal,7 beeps CPU thermal shutdown cooling ASUS,Cooling system failure,Fan;Heat sink;Thermal paste,45,90.0,Intermediate
laptop,ASUS,Universal,8 beeps LCD display failure ASUS panel cable,Display failure,LCD panel;LCD cable,60,88.0,Intermediate
laptop,ASUS,Universal,continuous short beeps power rail short ASUS motherboard,Motherboard failure,Motherboard;Power rail,120,40.0,Advanced
laptop,ASUS,Universal,absolutely dead no lights no fan no power ASUS,Power supply failure,Power adapter;DC jack;Battery;EC firmware,60,75.0,Intermediate
laptop,ASUS,Universal,power LED on screen black no logo RAM BIOS GPU ASUS,RAM failure,RAM;BIOS;GPU;LCD,60,78.0,Intermediate
laptop,ASUS,Universal,ASUS turns on fans spin screen black no display,RAM failure,RAM;LCD;GPU;BIOS,60,78.0,Intermediate
laptop,ASUS,Universal,ASUS powers on shuts off 2 to 5 seconds short circuit VRM,Motherboard failure,Motherboard;VRM;CPU,90,55.0,Advanced
laptop,ASUS,Universal,boot loop ASUS turns on off repeatedly corrupt BIOS,BIOS corruption,BIOS;Power IC;Motherboard,60,65.0,Advanced
laptop,ASUS,Universal,ASUS logo appears then black screen corrupt OS drive,Boot failure,OS;HDD;SSD;Drivers,60,80.0,Intermediate
laptop,ASUS,Universal,ASUS hard reset disconnect battery AC hold power 40 seconds,Power supply failure,EC firmware;Battery;Charger,30,80.0,Beginner
laptop,ASUS,Universal,ASUS battery won't charge past 60 percent MyASUS Battery Health Charging Maximum Lifespan Mode,Battery failure,Battery;MyASUS Battery Health Charging;Full Capacity Mode,15,99.0,Beginner
laptop,ASUS,Universal,ASUS battery stops at 80 percent plugged in not charging Balanced Mode,Battery failure,Battery;MyASUS;Balanced Mode;Full Capacity Mode,15,99.0,Beginner
laptop,ASUS,Universal,plugged in not charging ASUS MyASUS battery health feature 60 80,Battery failure,Battery;MyASUS Battery Health Charging,15,98.0,Beginner
laptop,ASUS,Universal,ASUS battery not detected Windows EC frozen hard reset,Battery failure,Battery;Battery connector;EC controller,30,85.0,Beginner
laptop,ASUS,Universal,swollen battery ASUS puffed up trackpad bulging case fire hazard,Battery failure,Battery,15,98.0,Beginner
laptop,ASUS,Universal,ASUS laptop only works plugged in battery completely dead,Battery failure,Battery;Charging circuit;Motherboard,30,88.0,Beginner
laptop,ASUS,Universal,ASUS battery drains fast 30 minutes worn MyASUS health check,Battery failure,Battery;MyASUS Battery Health,15,95.0,Beginner
laptop,ASUS,Universal,ASUS charger LED off dead charger bad DC jack 19V barrel USB-C,Power supply failure,Charger;DC jack;Power adapter,30,85.0,Beginner
laptop,ASUS,Universal,ASUS laptop shuts down 20 30 percent battery calibration dead cell,Battery failure,Battery;Battery calibration,15,90.0,Beginner
laptop,ASUS,Universal,AC adapter wattage not recognized ASUS wrong charger,Power supply failure,Charger;Power adapter;Wattage,15,95.0,Beginner
laptop,ASUS,Universal,battery cannot be identified ASUS communication failure connector,Battery failure,Battery;Battery connector,15,90.0,Beginner
laptop,ASUS,Universal,2 blinks ASUS RAM not detected reseat memory,RAM failure,RAM;RAM slot,30,90.0,Beginner
laptop,ASUS,Universal,Windows shows less RAM than installed ASUS slot bad,RAM failure,RAM;RAM slot,15,90.0,Beginner
laptop,ASUS,Universal,random blue screens different error codes ASUS memory,RAM failure,RAM;RAM slot,30,88.0,Intermediate
laptop,ASUS,Universal,freezes at ASUS logo splash screen RAM BIOS,RAM failure,RAM;BIOS;RAM slot,30,85.0,Intermediate
laptop,ASUS,Universal,soldered RAM failure ZenBook Vivobook motherboard replacement,RAM failure,Motherboard;Soldered RAM,120,45.0,Advanced
laptop,ASUS,Universal,laptop boots freezes heavy load RAM ASUS MyASUS diagnostics,RAM failure,RAM;Cooling;RAM slot,45,82.0,Intermediate
laptop,ASUS,Universal,no bootable device found ASUS black screen no OS F2 BIOS,Storage failure,HDD;SSD;BIOS boot order,60,85.0,Intermediate
laptop,ASUS,Universal,operating system not found ASUS corrupt bootloader boot order,Boot failure,OS;Bootloader;HDD;BIOS,60,85.0,Intermediate
laptop,ASUS,Universal,clicking grinding noise hard drive ASUS mechanical failure,Storage failure,HDD;SATA cable,60,85.0,Intermediate
laptop,ASUS,Universal,very slow boot ASUS MyASUS hardware diagnostics storage test,Storage failure,HDD;SSD;Startup items,90,80.0,Intermediate
laptop,ASUS,Universal,NVMe SSD not detected ASUS Intel RST RAID AHCI SATA mode,Storage failure,NVMe SSD;BIOS SATA mode;Intel RST;M.2 slot,45,82.0,Intermediate
laptop,ASUS,Universal,SMART error on boot ASUS drive predicted to fail,Storage failure,HDD;SSD,30,85.0,Beginner
laptop,ASUS,Universal,SSD detected BIOS not Windows ASUS driver partition corrupt,Storage failure,SSD;Driver;Partition;diskpart,45,78.0,Intermediate
laptop,ASUS,Universal,invalid system disk ASUS boot order wrong drive failing,Storage failure,HDD;SSD;Boot order;BIOS,45,82.0,Intermediate
laptop,ASUS,Universal,screen flickering ASUS ZenBook OLED refresh rate driver,Display failure,LCD panel;GPU driver;Refresh rate,45,85.0,Intermediate
laptop,ASUS,Universal,vertical horizontal lines screen ASUS press bezel cable,Display failure,LCD panel;LCD cable,60,85.0,Intermediate
laptop,ASUS,Universal,screen dim backlight failure ASUS MyASUS LCD test flashlight,Backlight failure,LCD panel;Backlight;Logic board,60,80.0,Intermediate
laptop,ASUS,Universal,external monitor works internal screen black ASUS LCD cable,Display failure,LCD panel;LCD cable;Lid sensor,60,88.0,Intermediate
laptop,ASUS,Universal,touchscreen not working ASUS Vivobook Flip ZenBook Flip driver cable,Trackpad failure,Touch driver;Touch cable;Digitizer,30,85.0,Intermediate
laptop,ASUS,Universal,screen white spots pressure marks physical damage ASUS,Screen damage,LCD panel,45,90.0,Intermediate
laptop,ASUS,Universal,screen goes black moving lid hinge LCD cable Vivobook ASUS,LCD cable failure,LCD cable;Hinge,45,90.0,Intermediate
laptop,ASUS,Universal,8 blinks LCD failure ASUS power LED display panel,Display failure,LCD panel;LCD cable,60,88.0,Intermediate
laptop,ASUS,Universal,OLED burn-in ZenBook Pro ROG static image pixel refresh MyASUS,Screen damage,OLED panel;Pixel refresh;MyASUS,30,80.0,Intermediate
laptop,ASUS,Universal,screen yellow tint color profile failing LCD ASUS calibration,Display failure,LCD panel;Color profile;Display calibration,30,80.0,Intermediate
laptop,ASUS,Universal,screen cracked ASUS ZenBook ROG broken display,Screen damage,LCD panel,60,95.0,Intermediate
laptop,ASUS,Universal,fans loud constantly ASUS dust gaming mode Armoury Crate Turbo,Cooling system failure,Fan;Vents;Thermal paste;Armoury Crate,45,90.0,Beginner
laptop,ASUS,Universal,fan rattling grinding noise ASUS ROG TUF worn bearing left fan,Cooling system failure,Fan,30,90.0,Beginner
laptop,ASUS,Universal,ASUS laptop very hot fan never spins dead fan Armoury Crate curve,Cooling system failure,Fan;Fan connector;Fan curve settings,30,88.0,Intermediate
laptop,ASUS,Universal,sudden shutdown gaming ROG TUF thermal trip CPU GPU overheat,Cooling system failure,Fan;Heat sink;Thermal paste,45,90.0,Intermediate
laptop,ASUS,Universal,thermal error on boot ASUS overheating detected cooling,Cooling system failure,Fan;Heat sink;Thermal paste,45,88.0,Intermediate
laptop,ASUS,Universal,laptop throttles slow FPS games ASUS ROG power limit undervolt,Thermal throttling,CPU;Thermal paste;Fan;Intel XTU;ThrottleStop,45,85.0,Intermediate
laptop,ASUS,Universal,one fan spins other doesn't ASUS ROG 15 inch dead fan,Cooling system failure,Fan;Fan debris,30,90.0,Beginner
laptop,ASUS,Universal,7 blinks CPU thermal shutdown ASUS immediate cooling clean,Cooling system failure,Fan;Heat sink;Thermal paste,45,90.0,Intermediate
laptop,ASUS,Universal,specific keys not working ASUS liquid debris keyboard,Keyboard failure,Keyboard;Ribbon cable;Top cover,45,90.0,Intermediate
laptop,ASUS,Universal,keyboard backlight not working ASUS Fn F3 F4 Armoury Crate,Keyboard failure,Keyboard;Keyboard backlight;Fn key;Armoury Crate,15,90.0,Beginner
laptop,ASUS,Universal,RGB not working ASUS ROG Armoury Crate dead LEDs reinstall,Keyboard failure,Keyboard;RGB LEDs;Armoury Crate;EC firmware,30,85.0,Beginner
laptop,ASUS,Universal,trackpad not responding ASUS disabled Fn F9 F10 driver ZenBook Vivobook,Trackpad failure,Trackpad;Trackpad cable;Driver;Fn key,30,88.0,Beginner
laptop,ASUS,Universal,trackpad buttons stuck ASUS swollen battery physical damage,Trackpad failure,Trackpad;Battery;Palmrest,30,85.0,Beginner
laptop,ASUS,Universal,NumberPad not working ZenBook ASUS driver firmware update,Keyboard failure,NumberPad;ASUS NumberPad driver;Cable,15,90.0,Beginner
laptop,ASUS,Universal,USB port not working ASUS chipset driver dead port,USB failure,USB port;Chipset driver;Motherboard,30,85.0,Beginner
laptop,ASUS,Universal,USB-C port not charging display ASUS firmware update ZenBook ROG,USB failure,USB-C port;USB-C firmware;Motherboard,45,75.0,Advanced
laptop,ASUS,Universal,no sound speakers ASUS audio not working driver Realtek,Audio failure,Speakers;Audio driver;Realtek,30,85.0,Beginner
laptop,ASUS,Universal,crackling distorted audio ASUS Realtek driver enhancements,Audio failure,Speakers;Realtek driver;Audio enhancements,30,85.0,Beginner
laptop,ASUS,Universal,microphone not working ASUS privacy settings driver,Audio failure,Microphone;Privacy settings;Audio driver,15,90.0,Beginner
laptop,ASUS,Universal,no audio output device ASUS Realtek driver reinstall,Audio failure,Audio driver;Realtek;Motherboard audio chip,30,78.0,Intermediate
laptop,ASUS,Universal,wifi adapter not detected ASUS Fn F12 airplane mode driver MediaTek,Network failure,Wifi card;Driver;Airplane mode,30,85.0,Intermediate
laptop,ASUS,Universal,wifi keeps disconnecting ASUS power management Intel Realtek,Network failure,Wifi driver;Power management,15,88.0,Beginner
laptop,ASUS,Universal,bluetooth not working ASUS service driver card,Network failure,Bluetooth driver;Bluetooth service,15,88.0,Beginner
laptop,ASUS,Universal,slow wifi ASUS ROG TUF Killer MediaTek driver update Intel AX210,Network failure,Wifi driver;MediaTek;Killer wifi;Intel AX210 upgrade,15,88.0,Beginner
laptop,ASUS,Universal,Realtek wifi ASUS poor driver slow replace Intel AX210 upgrade,Network failure,Realtek Wifi card;Driver;Intel AX210,30,85.0,Beginner
laptop,ASUS,Universal,Ethernet port not working ASUS Realtek driver bent pins,Network failure,Ethernet port;Realtek driver;Bent pins,30,82.0,Intermediate
laptop,ASUS,Universal,BIOS update failed ASUS won't boot CrashFree BIOS 3 ASUS.CAP USB,BIOS corruption,BIOS;USB ASUS.CAP recovery;CrashFree BIOS 3,60,72.0,Advanced
laptop,ASUS,Universal,ASUS BIOS recovery Ctrl Home Fn Esc power ASUS.CAP FAT32,BIOS corruption,BIOS;USB ASUS.CAP;CrashFree BIOS 3,60,72.0,Advanced
laptop,ASUS,Universal,Secure Boot violation ASUS boot device not signed F2 BIOS disable,BIOS configuration,BIOS settings;Secure Boot,15,95.0,Beginner
laptop,ASUS,Universal,real time clock error ASUS CMOS battery dead F2 BIOS,CMOS battery failure,CMOS battery;RTC circuit,15,95.0,Beginner
laptop,ASUS,Universal,TPM not detected ASUS BitLocker key Microsoft account BIOS,BIOS configuration,TPM;BIOS settings;Microsoft account,30,88.0,Intermediate
laptop,ASUS,Universal,fan always max speed after ASUS BIOS update EC reset fan curve,Cooling system failure,Fan;EC firmware;BIOS fan curve;Armoury Crate,30,85.0,Intermediate
laptop,ASUS,Universal,press F2 enter BIOS stuck ASUS corruption keyboard issue,BIOS corruption,BIOS;Keyboard;CrashFree BIOS 3,45,72.0,Advanced
laptop,ASUS,Universal,CPU fan error ASUS fan not spinning won't boot,Cooling system failure,Fan;Fan connector,30,90.0,Beginner
laptop,ASUS,Universal,low FPS games ROG thermal throttling power limit driver Armoury Crate Turbo,Thermal throttling,CPU;GPU;Thermal paste;Armoury Crate;GPU driver,45,85.0,Intermediate
laptop,ASUS,Universal,RGB lighting not working ROG Armoury Crate crash service restart,Keyboard failure,Armoury Crate;RGB LEDs;EC firmware,30,85.0,Beginner
laptop,ASUS,Universal,screen flickering games ROG GSync FreeSync conflict NVIDIA,Display failure,GSync;FreeSync;NVIDIA driver;LCD panel,30,82.0,Intermediate
laptop,ASUS,Universal,ROG laptop shuts down gaming overheating power adapter too weak 240W,Cooling system failure,Fan;Thermal paste;Charger wattage;Heat sink,45,85.0,Intermediate
laptop,ASUS,Universal,GPU not detected Device Manager ROG driver crash DDU reinstall,GPU failure,GPU;GPU driver;DDU;Motherboard,60,70.0,Advanced
laptop,ASUS,Universal,Turbo mode not working ROG Armoury Crate EC firmware update,Software issue,Armoury Crate;EC firmware,15,88.0,Beginner
laptop,ASUS,Universal,ROG needs 240W charger laptop slow plugged wrong adapter gaming,Power supply failure,Charger;Power adapter wattage;ROG,15,95.0,Beginner
laptop,ASUS,Universal,ZenBook OLED screen flicker refresh rate driver 60Hz,Display failure,OLED panel;GPU driver;Refresh rate,30,85.0,Beginner
laptop,ASUS,Universal,ZenBook NumberPad not working driver firmware MyASUS update,Keyboard failure,NumberPad;ASUS NumberPad driver,15,90.0,Beginner
laptop,ASUS,Universal,ZenBook Flip touchscreen not rotating driver Intel sensor recalibrate,Trackpad failure,Intel sensor driver;Touch driver;Windows calibration,15,90.0,Beginner
laptop,ASUS,Universal,ZenBook USB-C port loose worn replace microsoldering,USB failure,USB-C port;Microsoldering;Motherboard,90,65.0,Advanced
laptop,ASUS,Universal,broken hinge Vivobook ASUS very common plastic cracked lid,Physical damage,Hinge assembly;Lid assembly;Back cover,60,85.0,Intermediate
laptop,ASUS,Universal,Vivobook lid won't stay open hinge broken plastic mount,Physical damage,Hinge assembly;Back cover;Epoxy,60,85.0,Intermediate
laptop,ASUS,Universal,keyboard keys popping off Vivobook cheap mechanism full disassembly,Keyboard failure,Keyboard;Key mechanism;Top cover,45,88.0,Intermediate
laptop,ASUS,Universal,bottom case cracking screw mounts Vivobook plastic stress,Physical damage,Bottom cover;Screw mounts;Washers,30,85.0,Beginner
laptop,ASUS,Universal,liquid spilled ASUS no drain holes upside down battery isopropyl,Liquid damage,Motherboard;Keyboard;Battery;Isopropyl alcohol,120,60.0,Advanced
laptop,ASUS,Universal,broken hinge TUF ASUS metal hinge lid assembly replace,Physical damage,Hinge assembly;Lid assembly,60,85.0,Intermediate
laptop,ASUS,Universal,cracked palmrest ASUS Vivobook dropped bottom cover,Physical damage,Palmrest;Bottom cover;Screws,60,90.0,Intermediate
laptop,ASUS,Universal,broken DC jack ASUS barrel connector loose desolder solder,DC jack failure,DC jack;Motherboard,90,80.0,Advanced
laptop,ASUS,Universal,broken USB-C port ASUS ZenBook physical damage microsoldering,Physical damage,USB-C port;Motherboard,90,65.0,Advanced
laptop,ASUS,Universal,laptop fell dropped ASUS won't turn on cracked motherboard,Motherboard failure,Motherboard;RAM;SSD,120,50.0,Advanced
laptop,Acer,Universal,1 beep pause 1 beep 1-1 CMOS battery failure RTC Acer,CMOS battery failure,CMOS battery;RTC circuit,15,95.0,Beginner
laptop,Acer,Universal,1 beep pause 2 beeps 1-2 motherboard chipset failure Acer,Motherboard failure,Motherboard;Chipset,120,45.0,Advanced
laptop,Acer,Universal,1 beep pause 3 beeps 1-3 RAM failure first bank Acer memory,RAM failure,RAM;RAM slot,30,90.0,Beginner
laptop,Acer,Universal,1 beep pause 4 beeps 1-4 RAM failure second bank slot Acer,RAM failure,RAM;RAM slot,30,88.0,Beginner
laptop,Acer,Universal,1 beep pause 5 beeps 1-5 real time clock RTC failure Acer,CMOS battery failure,CMOS battery;RTC circuit;Motherboard,15,90.0,Beginner
laptop,Acer,Universal,1 beep pause 6 beeps 1-6 video GPU graphics failure Acer,GPU failure,GPU;LCD panel;Motherboard,120,50.0,Advanced
laptop,Acer,Universal,1 beep pause 7 beeps 1-7 CPU processor failure Acer soldered,CPU failure,CPU;Motherboard,120,40.0,Advanced
laptop,Acer,Universal,2 beeps RAM not detected Acer memory reseat,RAM failure,RAM;RAM slot,30,90.0,Beginner
laptop,Acer,Universal,3 beeps motherboard critical failure Acer system board,Motherboard failure,Motherboard,120,45.0,Advanced
laptop,Acer,Universal,4 beeps timer counter failure Acer motherboard chipset,Motherboard failure,Motherboard;Chipset,120,45.0,Advanced
laptop,Acer,Universal,5 beeps CPU failure Acer processor motherboard,CPU failure,CPU;Motherboard,120,40.0,Advanced
laptop,Acer,Universal,6 beeps keyboard controller failure Acer EC keyboard,Keyboard failure,EC controller;Keyboard;Motherboard,60,65.0,Advanced
laptop,Acer,Universal,7 beeps CPU exception error Acer overheating thermal,Cooling system failure,Fan;Heat sink;Thermal paste;CPU,45,80.0,Intermediate
laptop,Acer,Universal,8 beeps LCD display failure Acer panel cable,Display failure,LCD panel;LCD cable,60,88.0,Intermediate
laptop,Acer,Universal,9 beeps BIOS corruption Acer recovery needed Fn Esc,BIOS corruption,BIOS chip;USB recovery;Fn+Esc,60,70.0,Advanced
laptop,Acer,Universal,10 beeps CMOS shutdown Acer battery motherboard,CMOS battery failure,CMOS battery;Motherboard,15,85.0,Intermediate
laptop,Acer,Universal,continuous short beeps power rail short Acer motherboard voltage,Motherboard failure,Motherboard;Voltage regulator,120,40.0,Advanced
laptop,Acer,Universal,Acer power LED on no fan no display motherboard dead EC frozen,Motherboard failure,Motherboard;EC firmware,90,55.0,Advanced
laptop,Acer,Universal,Acer power LED on fan spins black screen no beeps RAM GPU BIOS,RAM failure,RAM;GPU;BIOS;LCD,60,78.0,Intermediate
laptop,Acer,Universal,Acer power LED blinks fast 3 times per second power delivery failure,Power supply failure,Charger;DC jack;Motherboard,45,75.0,Intermediate
laptop,Acer,Universal,Acer power LED turns on then immediately off short circuit,Motherboard failure,Motherboard;Short circuit;Peripherals,90,55.0,Advanced
laptop,Acer,Universal,absolutely dead no lights no fan no beeps Acer dead,Power supply failure,Power adapter;DC jack;Battery;EC firmware,60,75.0,Intermediate
laptop,Acer,Universal,Acer turns on shuts off after 2 to 3 seconds short circuit VRM,Motherboard failure,Motherboard;VRM;CPU;RAM;SSD,90,55.0,Advanced
laptop,Acer,Universal,boot loop Acer turns on off repeatedly corrupt BIOS power IC,BIOS corruption,BIOS;Power IC;Motherboard,60,65.0,Advanced
laptop,Acer,Universal,Acer logo then black screen corrupt OS drive driver Safe Mode,Boot failure,OS;HDD;SSD;Drivers;Alt+F10 recovery,60,80.0,Intermediate
laptop,Acer,Universal,no bootable device black screen Acer HDD SSD F2 BIOS,Storage failure,HDD;SSD;BIOS boot order,60,85.0,Intermediate
laptop,Acer,Universal,Acer hard reset disconnect battery AC hold power 30 seconds,Power supply failure,EC firmware;Battery;Charger,30,80.0,Beginner
laptop,Acer,Universal,Acer press F2 BIOS stuck corruption keyboard issue recovery,BIOS corruption,BIOS;Keyboard;Fn+Esc recovery,45,70.0,Advanced
laptop,Acer,Universal,Acer battery won't charge past 80 percent Acer Care Center Battery Health feature,Battery failure,Battery;Acer Care Center;Battery Health;Full charge,15,99.0,Beginner
laptop,Acer,Universal,Acer battery charging limit 80% stops not a bug Acer Care Center feature,Battery failure,Battery;Acer Care Center;Charging Limit,15,99.0,Beginner
laptop,Acer,Universal,plugged in not charging Acer Care Center battery health 80 limit disable,Battery failure,Battery;Acer Care Center Battery Health,15,98.0,Beginner
laptop,Acer,Universal,Acer battery not detected Windows EC frozen hard reset 30 sec,Battery failure,Battery;Battery connector;EC controller,30,85.0,Beginner
laptop,Acer,Universal,swollen battery Acer puffed up trackpad bulging case fire hazard,Battery failure,Battery,15,98.0,Beginner
laptop,Acer,Universal,Acer only works plugged in battery dead completely,Battery failure,Battery;Charging circuit;Motherboard,30,88.0,Beginner
laptop,Acer,Universal,Acer battery drains fast 30 minutes worn Acer Care Center health,Battery failure,Battery;Acer Care Center Battery Health,15,95.0,Beginner
laptop,Acer,Universal,Acer charger LED off dead charger bad DC jack 19V barrel,Power supply failure,Charger;DC jack;Power adapter,30,85.0,Beginner
laptop,Acer,Universal,Acer shuts down 20 30 percent battery calibration dead cell,Battery failure,Battery;Battery calibration;Acer Care Center,15,90.0,Beginner
laptop,Acer,Universal,CMOS Battery Low message Acer CR2032 replace,CMOS battery failure,CMOS battery,15,95.0,Beginner
laptop,Acer,Universal,battery cannot be identified Acer communication failure connector,Battery failure,Battery;Battery connector,15,90.0,Beginner
laptop,Acer,Universal,1-1 beeps Acer CMOS battery failure RTC CR2032,CMOS battery failure,CMOS battery,15,95.0,Beginner
laptop,Acer,Universal,1-3 beeps RAM failure first bank Acer Aspire reseat,RAM failure,RAM;RAM slot,30,90.0,Beginner
laptop,Acer,Universal,1-4 beeps RAM failure second bank slot Acer test,RAM failure,RAM;RAM slot,30,88.0,Beginner
laptop,Acer,Universal,2 beeps RAM not detected Acer reseat clean contacts,RAM failure,RAM;RAM slot,30,90.0,Beginner
laptop,Acer,Universal,Windows shows less RAM Acer slot bad 32-bit OS,RAM failure,RAM;RAM slot,15,90.0,Beginner
laptop,Acer,Universal,random blue screens different codes Acer intermittent RAM,RAM failure,RAM;RAM slot,30,88.0,Intermediate
laptop,Acer,Universal,freezes at Acer logo splash screen RAM BIOS,RAM failure,RAM;BIOS;RAM slot,30,85.0,Intermediate
laptop,Acer,Universal,soldered RAM failure Acer Swift Spin motherboard replacement,RAM failure,Motherboard;Soldered RAM,120,45.0,Advanced
laptop,Acer,Universal,laptop boots freezes under load Acer RAM memory diagnostic,RAM failure,RAM;Cooling;RAM slot,45,82.0,Intermediate
laptop,Acer,Universal,no bootable device found Acer F2 BIOS drive not detected,Storage failure,HDD;SSD;BIOS boot order;SATA cable,60,85.0,Intermediate
laptop,Acer,Universal,operating system not found Acer corrupt bootloader boot order,Boot failure,OS;Bootloader;HDD;BIOS,60,85.0,Intermediate
laptop,Acer,Universal,clicking grinding noise hard drive Acer mechanical failure,Storage failure,HDD;SATA cable,60,85.0,Intermediate
laptop,Acer,Universal,very slow boot 5 minutes Acer CHKDSK SMART replace SSD,Storage failure,HDD;SSD;Startup items;SMART,90,80.0,Intermediate
laptop,Acer,Universal,NVMe SSD not detected Acer Intel RST RAID AHCI SATA mode F2,Storage failure,NVMe SSD;BIOS SATA mode;Intel RST;M.2 slot,45,82.0,Intermediate
laptop,Acer,Universal,SMART error on boot Acer drive predicted to fail backup,Storage failure,HDD;SSD,30,85.0,Beginner
laptop,Acer,Universal,Acer logo spinning dots forever failing drive OS Alt F10,Storage failure,HDD;SSD;OS;Acer Recovery Management,90,78.0,Intermediate
laptop,Acer,Universal,SSD detected BIOS not Windows Acer driver partition diskpart,Storage failure,SSD;Driver;Partition;diskpart,45,78.0,Intermediate
laptop,Acer,Universal,screen flickering Acer Swift driver refresh rate Intel AMD NVIDIA,Display failure,LCD panel;GPU driver;Refresh rate,45,85.0,Intermediate
laptop,Acer,Universal,vertical horizontal lines screen Acer press bezel cable LCD,Display failure,LCD panel;LCD cable,60,85.0,Intermediate
laptop,Acer,Universal,screen dim backlight failure Acer flashlight image visible,Backlight failure,LCD panel;Backlight;Logic board,60,80.0,Intermediate
laptop,Acer,Universal,external monitor works internal screen black Acer LCD cable lid,Display failure,LCD panel;LCD cable;Lid sensor,60,88.0,Intermediate
laptop,Acer,Universal,touchscreen not working Acer Spin Aspire R driver cable digitizer,Trackpad failure,Touch driver;Touch cable;Digitizer,30,85.0,Intermediate
laptop,Acer,Universal,screen white spots pressure marks physical damage Acer,Screen damage,LCD panel,45,90.0,Intermediate
laptop,Acer,Universal,screen goes black moving lid hinge LCD cable Aspire Acer,LCD cable failure,LCD cable;Hinge,45,90.0,Intermediate
laptop,Acer,Universal,8 beeps LCD failure Acer display panel cable,Display failure,LCD panel;LCD cable,60,88.0,Intermediate
laptop,Acer,Universal,1-6 beeps GPU failure Acer external monitor test,GPU failure,GPU;LCD panel;Motherboard,90,60.0,Advanced
laptop,Acer,Universal,screen yellow pink tint Acer color profile failing LCD calibrate,Display failure,LCD panel;Color profile;Display calibration,30,80.0,Intermediate
laptop,Acer,Universal,screen cracked Acer Aspire Swift replace LCD panel,Screen damage,LCD panel,60,95.0,Intermediate
laptop,Acer,Universal,fans loud constantly Acer dust CPU usage PredatorSense NitroSense,Cooling system failure,Fan;Vents;Thermal paste;PredatorSense;NitroSense,45,90.0,Beginner
laptop,Acer,Universal,fan rattling grinding noise Acer Nitro worn bearing replace,Cooling system failure,Fan,30,90.0,Beginner
laptop,Acer,Universal,Acer hot fan never spins dead fan PredatorSense NitroSense curve,Cooling system failure,Fan;Fan connector;Fan curve,30,88.0,Intermediate
laptop,Acer,Universal,sudden shutdown gaming Predator Nitro thermal trip CPU GPU,Cooling system failure,Fan;Heat sink;Thermal paste,45,90.0,Intermediate
laptop,Acer,Universal,thermal error boot Acer overheating detected clean cooling,Cooling system failure,Fan;Heat sink;Thermal paste,45,88.0,Intermediate
laptop,Acer,Universal,laptop throttles low FPS Acer Predator Nitro power limit thermal,Thermal throttling,CPU;Thermal paste;Fan;ThrottleStop,45,85.0,Intermediate
laptop,Acer,Universal,one fan spins other doesn't Acer Predator 15 17 dead fan,Cooling system failure,Fan;Fan debris,30,90.0,Beginner
laptop,Acer,Universal,7 beeps CPU exception overheating Acer clean cooling repaste,Cooling system failure,Fan;Heat sink;Thermal paste;CPU,45,88.0,Intermediate
laptop,Acer,Universal,CPU fan error Acer Predator Nitro fan not spinning won't boot,Cooling system failure,Fan;Fan connector,30,90.0,Beginner
laptop,Acer,Universal,specific keys not working Acer liquid debris keyboard,Keyboard failure,Keyboard;Ribbon cable;Top cover,45,90.0,Intermediate
laptop,Acer,Universal,keyboard backlight not working Acer Fn F8 F9 Aspire Predator,Keyboard failure,Keyboard;Keyboard backlight;Fn key,15,90.0,Beginner
laptop,Acer,Universal,trackpad not responding Acer disabled Fn F7 driver Aspire Swift,Trackpad failure,Trackpad;Trackpad cable;Driver;Fn key,30,88.0,Beginner
laptop,Acer,Universal,trackpad buttons stuck Acer swollen battery physical damage,Trackpad failure,Trackpad;Battery;Palmrest,30,85.0,Beginner
laptop,Acer,Universal,6 beeps keyboard controller failure Acer EC reseat cable,Keyboard failure,EC controller;Keyboard;Ribbon cable,60,65.0,Advanced
laptop,Acer,Universal,USB port not working Acer chipset driver dead port,USB failure,USB port;Chipset driver;Motherboard,30,85.0,Beginner
laptop,Acer,Universal,USB-C port not charging display Acer Swift firmware update,USB failure,USB-C port;USB-C firmware;Motherboard,45,75.0,Advanced
laptop,Acer,Universal,headphone jack not working Acer dirty jack Realtek driver,Audio failure,Headphone jack;Realtek driver;Audio board,15,90.0,Beginner
laptop,Acer,Universal,no sound speakers Acer audio not working Realtek driver,Audio failure,Speakers;Audio driver;Realtek,30,85.0,Beginner
laptop,Acer,Universal,crackling distorted sound Acer Realtek driver audio enhancements,Audio failure,Speakers;Realtek driver;Audio enhancements,30,85.0,Beginner
laptop,Acer,Universal,microphone not working Acer privacy settings driver,Audio failure,Microphone;Privacy settings;Audio driver,15,90.0,Beginner
laptop,Acer,Universal,no audio output device installed Acer Realtek reinstall,Audio failure,Audio driver;Realtek;Motherboard audio chip,30,78.0,Intermediate
laptop,Acer,Universal,wifi adapter not detected Acer Fn F3 airplane mode driver Qualcomm,Network failure,Wifi card;Driver;Airplane mode;Qualcomm;Realtek,30,85.0,Intermediate
laptop,Acer,Universal,wifi keeps disconnecting Acer power management driver Realtek,Network failure,Wifi driver;Power management,15,88.0,Beginner
laptop,Acer,Universal,bluetooth not working Acer service driver card,Network failure,Bluetooth driver;Bluetooth service,15,88.0,Beginner
laptop,Acer,Universal,slow wifi Acer budget Realtek Qualcomm driver update Intel AX210,Network failure,Realtek Wifi;Qualcomm Wifi;Driver;Intel AX210 upgrade,15,88.0,Beginner
laptop,Acer,Universal,Killer wifi Predator driver suite problems uninstall reinstall,Network failure,Killer Wifi driver;Killer Performance Suite,15,88.0,Beginner
laptop,Acer,Universal,Ethernet port not working Acer Realtek driver bent pins,Network failure,Ethernet port;Realtek driver;Bent pins,30,82.0,Intermediate
laptop,Acer,Universal,BIOS update failed Acer Fn Esc recovery BIOS file FAT32 USB,BIOS corruption,BIOS;USB recovery;Fn+Esc;FAT32,60,70.0,Advanced
laptop,Acer,Universal,9 beeps BIOS corruption Acer recovery Fn Esc power BIOS file,BIOS corruption,BIOS;USB recovery;Fn+Esc,60,70.0,Advanced
laptop,Acer,Universal,Secure Boot violation Acer F2 BIOS disable Secure Boot,BIOS configuration,BIOS settings;Secure Boot,15,95.0,Beginner
laptop,Acer,Universal,real time clock error 1-5 beeps Acer CMOS battery CR2032,CMOS battery failure,CMOS battery;RTC circuit,15,95.0,Beginner
laptop,Acer,Universal,TPM not detected Acer BitLocker key Microsoft account BIOS,BIOS configuration,TPM;BIOS settings;Microsoft account,30,88.0,Intermediate
laptop,Acer,Universal,invalid system disk Acer boot order wrong drive failing F2,Storage failure,HDD;SSD;Boot order;BIOS,45,82.0,Intermediate
laptop,Acer,Universal,Alt F10 Acer factory recovery management boot restore,Software issue,OS;Acer Recovery Management;Factory reset,30,85.0,Beginner
laptop,Acer,Universal,low FPS games Predator Nitro thermal throttle driver PredatorSense Turbo,Thermal throttling,CPU;GPU;Thermal paste;PredatorSense;GPU driver,45,85.0,Intermediate
laptop,Acer,Universal,RGB lighting not working Predator PredatorSense crash service,Keyboard failure,PredatorSense;RGB LEDs;EC firmware,30,85.0,Beginner
laptop,Acer,Universal,screen flickering games Predator GSync FreeSync NVIDIA driver,Display failure,GSync;FreeSync;NVIDIA driver;LCD panel,30,82.0,Intermediate
laptop,Acer,Universal,Predator shuts down gaming overheating adapter too weak 180W 230W,Cooling system failure,Fan;Thermal paste;Charger wattage;Heat sink,45,85.0,Intermediate
laptop,Acer,Universal,GPU not detected Predator Nitro Device Manager DDU reinstall driver,GPU failure,GPU;GPU driver;DDU;Motherboard,60,70.0,Advanced
laptop,Acer,Universal,Turbo mode not working PredatorSense NitroSense EC firmware update,Software issue,PredatorSense;NitroSense;EC firmware,15,88.0,Beginner
laptop,Acer,Universal,Nitro fan always 100 percent dust fan curve failed sensor,Cooling system failure,Fan;Fan curve;Temperature sensor,30,88.0,Beginner
laptop,Acer,Universal,Predator needs 180W 230W charger slow wrong adapter gaming,Power supply failure,Charger;Power adapter wattage;Predator,15,95.0,Beginner
laptop,Acer,Universal,broken hinge Aspire Acer very common plastic cracked lid won't stay,Physical damage,Hinge assembly;Lid assembly;Back cover,60,85.0,Intermediate
laptop,Acer,Universal,Aspire lid loose hinge cracked plastic mount open from center,Physical damage,Hinge assembly;Back cover;Bottom case,60,85.0,Intermediate
laptop,Acer,Universal,Acer bottom case cracked near hinge screw mount Aspire stress,Physical damage,Bottom cover;Hinge;Screw mounts,45,85.0,Beginner
laptop,Acer,Universal,Acer Swift screen flicker OLED driver refresh rate update,Display failure,OLED panel;GPU driver;Refresh rate,30,85.0,Beginner
laptop,Acer,Universal,Acer Swift battery swelling thin chassis heat,Battery failure,Battery,15,98.0,Beginner
laptop,Acer,Universal,Acer Swift USB-C port loose not working firmware update replace,USB failure,USB-C port;USB-C firmware;Microsoldering,45,75.0,Advanced
laptop,Acer,Universal,Acer Spin hinge failure 360 degree convertible stress replace,Physical damage,Hinge assembly;Lid assembly,60,85.0,Intermediate
laptop,Acer,Universal,Acer Spin touchscreen not working driver cable digitizer,Trackpad failure,Touch driver;Touch cable;Digitizer,30,85.0,Intermediate
laptop,Acer,Universal,Acer Spin screen rotation not working driver Intel sensor,Software issue,Intel Sensor driver;Windows calibration;Touch driver,15,90.0,Beginner
laptop,Acer,Universal,Acer Spin pen stylus not working battery dead pairing Bluetooth,Software issue,Pen battery;Bluetooth pairing;Stylus,15,90.0,Beginner
laptop,Acer,Universal,Acer TravelMate docking station not working driver firmware connector,USB failure,Docking station;Driver;Firmware;Connector pins,45,80.0,Intermediate
laptop,Acer,Universal,Acer TravelMate fingerprint reader not working Windows Hello driver,Software issue,Fingerprint reader;Windows Hello;Driver,15,90.0,Beginner
laptop,Acer,Universal,Acer TravelMate battery drains overnight wake on LAN USB charging,Battery failure,Wake on LAN;USB charging;Power settings,15,90.0,Beginner
laptop,Acer,Universal,liquid spilled Acer no drain holes upside down battery isopropyl,Liquid damage,Motherboard;Keyboard;Battery;Isopropyl alcohol,120,60.0,Advanced
laptop,Acer,Universal,broken hinge Nitro Acer metal hinge lid assembly replace,Physical damage,Hinge assembly;Lid assembly,60,85.0,Intermediate
laptop,Acer,Universal,cracked palmrest Acer Aspire dropped bottom cover replace,Physical damage,Palmrest;Bottom cover;Screws,60,90.0,Intermediate
laptop,Acer,Universal,broken DC jack Aspire Acer barrel connector common loose desolder,DC jack failure,DC jack;Motherboard,90,80.0,Advanced
laptop,Acer,Universal,broken USB-C port Acer Swift physical damage microsoldering,Physical damage,USB-C port;Motherboard,90,65.0,Advanced
laptop,Acer,Universal,laptop fell dropped Acer won't turn on cracked motherboard,Motherboard failure,Motherboard;RAM;SSD,120,50.0,Advanced
smartphone,Apple,iPhone 16 Pro Max,won't turn on no power dead phone,Power supply failure,Battery;Charging port;Power IC,45,88.0,Intermediate
smartphone,Apple,iPhone 16 Pro Max,dead battery drains fast not charging,Battery failure,Battery;Charging port,40,95.0,Beginner
smartphone,Apple,iPhone 16 Pro Max,cracked screen broken display glass shattered,Screen damage,Display;Touch digitizer;Front glass,60,94.0,Advanced
smartphone,Apple,iPhone 16 Pro Max,touch not working unresponsive screen,Touch failure,Touch digitizer;Display;Flex cable,55,90.0,Advanced
smartphone,Apple,iPhone 16 Pro Max,slow performance lag freezing apps crash,Software issue,RAM;Processor;Storage,30,88.0,Beginner
smartphone,Apple,iPhone 16 Pro Max,overheating phone gets very hot burns,Cooling system failure,Processor;Battery;Thermal pad,45,85.0,Intermediate
smartphone,Apple,iPhone 16 Pro Max,wifi not connecting no internet bluetooth,Network failure,Wifi chip;Antenna;Bluetooth module,35,90.0,Intermediate
smartphone,Apple,iPhone 16 Pro Max,no sound speaker audio crackling,Audio failure,Speaker;Audio IC;Earpiece,30,88.0,Beginner
smartphone,Apple,iPhone 16 Pro Max,camera not working blurry photos black camera,Camera failure,Camera module;Lens;Camera flex cable,50,92.0,Advanced
smartphone,Apple,iPhone 16 Pro Max,charging port loose not charging properly,DC jack failure,Charging port;Flex cable;Battery,45,93.0,Intermediate
smartphone,Apple,iPhone 16 Pro Max,water damage liquid spill phone got wet,Liquid damage,Motherboard;Battery;Display;Speaker,90,65.0,Advanced
smartphone,Apple,iPhone 16 Pro Max,phone keeps restarting boot loop crash,Boot failure,Storage;Motherboard;Operating system,60,80.0,Advanced
smartphone,Apple,iPhone 16 Pro Max,microphone not working cant hear me on calls,Audio failure,Microphone;Audio IC;Flex cable,35,88.0,Intermediate
smartphone,Apple,iPhone 16 Pro Max,fingerprint sensor not working biometrics,Physical damage,Fingerprint sensor;Flex cable;Home button,40,85.0,Intermediate
smartphone,Apple,iPhone 16 Pro Max,gps not working location inaccurate,Network failure,GPS antenna;Motherboard;Firmware,30,82.0,Intermediate
smartphone,Apple,iPhone 16 Pro Max,face id not working facial recognition,Camera failure,IR camera;Dot projector;Flood illuminator,55,78.0,Advanced
smartphone,Apple,iPhone 16 Pro Max,sim card not detected no signal no service,Network failure,SIM tray;SIM reader;Antenna;Motherboard,40,88.0,Intermediate
smartphone,Apple,iPhone 16 Pro Max,vibration motor not working no haptic feedback,Physical damage,Vibration motor;Taptic engine;Flex cable,35,92.0,Beginner
smartphone,Apple,iPhone 16 Pro,won't turn on no power dead phone,Power supply failure,Battery;Charging port;Power IC,45,88.0,Intermediate
smartphone,Apple,iPhone 16 Pro,dead battery drains fast not charging,Battery failure,Battery;Charging port,40,95.0,Beginner
smartphone,Apple,iPhone 16 Pro,cracked screen broken display glass shattered,Screen damage,Display;Touch digitizer;Front glass,60,94.0,Advanced
smartphone,Apple,iPhone 16 Pro,touch not working unresponsive screen,Touch failure,Touch digitizer;Display;Flex cable,55,90.0,Advanced
smartphone,Apple,iPhone 16 Pro,slow performance lag freezing apps crash,Software issue,RAM;Processor;Storage,30,88.0,Beginner
smartphone,Apple,iPhone 16 Pro,overheating phone gets very hot burns,Cooling system failure,Processor;Battery;Thermal pad,45,85.0,Intermediate
smartphone,Apple,iPhone 16 Pro,wifi not connecting no internet bluetooth,Network failure,Wifi chip;Antenna;Bluetooth module,35,90.0,Intermediate
smartphone,Apple,iPhone 16 Pro,no sound speaker audio crackling,Audio failure,Speaker;Audio IC;Earpiece,30,88.0,Beginner
smartphone,Apple,iPhone 16 Pro,camera not working blurry photos black camera,Camera failure,Camera module;Lens;Camera flex cable,50,92.0,Advanced
smartphone,Apple,iPhone 16 Pro,charging port loose not charging properly,DC jack failure,Charging port;Flex cable;Battery,45,93.0,Intermediate
smartphone,Apple,iPhone 16 Pro,water damage liquid spill phone got wet,Liquid damage,Motherboard;Battery;Display;Speaker,90,65.0,Advanced
smartphone,Apple,iPhone 16 Pro,phone keeps restarting boot loop crash,Boot failure,Storage;Motherboard;Operating system,60,80.0,Advanced
smartphone,Apple,iPhone 16 Pro,microphone not working cant hear me on calls,Audio failure,Microphone;Audio IC;Flex cable,35,88.0,Intermediate
smartphone,Apple,iPhone 16 Pro,fingerprint sensor not working biometrics,Physical damage,Fingerprint sensor;Flex cable;Home button,40,85.0,Intermediate
smartphone,Apple,iPhone 16 Pro,gps not working location inaccurate,Network failure,GPS antenna;Motherboard;Firmware,30,82.0,Intermediate
smartphone,Apple,iPhone 16 Pro,face id not working facial recognition,Camera failure,IR camera;Dot projector;Flood illuminator,55,78.0,Advanced
smartphone,Apple,iPhone 16 Pro,sim card not detected no signal no service,Network failure,SIM tray;SIM reader;Antenna;Motherboard,40,88.0,Intermediate
smartphone,Apple,iPhone 16 Pro,vibration motor not working no haptic feedback,Physical damage,Vibration motor;Taptic engine;Flex cable,35,92.0,Beginner
smartphone,Apple,iPhone 15 Pro Max,won't turn on no power dead phone,Power supply failure,Battery;Charging port;Power IC,45,88.0,Intermediate
smartphone,Apple,iPhone 15 Pro Max,dead battery drains fast not charging,Battery failure,Battery;Charging port,40,95.0,Beginner
smartphone,Apple,iPhone 15 Pro Max,cracked screen broken display glass shattered,Screen damage,Display;Touch digitizer;Front glass,60,94.0,Advanced
smartphone,Apple,iPhone 15 Pro Max,touch not working unresponsive screen,Touch failure,Touch digitizer;Display;Flex cable,55,90.0,Advanced
smartphone,Apple,iPhone 15 Pro Max,slow performance lag freezing apps crash,Software issue,RAM;Processor;Storage,30,88.0,Beginner
smartphone,Apple,iPhone 15 Pro Max,overheating phone gets very hot burns,Cooling system failure,Processor;Battery;Thermal pad,45,85.0,Intermediate
smartphone,Apple,iPhone 15 Pro Max,wifi not connecting no internet bluetooth,Network failure,Wifi chip;Antenna;Bluetooth module,35,90.0,Intermediate
smartphone,Apple,iPhone 15 Pro Max,no sound speaker audio crackling,Audio failure,Speaker;Audio IC;Earpiece,30,88.0,Beginner
smartphone,Apple,iPhone 15 Pro Max,camera not working blurry photos black camera,Camera failure,Camera module;Lens;Camera flex cable,50,92.0,Advanced
smartphone,Apple,iPhone 15 Pro Max,charging port loose not charging properly,DC jack failure,Charging port;Flex cable;Battery,45,93.0,Intermediate
smartphone,Apple,iPhone 15 Pro Max,water damage liquid spill phone got wet,Liquid damage,Motherboard;Battery;Display;Speaker,90,65.0,Advanced
smartphone,Apple,iPhone 15 Pro Max,phone keeps restarting boot loop crash,Boot failure,Storage;Motherboard;Operating system,60,80.0,Advanced
smartphone,Apple,iPhone 15 Pro Max,microphone not working cant hear me on calls,Audio failure,Microphone;Audio IC;Flex cable,35,88.0,Intermediate
smartphone,Apple,iPhone 15 Pro Max,fingerprint sensor not working biometrics,Physical damage,Fingerprint sensor;Flex cable;Home button,40,85.0,Intermediate
smartphone,Apple,iPhone 15 Pro Max,gps not working location inaccurate,Network failure,GPS antenna;Motherboard;Firmware,30,82.0,Intermediate
smartphone,Apple,iPhone 15 Pro Max,face id not working facial recognition,Camera failure,IR camera;Dot projector;Flood illuminator,55,78.0,Advanced
smartphone,Apple,iPhone 15 Pro Max,sim card not detected no signal no service,Network failure,SIM tray;SIM reader;Antenna;Motherboard,40,88.0,Intermediate
smartphone,Apple,iPhone 15 Pro Max,vibration motor not working no haptic feedback,Physical damage,Vibration motor;Taptic engine;Flex cable,35,92.0,Beginner
smartphone,Apple,iPhone 15,won't turn on no power dead phone,Power supply failure,Battery;Charging port;Power IC,45,88.0,Intermediate
smartphone,Apple,iPhone 15,dead battery drains fast not charging,Battery failure,Battery;Charging port,40,95.0,Beginner
smartphone,Apple,iPhone 15,cracked screen broken display glass shattered,Screen damage,Display;Touch digitizer;Front glass,60,94.0,Advanced
smartphone,Apple,iPhone 15,touch not working unresponsive screen,Touch failure,Touch digitizer;Display;Flex cable,55,90.0,Advanced
smartphone,Apple,iPhone 15,slow performance lag freezing apps crash,Software issue,RAM;Processor;Storage,30,88.0,Beginner
smartphone,Apple,iPhone 15,overheating phone gets very hot burns,Cooling system failure,Processor;Battery;Thermal pad,45,85.0,Intermediate
smartphone,Apple,iPhone 15,wifi not connecting no internet bluetooth,Network failure,Wifi chip;Antenna;Bluetooth module,35,90.0,Intermediate
smartphone,Apple,iPhone 15,no sound speaker audio crackling,Audio failure,Speaker;Audio IC;Earpiece,30,88.0,Beginner
smartphone,Apple,iPhone 15,camera not working blurry photos black camera,Camera failure,Camera module;Lens;Camera flex cable,50,92.0,Advanced
smartphone,Apple,iPhone 15,charging port loose not charging properly,DC jack failure,Charging port;Flex cable;Battery,45,93.0,Intermediate
smartphone,Apple,iPhone 15,water damage liquid spill phone got wet,Liquid damage,Motherboard;Battery;Display;Speaker,90,65.0,Advanced
smartphone,Apple,iPhone 15,phone keeps restarting boot loop crash,Boot failure,Storage;Motherboard;Operating system,60,80.0,Advanced
smartphone,Apple,iPhone 15,microphone not working cant hear me on calls,Audio failure,Microphone;Audio IC;Flex cable,35,88.0,Intermediate
smartphone,Apple,iPhone 15,fingerprint sensor not working biometrics,Physical damage,Fingerprint sensor;Flex cable;Home button,40,85.0,Intermediate
smartphone,Apple,iPhone 15,gps not working location inaccurate,Network failure,GPS antenna;Motherboard;Firmware,30,82.0,Intermediate
smartphone,Apple,iPhone 15,face id not working facial recognition,Camera failure,IR camera;Dot projector;Flood illuminator,55,78.0,Advanced
smartphone,Apple,iPhone 15,sim card not detected no signal no service,Network failure,SIM tray;SIM reader;Antenna;Motherboard,40,88.0,Intermediate
smartphone,Apple,iPhone 15,vibration motor not working no haptic feedback,Physical damage,Vibration motor;Taptic engine;Flex cable,35,92.0,Beginner
smartphone,Apple,iPhone 14 Pro,won't turn on no power dead phone,Power supply failure,Battery;Charging port;Power IC,45,88.0,Intermediate
smartphone,Apple,iPhone 14 Pro,dead battery drains fast not charging,Battery failure,Battery;Charging port,40,95.0,Beginner
smartphone,Apple,iPhone 14 Pro,cracked screen broken display glass shattered,Screen damage,Display;Touch digitizer;Front glass,60,94.0,Advanced
smartphone,Apple,iPhone 14 Pro,touch not working unresponsive screen,Touch failure,Touch digitizer;Display;Flex cable,55,90.0,Advanced
smartphone,Apple,iPhone 14 Pro,slow performance lag freezing apps crash,Software issue,RAM;Processor;Storage,30,88.0,Beginner
smartphone,Apple,iPhone 14 Pro,overheating phone gets very hot burns,Cooling system failure,Processor;Battery;Thermal pad,45,85.0,Intermediate
smartphone,Apple,iPhone 14 Pro,wifi not connecting no internet bluetooth,Network failure,Wifi chip;Antenna;Bluetooth module,35,90.0,Intermediate
smartphone,Apple,iPhone 14 Pro,no sound speaker audio crackling,Audio failure,Speaker;Audio IC;Earpiece,30,88.0,Beginner
smartphone,Apple,iPhone 14 Pro,camera not working blurry photos black camera,Camera failure,Camera module;Lens;Camera flex cable,50,92.0,Advanced
smartphone,Apple,iPhone 14 Pro,charging port loose not charging properly,DC jack failure,Charging port;Flex cable;Battery,45,93.0,Intermediate
smartphone,Apple,iPhone 14 Pro,water damage liquid spill phone got wet,Liquid damage,Motherboard;Battery;Display;Speaker,90,65.0,Advanced
smartphone,Apple,iPhone 14 Pro,phone keeps restarting boot loop crash,Boot failure,Storage;Motherboard;Operating system,60,80.0,Advanced
smartphone,Apple,iPhone 14 Pro,microphone not working cant hear me on calls,Audio failure,Microphone;Audio IC;Flex cable,35,88.0,Intermediate
smartphone,Apple,iPhone 14 Pro,fingerprint sensor not working biometrics,Physical damage,Fingerprint sensor;Flex cable;Home button,40,85.0,Intermediate
smartphone,Apple,iPhone 14 Pro,gps not working location inaccurate,Network failure,GPS antenna;Motherboard;Firmware,30,82.0,Intermediate
smartphone,Apple,iPhone 14 Pro,face id not working facial recognition,Camera failure,IR camera;Dot projector;Flood illuminator,55,78.0,Advanced
smartphone,Apple,iPhone 14 Pro,sim card not detected no signal no service,Network failure,SIM tray;SIM reader;Antenna;Motherboard,40,88.0,Intermediate
smartphone,Apple,iPhone 14 Pro,vibration motor not working no haptic feedback,Physical damage,Vibration motor;Taptic engine;Flex cable,35,92.0,Beginner
smartphone,Apple,iPhone 14,won't turn on no power dead phone,Power supply failure,Battery;Charging port;Power IC,45,88.0,Intermediate
smartphone,Apple,iPhone 14,dead battery drains fast not charging,Battery failure,Battery;Charging port,40,95.0,Beginner
smartphone,Apple,iPhone 14,cracked screen broken display glass shattered,Screen damage,Display;Touch digitizer;Front glass,60,94.0,Advanced
smartphone,Apple,iPhone 14,touch not working unresponsive screen,Touch failure,Touch digitizer;Display;Flex cable,55,90.0,Advanced
smartphone,Apple,iPhone 14,slow performance lag freezing apps crash,Software issue,RAM;Processor;Storage,30,88.0,Beginner
smartphone,Apple,iPhone 14,overheating phone gets very hot burns,Cooling system failure,Processor;Battery;Thermal pad,45,85.0,Intermediate
smartphone,Apple,iPhone 14,wifi not connecting no internet bluetooth,Network failure,Wifi chip;Antenna;Bluetooth module,35,90.0,Intermediate
smartphone,Apple,iPhone 14,no sound speaker audio crackling,Audio failure,Speaker;Audio IC;Earpiece,30,88.0,Beginner
smartphone,Apple,iPhone 14,camera not working blurry photos black camera,Camera failure,Camera module;Lens;Camera flex cable,50,92.0,Advanced
smartphone,Apple,iPhone 14,charging port loose not charging properly,DC jack failure,Charging port;Flex cable;Battery,45,93.0,Intermediate
smartphone,Apple,iPhone 14,water damage liquid spill phone got wet,Liquid damage,Motherboard;Battery;Display;Speaker,90,65.0,Advanced
smartphone,Apple,iPhone 14,phone keeps restarting boot loop crash,Boot failure,Storage;Motherboard;Operating system,60,80.0,Advanced
smartphone,Apple,iPhone 14,microphone not working cant hear me on calls,Audio failure,Microphone;Audio IC;Flex cable,35,88.0,Intermediate
smartphone,Apple,iPhone 14,fingerprint sensor not working biometrics,Physical damage,Fingerprint sensor;Flex cable;Home button,40,85.0,Intermediate
smartphone,Apple,iPhone 14,gps not working location inaccurate,Network failure,GPS antenna;Motherboard;Firmware,30,82.0,Intermediate
smartphone,Apple,iPhone 14,face id not working facial recognition,Camera failure,IR camera;Dot projector;Flood illuminator,55,78.0,Advanced
smartphone,Apple,iPhone 14,sim card not detected no signal no service,Network failure,SIM tray;SIM reader;Antenna;Motherboard,40,88.0,Intermediate
smartphone,Apple,iPhone 14,vibration motor not working no haptic feedback,Physical damage,Vibration motor;Taptic engine;Flex cable,35,92.0,Beginner
smartphone,Apple,iPhone 13,won't turn on no power dead phone,Power supply failure,Battery;Charging port;Power IC,45,88.0,Intermediate
smartphone,Apple,iPhone 13,dead battery drains fast not charging,Battery failure,Battery;Charging port,40,95.0,Beginner
smartphone,Apple,iPhone 13,cracked screen broken display glass shattered,Screen damage,Display;Touch digitizer;Front glass,60,94.0,Advanced
smartphone,Apple,iPhone 13,touch not working unresponsive screen,Touch failure,Touch digitizer;Display;Flex cable,55,90.0,Advanced
smartphone,Apple,iPhone 13,slow performance lag freezing apps crash,Software issue,RAM;Processor;Storage,30,88.0,Beginner
smartphone,Apple,iPhone 13,overheating phone gets very hot burns,Cooling system failure,Processor;Battery;Thermal pad,45,85.0,Intermediate
smartphone,Apple,iPhone 13,wifi not connecting no internet bluetooth,Network failure,Wifi chip;Antenna;Bluetooth module,35,90.0,Intermediate
smartphone,Apple,iPhone 13,no sound speaker audio crackling,Audio failure,Speaker;Audio IC;Earpiece,30,88.0,Beginner
smartphone,Apple,iPhone 13,camera not working blurry photos black camera,Camera failure,Camera module;Lens;Camera flex cable,50,92.0,Advanced
smartphone,Apple,iPhone 13,charging port loose not charging properly,DC jack failure,Charging port;Flex cable;Battery,45,93.0,Intermediate
smartphone,Apple,iPhone 13,water damage liquid spill phone got wet,Liquid damage,Motherboard;Battery;Display;Speaker,90,65.0,Advanced
smartphone,Apple,iPhone 13,phone keeps restarting boot loop crash,Boot failure,Storage;Motherboard;Operating system,60,80.0,Advanced
smartphone,Apple,iPhone 13,microphone not working cant hear me on calls,Audio failure,Microphone;Audio IC;Flex cable,35,88.0,Intermediate
smartphone,Apple,iPhone 13,fingerprint sensor not working biometrics,Physical damage,Fingerprint sensor;Flex cable;Home button,40,85.0,Intermediate
smartphone,Apple,iPhone 13,gps not working location inaccurate,Network failure,GPS antenna;Motherboard;Firmware,30,82.0,Intermediate
smartphone,Apple,iPhone 13,face id not working facial recognition,Camera failure,IR camera;Dot projector;Flood illuminator,55,78.0,Advanced
smartphone,Apple,iPhone 13,sim card not detected no signal no service,Network failure,SIM tray;SIM reader;Antenna;Motherboard,40,88.0,Intermediate
smartphone,Apple,iPhone 13,vibration motor not working no haptic feedback,Physical damage,Vibration motor;Taptic engine;Flex cable,35,92.0,Beginner
smartphone,Apple,iPhone 12,won't turn on no power dead phone,Power supply failure,Battery;Charging port;Power IC,45,88.0,Intermediate
smartphone,Apple,iPhone 12,dead battery drains fast not charging,Battery failure,Battery;Charging port,40,95.0,Beginner
smartphone,Apple,iPhone 12,cracked screen broken display glass shattered,Screen damage,Display;Touch digitizer;Front glass,60,94.0,Advanced
smartphone,Apple,iPhone 12,touch not working unresponsive screen,Touch failure,Touch digitizer;Display;Flex cable,55,90.0,Advanced
smartphone,Apple,iPhone 12,slow performance lag freezing apps crash,Software issue,RAM;Processor;Storage,30,88.0,Beginner
smartphone,Apple,iPhone 12,overheating phone gets very hot burns,Cooling system failure,Processor;Battery;Thermal pad,45,85.0,Intermediate
smartphone,Apple,iPhone 12,wifi not connecting no internet bluetooth,Network failure,Wifi chip;Antenna;Bluetooth module,35,90.0,Intermediate
smartphone,Apple,iPhone 12,no sound speaker audio crackling,Audio failure,Speaker;Audio IC;Earpiece,30,88.0,Beginner
smartphone,Apple,iPhone 12,camera not working blurry photos black camera,Camera failure,Camera module;Lens;Camera flex cable,50,92.0,Advanced
smartphone,Apple,iPhone 12,charging port loose not charging properly,DC jack failure,Charging port;Flex cable;Battery,45,93.0,Intermediate
smartphone,Apple,iPhone 12,water damage liquid spill phone got wet,Liquid damage,Motherboard;Battery;Display;Speaker,90,65.0,Advanced
smartphone,Apple,iPhone 12,phone keeps restarting boot loop crash,Boot failure,Storage;Motherboard;Operating system,60,80.0,Advanced
smartphone,Apple,iPhone 12,microphone not working cant hear me on calls,Audio failure,Microphone;Audio IC;Flex cable,35,88.0,Intermediate
smartphone,Apple,iPhone 12,fingerprint sensor not working biometrics,Physical damage,Fingerprint sensor;Flex cable;Home button,40,85.0,Intermediate
smartphone,Apple,iPhone 12,gps not working location inaccurate,Network failure,GPS antenna;Motherboard;Firmware,30,82.0,Intermediate
smartphone,Apple,iPhone 12,face id not working facial recognition,Camera failure,IR camera;Dot projector;Flood illuminator,55,78.0,Advanced
smartphone,Apple,iPhone 12,sim card not detected no signal no service,Network failure,SIM tray;SIM reader;Antenna;Motherboard,40,88.0,Intermediate
smartphone,Apple,iPhone 12,vibration motor not working no haptic feedback,Physical damage,Vibration motor;Taptic engine;Flex cable,35,92.0,Beginner
smartphone,Apple,iPhone SE (3rd generation),won't turn on no power dead phone,Power supply failure,Battery;Charging port;Power IC,45,88.0,Intermediate
smartphone,Apple,iPhone SE (3rd generation),dead battery drains fast not charging,Battery failure,Battery;Charging port,40,95.0,Beginner
smartphone,Apple,iPhone SE (3rd generation),cracked screen broken display glass shattered,Screen damage,Display;Touch digitizer;Front glass,60,94.0,Advanced
smartphone,Apple,iPhone SE (3rd generation),touch not working unresponsive screen,Touch failure,Touch digitizer;Display;Flex cable,55,90.0,Advanced
smartphone,Apple,iPhone SE (3rd generation),slow performance lag freezing apps crash,Software issue,RAM;Processor;Storage,30,88.0,Beginner
smartphone,Apple,iPhone SE (3rd generation),overheating phone gets very hot burns,Cooling system failure,Processor;Battery;Thermal pad,45,85.0,Intermediate
smartphone,Apple,iPhone SE (3rd generation),wifi not connecting no internet bluetooth,Network failure,Wifi chip;Antenna;Bluetooth module,35,90.0,Intermediate
smartphone,Apple,iPhone SE (3rd generation),no sound speaker audio crackling,Audio failure,Speaker;Audio IC;Earpiece,30,88.0,Beginner
smartphone,Apple,iPhone SE (3rd generation),camera not working blurry photos black camera,Camera failure,Camera module;Lens;Camera flex cable,50,92.0,Advanced
smartphone,Apple,iPhone SE (3rd generation),charging port loose not charging properly,DC jack failure,Charging port;Flex cable;Battery,45,93.0,Intermediate
smartphone,Apple,iPhone SE (3rd generation),water damage liquid spill phone got wet,Liquid damage,Motherboard;Battery;Display;Speaker,90,65.0,Advanced
smartphone,Apple,iPhone SE (3rd generation),phone keeps restarting boot loop crash,Boot failure,Storage;Motherboard;Operating system,60,80.0,Advanced
smartphone,Apple,iPhone SE (3rd generation),microphone not working cant hear me on calls,Audio failure,Microphone;Audio IC;Flex cable,35,88.0,Intermediate
smartphone,Apple,iPhone SE (3rd generation),fingerprint sensor not working biometrics,Physical damage,Fingerprint sensor;Flex cable;Home button,40,85.0,Intermediate
smartphone,Apple,iPhone SE (3rd generation),gps not working location inaccurate,Network failure,GPS antenna;Motherboard;Firmware,30,82.0,Intermediate
smartphone,Apple,iPhone SE (3rd generation),face id not working facial recognition,Camera failure,IR camera;Dot projector;Flood illuminator,55,78.0,Advanced
smartphone,Apple,iPhone SE (3rd generation),sim card not detected no signal no service,Network failure,SIM tray;SIM reader;Antenna;Motherboard,40,88.0,Intermediate
smartphone,Apple,iPhone SE (3rd generation),vibration motor not working no haptic feedback,Physical damage,Vibration motor;Taptic engine;Flex cable,35,92.0,Beginner
smartphone,Apple,iPhone 11,won't turn on no power dead phone,Power supply failure,Battery;Charging port;Power IC,45,88.0,Intermediate
smartphone,Apple,iPhone 11,dead battery drains fast not charging,Battery failure,Battery;Charging port,40,95.0,Beginner
smartphone,Apple,iPhone 11,cracked screen broken display glass shattered,Screen damage,Display;Touch digitizer;Front glass,60,94.0,Advanced
smartphone,Apple,iPhone 11,touch not working unresponsive screen,Touch failure,Touch digitizer;Display;Flex cable,55,90.0,Advanced
smartphone,Apple,iPhone 11,slow performance lag freezing apps crash,Software issue,RAM;Processor;Storage,30,88.0,Beginner
smartphone,Apple,iPhone 11,overheating phone gets very hot burns,Cooling system failure,Processor;Battery;Thermal pad,45,85.0,Intermediate
smartphone,Apple,iPhone 11,wifi not connecting no internet bluetooth,Network failure,Wifi chip;Antenna;Bluetooth module,35,90.0,Intermediate
smartphone,Apple,iPhone 11,no sound speaker audio crackling,Audio failure,Speaker;Audio IC;Earpiece,30,88.0,Beginner
smartphone,Apple,iPhone 11,camera not working blurry photos black camera,Camera failure,Camera module;Lens;Camera flex cable,50,92.0,Advanced
smartphone,Apple,iPhone 11,charging port loose not charging properly,DC jack failure,Charging port;Flex cable;Battery,45,93.0,Intermediate
smartphone,Apple,iPhone 11,water damage liquid spill phone got wet,Liquid damage,Motherboard;Battery;Display;Speaker,90,65.0,Advanced
smartphone,Apple,iPhone 11,phone keeps restarting boot loop crash,Boot failure,Storage;Motherboard;Operating system,60,80.0,Advanced
smartphone,Apple,iPhone 11,microphone not working cant hear me on calls,Audio failure,Microphone;Audio IC;Flex cable,35,88.0,Intermediate
smartphone,Apple,iPhone 11,fingerprint sensor not working biometrics,Physical damage,Fingerprint sensor;Flex cable;Home button,40,85.0,Intermediate
smartphone,Apple,iPhone 11,gps not working location inaccurate,Network failure,GPS antenna;Motherboard;Firmware,30,82.0,Intermediate
smartphone,Apple,iPhone 11,face id not working facial recognition,Camera failure,IR camera;Dot projector;Flood illuminator,55,78.0,Advanced
smartphone,Apple,iPhone 11,sim card not detected no signal no service,Network failure,SIM tray;SIM reader;Antenna;Motherboard,40,88.0,Intermediate
smartphone,Apple,iPhone 11,vibration motor not working no haptic feedback,Physical damage,Vibration motor;Taptic engine;Flex cable,35,92.0,Beginner
smartphone,Samsung,Galaxy S25 Ultra,won't turn on no power dead phone,Power supply failure,Battery;Charging port;Power IC,45,88.0,Intermediate
smartphone,Samsung,Galaxy S25 Ultra,dead battery drains fast not charging,Battery failure,Battery;Charging port,40,95.0,Beginner
smartphone,Samsung,Galaxy S25 Ultra,cracked screen broken display glass shattered,Screen damage,Display;Touch digitizer;Front glass,60,94.0,Advanced
smartphone,Samsung,Galaxy S25 Ultra,touch not working unresponsive screen,Touch failure,Touch digitizer;Display;Flex cable,55,90.0,Advanced
smartphone,Samsung,Galaxy S25 Ultra,slow performance lag freezing apps crash,Software issue,RAM;Processor;Storage,30,88.0,Beginner
smartphone,Samsung,Galaxy S25 Ultra,overheating phone gets very hot burns,Cooling system failure,Processor;Battery;Thermal pad,45,85.0,Intermediate
smartphone,Samsung,Galaxy S25 Ultra,wifi not connecting no internet bluetooth,Network failure,Wifi chip;Antenna;Bluetooth module,35,90.0,Intermediate
smartphone,Samsung,Galaxy S25 Ultra,no sound speaker audio crackling,Audio failure,Speaker;Audio IC;Earpiece,30,88.0,Beginner
smartphone,Samsung,Galaxy S25 Ultra,camera not working blurry photos black camera,Camera failure,Camera module;Lens;Camera flex cable,50,92.0,Advanced
smartphone,Samsung,Galaxy S25 Ultra,charging port loose not charging properly,DC jack failure,Charging port;Flex cable;Battery,45,93.0,Intermediate
smartphone,Samsung,Galaxy S25 Ultra,water damage liquid spill phone got wet,Liquid damage,Motherboard;Battery;Display;Speaker,90,65.0,Advanced
smartphone,Samsung,Galaxy S25 Ultra,phone keeps restarting boot loop crash,Boot failure,Storage;Motherboard;Operating system,60,80.0,Advanced
smartphone,Samsung,Galaxy S25 Ultra,microphone not working cant hear me on calls,Audio failure,Microphone;Audio IC;Flex cable,35,88.0,Intermediate
smartphone,Samsung,Galaxy S25 Ultra,fingerprint sensor not working biometrics,Physical damage,Fingerprint sensor;Flex cable;Home button,40,85.0,Intermediate
smartphone,Samsung,Galaxy S25 Ultra,gps not working location inaccurate,Network failure,GPS antenna;Motherboard;Firmware,30,82.0,Intermediate
smartphone,Samsung,Galaxy S25 Ultra,face id not working facial recognition,Camera failure,IR camera;Dot projector;Flood illuminator,55,78.0,Advanced
smartphone,Samsung,Galaxy S25 Ultra,sim card not detected no signal no service,Network failure,SIM tray;SIM reader;Antenna;Motherboard,40,88.0,Intermediate
smartphone,Samsung,Galaxy S25 Ultra,vibration motor not working no haptic feedback,Physical damage,Vibration motor;Taptic engine;Flex cable,35,92.0,Beginner
smartphone,Samsung,Galaxy S24 Ultra,won't turn on no power dead phone,Power supply failure,Battery;Charging port;Power IC,45,88.0,Intermediate
smartphone,Samsung,Galaxy S24 Ultra,dead battery drains fast not charging,Battery failure,Battery;Charging port,40,95.0,Beginner
smartphone,Samsung,Galaxy S24 Ultra,cracked screen broken display glass shattered,Screen damage,Display;Touch digitizer;Front glass,60,94.0,Advanced
smartphone,Samsung,Galaxy S24 Ultra,touch not working unresponsive screen,Touch failure,Touch digitizer;Display;Flex cable,55,90.0,Advanced
smartphone,Samsung,Galaxy S24 Ultra,slow performance lag freezing apps crash,Software issue,RAM;Processor;Storage,30,88.0,Beginner
smartphone,Samsung,Galaxy S24 Ultra,overheating phone gets very hot burns,Cooling system failure,Processor;Battery;Thermal pad,45,85.0,Intermediate
smartphone,Samsung,Galaxy S24 Ultra,wifi not connecting no internet bluetooth,Network failure,Wifi chip;Antenna;Bluetooth module,35,90.0,Intermediate
smartphone,Samsung,Galaxy S24 Ultra,no sound speaker audio crackling,Audio failure,Speaker;Audio IC;Earpiece,30,88.0,Beginner
smartphone,Samsung,Galaxy S24 Ultra,camera not working blurry photos black camera,Camera failure,Camera module;Lens;Camera flex cable,50,92.0,Advanced
smartphone,Samsung,Galaxy S24 Ultra,charging port loose not charging properly,DC jack failure,Charging port;Flex cable;Battery,45,93.0,Intermediate
smartphone,Samsung,Galaxy S24 Ultra,water damage liquid spill phone got wet,Liquid damage,Motherboard;Battery;Display;Speaker,90,65.0,Advanced
smartphone,Samsung,Galaxy S24 Ultra,phone keeps restarting boot loop crash,Boot failure,Storage;Motherboard;Operating system,60,80.0,Advanced
smartphone,Samsung,Galaxy S24 Ultra,microphone not working cant hear me on calls,Audio failure,Microphone;Audio IC;Flex cable,35,88.0,Intermediate
smartphone,Samsung,Galaxy S24 Ultra,fingerprint sensor not working biometrics,Physical damage,Fingerprint sensor;Flex cable;Home button,40,85.0,Intermediate
smartphone,Samsung,Galaxy S24 Ultra,gps not working location inaccurate,Network failure,GPS antenna;Motherboard;Firmware,30,82.0,Intermediate
smartphone,Samsung,Galaxy S24 Ultra,face id not working facial recognition,Camera failure,IR camera;Dot projector;Flood illuminator,55,78.0,Advanced
smartphone,Samsung,Galaxy S24 Ultra,sim card not detected no signal no service,Network failure,SIM tray;SIM reader;Antenna;Motherboard,40,88.0,Intermediate
smartphone,Samsung,Galaxy S24 Ultra,vibration motor not working no haptic feedback,Physical damage,Vibration motor;Taptic engine;Flex cable,35,92.0,Beginner
smartphone,Samsung,Galaxy S24,won't turn on no power dead phone,Power supply failure,Battery;Charging port;Power IC,45,88.0,Intermediate
smartphone,Samsung,Galaxy S24,dead battery drains fast not charging,Battery failure,Battery;Charging port,40,95.0,Beginner
smartphone,Samsung,Galaxy S24,cracked screen broken display glass shattered,Screen damage,Display;Touch digitizer;Front glass,60,94.0,Advanced
smartphone,Samsung,Galaxy S24,touch not working unresponsive screen,Touch failure,Touch digitizer;Display;Flex cable,55,90.0,Advanced
smartphone,Samsung,Galaxy S24,slow performance lag freezing apps crash,Software issue,RAM;Processor;Storage,30,88.0,Beginner
smartphone,Samsung,Galaxy S24,overheating phone gets very hot burns,Cooling system failure,Processor;Battery;Thermal pad,45,85.0,Intermediate
smartphone,Samsung,Galaxy S24,wifi not connecting no internet bluetooth,Network failure,Wifi chip;Antenna;Bluetooth module,35,90.0,Intermediate
smartphone,Samsung,Galaxy S24,no sound speaker audio crackling,Audio failure,Speaker;Audio IC;Earpiece,30,88.0,Beginner
smartphone,Samsung,Galaxy S24,camera not working blurry photos black camera,Camera failure,Camera module;Lens;Camera flex cable,50,92.0,Advanced
smartphone,Samsung,Galaxy S24,charging port loose not charging properly,DC jack failure,Charging port;Flex cable;Battery,45,93.0,Intermediate
smartphone,Samsung,Galaxy S24,water damage liquid spill phone got wet,Liquid damage,Motherboard;Battery;Display;Speaker,90,65.0,Advanced
smartphone,Samsung,Galaxy S24,phone keeps restarting boot loop crash,Boot failure,Storage;Motherboard;Operating system,60,80.0,Advanced
smartphone,Samsung,Galaxy S24,microphone not working cant hear me on calls,Audio failure,Microphone;Audio IC;Flex cable,35,88.0,Intermediate
smartphone,Samsung,Galaxy S24,fingerprint sensor not working biometrics,Physical damage,Fingerprint sensor;Flex cable;Home button,40,85.0,Intermediate
smartphone,Samsung,Galaxy S24,gps not working location inaccurate,Network failure,GPS antenna;Motherboard;Firmware,30,82.0,Intermediate
smartphone,Samsung,Galaxy S24,face id not working facial recognition,Camera failure,IR camera;Dot projector;Flood illuminator,55,78.0,Advanced
smartphone,Samsung,Galaxy S24,sim card not detected no signal no service,Network failure,SIM tray;SIM reader;Antenna;Motherboard,40,88.0,Intermediate
smartphone,Samsung,Galaxy S24,vibration motor not working no haptic feedback,Physical damage,Vibration motor;Taptic engine;Flex cable,35,92.0,Beginner
smartphone,Samsung,Galaxy S23 Ultra,won't turn on no power dead phone,Power supply failure,Battery;Charging port;Power IC,45,88.0,Intermediate
smartphone,Samsung,Galaxy S23 Ultra,dead battery drains fast not charging,Battery failure,Battery;Charging port,40,95.0,Beginner
smartphone,Samsung,Galaxy S23 Ultra,cracked screen broken display glass shattered,Screen damage,Display;Touch digitizer;Front glass,60,94.0,Advanced
smartphone,Samsung,Galaxy S23 Ultra,touch not working unresponsive screen,Touch failure,Touch digitizer;Display;Flex cable,55,90.0,Advanced
smartphone,Samsung,Galaxy S23 Ultra,slow performance lag freezing apps crash,Software issue,RAM;Processor;Storage,30,88.0,Beginner
smartphone,Samsung,Galaxy S23 Ultra,overheating phone gets very hot burns,Cooling system failure,Processor;Battery;Thermal pad,45,85.0,Intermediate
smartphone,Samsung,Galaxy S23 Ultra,wifi not connecting no internet bluetooth,Network failure,Wifi chip;Antenna;Bluetooth module,35,90.0,Intermediate
smartphone,Samsung,Galaxy S23 Ultra,no sound speaker audio crackling,Audio failure,Speaker;Audio IC;Earpiece,30,88.0,Beginner
smartphone,Samsung,Galaxy S23 Ultra,camera not working blurry photos black camera,Camera failure,Camera module;Lens;Camera flex cable,50,92.0,Advanced
smartphone,Samsung,Galaxy S23 Ultra,charging port loose not charging properly,DC jack failure,Charging port;Flex cable;Battery,45,93.0,Intermediate
smartphone,Samsung,Galaxy S23 Ultra,water damage liquid spill phone got wet,Liquid damage,Motherboard;Battery;Display;Speaker,90,65.0,Advanced
smartphone,Samsung,Galaxy S23 Ultra,phone keeps restarting boot loop crash,Boot failure,Storage;Motherboard;Operating system,60,80.0,Advanced
smartphone,Samsung,Galaxy S23 Ultra,microphone not working cant hear me on calls,Audio failure,Microphone;Audio IC;Flex cable,35,88.0,Intermediate
smartphone,Samsung,Galaxy S23 Ultra,fingerprint sensor not working biometrics,Physical damage,Fingerprint sensor;Flex cable;Home button,40,85.0,Intermediate
smartphone,Samsung,Galaxy S23 Ultra,gps not working location inaccurate,Network failure,GPS antenna;Motherboard;Firmware,30,82.0,Intermediate
smartphone,Samsung,Galaxy S23 Ultra,face id not working facial recognition,Camera failure,IR camera;Dot projector;Flood illuminator,55,78.0,Advanced
smartphone,Samsung,Galaxy S23 Ultra,sim card not detected no signal no service,Network failure,SIM tray;SIM reader;Antenna;Motherboard,40,88.0,Intermediate
smartphone,Samsung,Galaxy S23 Ultra,vibration motor not working no haptic feedback,Physical damage,Vibration motor;Taptic engine;Flex cable,35,92.0,Beginner
smartphone,Samsung,Galaxy S23,won't turn on no power dead phone,Power supply failure,Battery;Charging port;Power IC,45,88.0,Intermediate
smartphone,Samsung,Galaxy S23,dead battery drains fast not charging,Battery failure,Battery;Charging port,40,95.0,Beginner
smartphone,Samsung,Galaxy S23,cracked screen broken display glass shattered,Screen damage,Display;Touch digitizer;Front glass,60,94.0,Advanced
smartphone,Samsung,Galaxy S23,touch not working unresponsive screen,Touch failure,Touch digitizer;Display;Flex cable,55,90.0,Advanced
smartphone,Samsung,Galaxy S23,slow performance lag freezing apps crash,Software issue,RAM;Processor;Storage,30,88.0,Beginner
smartphone,Samsung,Galaxy S23,overheating phone gets very hot burns,Cooling system failure,Processor;Battery;Thermal pad,45,85.0,Intermediate
smartphone,Samsung,Galaxy S23,wifi not connecting no internet bluetooth,Network failure,Wifi chip;Antenna;Bluetooth module,35,90.0,Intermediate
smartphone,Samsung,Galaxy S23,no sound speaker audio crackling,Audio failure,Speaker;Audio IC;Earpiece,30,88.0,Beginner
smartphone,Samsung,Galaxy S23,camera not working blurry photos black camera,Camera failure,Camera module;Lens;Camera flex cable,50,92.0,Advanced
smartphone,Samsung,Galaxy S23,charging port loose not charging properly,DC jack failure,Charging port;Flex cable;Battery,45,93.0,Intermediate
smartphone,Samsung,Galaxy S23,water damage liquid spill phone got wet,Liquid damage,Motherboard;Battery;Display;Speaker,90,65.0,Advanced
smartphone,Samsung,Galaxy S23,phone keeps restarting boot loop crash,Boot failure,Storage;Motherboard;Operating system,60,80.0,Advanced
smartphone,Samsung,Galaxy S23,microphone not working cant hear me on calls,Audio failure,Microphone;Audio IC;Flex cable,35,88.0,Intermediate
smartphone,Samsung,Galaxy S23,fingerprint sensor not working biometrics,Physical damage,Fingerprint sensor;Flex cable;Home button,40,85.0,Intermediate
smartphone,Samsung,Galaxy S23,gps not working location inaccurate,Network failure,GPS antenna;Motherboard;Firmware,30,82.0,Intermediate
smartphone,Samsung,Galaxy S23,face id not working facial recognition,Camera failure,IR camera;Dot projector;Flood illuminator,55,78.0,Advanced
smartphone,Samsung,Galaxy S23,sim card not detected no signal no service,Network failure,SIM tray;SIM reader;Antenna;Motherboard,40,88.0,Intermediate
smartphone,Samsung,Galaxy S23,vibration motor not working no haptic feedback,Physical damage,Vibration motor;Taptic engine;Flex cable,35,92.0,Beginner
smartphone,Samsung,Galaxy Z Fold 6,won't turn on no power dead phone,Power supply failure,Battery;Charging port;Power IC,45,88.0,Intermediate
smartphone,Samsung,Galaxy Z Fold 6,dead battery drains fast not charging,Battery failure,Battery;Charging port,40,95.0,Beginner
smartphone,Samsung,Galaxy Z Fold 6,cracked screen broken display glass shattered,Screen damage,Display;Touch digitizer;Front glass,60,94.0,Advanced
smartphone,Samsung,Galaxy Z Fold 6,touch not working unresponsive screen,Touch failure,Touch digitizer;Display;Flex cable,55,90.0,Advanced
smartphone,Samsung,Galaxy Z Fold 6,slow performance lag freezing apps crash,Software issue,RAM;Processor;Storage,30,88.0,Beginner
smartphone,Samsung,Galaxy Z Fold 6,overheating phone gets very hot burns,Cooling system failure,Processor;Battery;Thermal pad,45,85.0,Intermediate
smartphone,Samsung,Galaxy Z Fold 6,wifi not connecting no internet bluetooth,Network failure,Wifi chip;Antenna;Bluetooth module,35,90.0,Intermediate
smartphone,Samsung,Galaxy Z Fold 6,no sound speaker audio crackling,Audio failure,Speaker;Audio IC;Earpiece,30,88.0,Beginner
smartphone,Samsung,Galaxy Z Fold 6,camera not working blurry photos black camera,Camera failure,Camera module;Lens;Camera flex cable,50,92.0,Advanced
smartphone,Samsung,Galaxy Z Fold 6,charging port loose not charging properly,DC jack failure,Charging port;Flex cable;Battery,45,93.0,Intermediate
smartphone,Samsung,Galaxy Z Fold 6,water damage liquid spill phone got wet,Liquid damage,Motherboard;Battery;Display;Speaker,90,65.0,Advanced
smartphone,Samsung,Galaxy Z Fold 6,phone keeps restarting boot loop crash,Boot failure,Storage;Motherboard;Operating system,60,80.0,Advanced
smartphone,Samsung,Galaxy Z Fold 6,microphone not working cant hear me on calls,Audio failure,Microphone;Audio IC;Flex cable,35,88.0,Intermediate
smartphone,Samsung,Galaxy Z Fold 6,fingerprint sensor not working biometrics,Physical damage,Fingerprint sensor;Flex cable;Home button,40,85.0,Intermediate
smartphone,Samsung,Galaxy Z Fold 6,gps not working location inaccurate,Network failure,GPS antenna;Motherboard;Firmware,30,82.0,Intermediate
smartphone,Samsung,Galaxy Z Fold 6,face id not working facial recognition,Camera failure,IR camera;Dot projector;Flood illuminator,55,78.0,Advanced
smartphone,Samsung,Galaxy Z Fold 6,sim card not detected no signal no service,Network failure,SIM tray;SIM reader;Antenna;Motherboard,40,88.0,Intermediate
smartphone,Samsung,Galaxy Z Fold 6,vibration motor not working no haptic feedback,Physical damage,Vibration motor;Taptic engine;Flex cable,35,92.0,Beginner
smartphone,Samsung,Galaxy Z Flip 6,won't turn on no power dead phone,Power supply failure,Battery;Charging port;Power IC,45,88.0,Intermediate
smartphone,Samsung,Galaxy Z Flip 6,dead battery drains fast not charging,Battery failure,Battery;Charging port,40,95.0,Beginner
smartphone,Samsung,Galaxy Z Flip 6,cracked screen broken display glass shattered,Screen damage,Display;Touch digitizer;Front glass,60,94.0,Advanced
smartphone,Samsung,Galaxy Z Flip 6,touch not working unresponsive screen,Touch failure,Touch digitizer;Display;Flex cable,55,90.0,Advanced
smartphone,Samsung,Galaxy Z Flip 6,slow performance lag freezing apps crash,Software issue,RAM;Processor;Storage,30,88.0,Beginner
smartphone,Samsung,Galaxy Z Flip 6,overheating phone gets very hot burns,Cooling system failure,Processor;Battery;Thermal pad,45,85.0,Intermediate
smartphone,Samsung,Galaxy Z Flip 6,wifi not connecting no internet bluetooth,Network failure,Wifi chip;Antenna;Bluetooth module,35,90.0,Intermediate
smartphone,Samsung,Galaxy Z Flip 6,no sound speaker audio crackling,Audio failure,Speaker;Audio IC;Earpiece,30,88.0,Beginner
smartphone,Samsung,Galaxy Z Flip 6,camera not working blurry photos black camera,Camera failure,Camera module;Lens;Camera flex cable,50,92.0,Advanced
smartphone,Samsung,Galaxy Z Flip 6,charging port loose not charging properly,DC jack failure,Charging port;Flex cable;Battery,45,93.0,Intermediate
smartphone,Samsung,Galaxy Z Flip 6,water damage liquid spill phone got wet,Liquid damage,Motherboard;Battery;Display;Speaker,90,65.0,Advanced
smartphone,Samsung,Galaxy Z Flip 6,phone keeps restarting boot loop crash,Boot failure,Storage;Motherboard;Operating system,60,80.0,Advanced
smartphone,Samsung,Galaxy Z Flip 6,microphone not working cant hear me on calls,Audio failure,Microphone;Audio IC;Flex cable,35,88.0,Intermediate
smartphone,Samsung,Galaxy Z Flip 6,fingerprint sensor not working biometrics,Physical damage,Fingerprint sensor;Flex cable;Home button,40,85.0,Intermediate
smartphone,Samsung,Galaxy Z Flip 6,gps not working location inaccurate,Network failure,GPS antenna;Motherboard;Firmware,30,82.0,Intermediate
smartphone,Samsung,Galaxy Z Flip 6,face id not working facial recognition,Camera failure,IR camera;Dot projector;Flood illuminator,55,78.0,Advanced
smartphone,Samsung,Galaxy Z Flip 6,sim card not detected no signal no service,Network failure,SIM tray;SIM reader;Antenna;Motherboard,40,88.0,Intermediate
smartphone,Samsung,Galaxy Z Flip 6,vibration motor not working no haptic feedback,Physical damage,Vibration motor;Taptic engine;Flex cable,35,92.0,Beginner
smartphone,Samsung,Galaxy A55 5G,won't turn on no power dead phone,Power supply failure,Battery;Charging port;Power IC,45,88.0,Intermediate
smartphone,Samsung,Galaxy A55 5G,dead battery drains fast not charging,Battery failure,Battery;Charging port,40,95.0,Beginner
smartphone,Samsung,Galaxy A55 5G,cracked screen broken display glass shattered,Screen damage,Display;Touch digitizer;Front glass,60,94.0,Advanced
smartphone,Samsung,Galaxy A55 5G,touch not working unresponsive screen,Touch failure,Touch digitizer;Display;Flex cable,55,90.0,Advanced
smartphone,Samsung,Galaxy A55 5G,slow performance lag freezing apps crash,Software issue,RAM;Processor;Storage,30,88.0,Beginner
smartphone,Samsung,Galaxy A55 5G,overheating phone gets very hot burns,Cooling system failure,Processor;Battery;Thermal pad,45,85.0,Intermediate
smartphone,Samsung,Galaxy A55 5G,wifi not connecting no internet bluetooth,Network failure,Wifi chip;Antenna;Bluetooth module,35,90.0,Intermediate
smartphone,Samsung,Galaxy A55 5G,no sound speaker audio crackling,Audio failure,Speaker;Audio IC;Earpiece,30,88.0,Beginner
smartphone,Samsung,Galaxy A55 5G,camera not working blurry photos black camera,Camera failure,Camera module;Lens;Camera flex cable,50,92.0,Advanced
smartphone,Samsung,Galaxy A55 5G,charging port loose not charging properly,DC jack failure,Charging port;Flex cable;Battery,45,93.0,Intermediate
smartphone,Samsung,Galaxy A55 5G,water damage liquid spill phone got wet,Liquid damage,Motherboard;Battery;Display;Speaker,90,65.0,Advanced
smartphone,Samsung,Galaxy A55 5G,phone keeps restarting boot loop crash,Boot failure,Storage;Motherboard;Operating system,60,80.0,Advanced
smartphone,Samsung,Galaxy A55 5G,microphone not working cant hear me on calls,Audio failure,Microphone;Audio IC;Flex cable,35,88.0,Intermediate
smartphone,Samsung,Galaxy A55 5G,fingerprint sensor not working biometrics,Physical damage,Fingerprint sensor;Flex cable;Home button,40,85.0,Intermediate
smartphone,Samsung,Galaxy A55 5G,gps not working location inaccurate,Network failure,GPS antenna;Motherboard;Firmware,30,82.0,Intermediate
smartphone,Samsung,Galaxy A55 5G,face id not working facial recognition,Camera failure,IR camera;Dot projector;Flood illuminator,55,78.0,Advanced
smartphone,Samsung,Galaxy A55 5G,sim card not detected no signal no service,Network failure,SIM tray;SIM reader;Antenna;Motherboard,40,88.0,Intermediate
smartphone,Samsung,Galaxy A55 5G,vibration motor not working no haptic feedback,Physical damage,Vibration motor;Taptic engine;Flex cable,35,92.0,Beginner
smartphone,Samsung,Galaxy A54 5G,won't turn on no power dead phone,Power supply failure,Battery;Charging port;Power IC,45,88.0,Intermediate
smartphone,Samsung,Galaxy A54 5G,dead battery drains fast not charging,Battery failure,Battery;Charging port,40,95.0,Beginner
smartphone,Samsung,Galaxy A54 5G,cracked screen broken display glass shattered,Screen damage,Display;Touch digitizer;Front glass,60,94.0,Advanced
smartphone,Samsung,Galaxy A54 5G,touch not working unresponsive screen,Touch failure,Touch digitizer;Display;Flex cable,55,90.0,Advanced
smartphone,Samsung,Galaxy A54 5G,slow performance lag freezing apps crash,Software issue,RAM;Processor;Storage,30,88.0,Beginner
smartphone,Samsung,Galaxy A54 5G,overheating phone gets very hot burns,Cooling system failure,Processor;Battery;Thermal pad,45,85.0,Intermediate
smartphone,Samsung,Galaxy A54 5G,wifi not connecting no internet bluetooth,Network failure,Wifi chip;Antenna;Bluetooth module,35,90.0,Intermediate
smartphone,Samsung,Galaxy A54 5G,no sound speaker audio crackling,Audio failure,Speaker;Audio IC;Earpiece,30,88.0,Beginner
smartphone,Samsung,Galaxy A54 5G,camera not working blurry photos black camera,Camera failure,Camera module;Lens;Camera flex cable,50,92.0,Advanced
smartphone,Samsung,Galaxy A54 5G,charging port loose not charging properly,DC jack failure,Charging port;Flex cable;Battery,45,93.0,Intermediate
smartphone,Samsung,Galaxy A54 5G,water damage liquid spill phone got wet,Liquid damage,Motherboard;Battery;Display;Speaker,90,65.0,Advanced
smartphone,Samsung,Galaxy A54 5G,phone keeps restarting boot loop crash,Boot failure,Storage;Motherboard;Operating system,60,80.0,Advanced
smartphone,Samsung,Galaxy A54 5G,microphone not working cant hear me on calls,Audio failure,Microphone;Audio IC;Flex cable,35,88.0,Intermediate
smartphone,Samsung,Galaxy A54 5G,fingerprint sensor not working biometrics,Physical damage,Fingerprint sensor;Flex cable;Home button,40,85.0,Intermediate
smartphone,Samsung,Galaxy A54 5G,gps not working location inaccurate,Network failure,GPS antenna;Motherboard;Firmware,30,82.0,Intermediate
smartphone,Samsung,Galaxy A54 5G,face id not working facial recognition,Camera failure,IR camera;Dot projector;Flood illuminator,55,78.0,Advanced
smartphone,Samsung,Galaxy A54 5G,sim card not detected no signal no service,Network failure,SIM tray;SIM reader;Antenna;Motherboard,40,88.0,Intermediate
smartphone,Samsung,Galaxy A54 5G,vibration motor not working no haptic feedback,Physical damage,Vibration motor;Taptic engine;Flex cable,35,92.0,Beginner
smartphone,Samsung,Galaxy A15,won't turn on no power dead phone,Power supply failure,Battery;Charging port;Power IC,45,88.0,Intermediate
smartphone,Samsung,Galaxy A15,dead battery drains fast not charging,Battery failure,Battery;Charging port,40,95.0,Beginner
smartphone,Samsung,Galaxy A15,cracked screen broken display glass shattered,Screen damage,Display;Touch digitizer;Front glass,60,94.0,Advanced
smartphone,Samsung,Galaxy A15,touch not working unresponsive screen,Touch failure,Touch digitizer;Display;Flex cable,55,90.0,Advanced
smartphone,Samsung,Galaxy A15,slow performance lag freezing apps crash,Software issue,RAM;Processor;Storage,30,88.0,Beginner
smartphone,Samsung,Galaxy A15,overheating phone gets very hot burns,Cooling system failure,Processor;Battery;Thermal pad,45,85.0,Intermediate
smartphone,Samsung,Galaxy A15,wifi not connecting no internet bluetooth,Network failure,Wifi chip;Antenna;Bluetooth module,35,90.0,Intermediate
smartphone,Samsung,Galaxy A15,no sound speaker audio crackling,Audio failure,Speaker;Audio IC;Earpiece,30,88.0,Beginner
smartphone,Samsung,Galaxy A15,camera not working blurry photos black camera,Camera failure,Camera module;Lens;Camera flex cable,50,92.0,Advanced
smartphone,Samsung,Galaxy A15,charging port loose not charging properly,DC jack failure,Charging port;Flex cable;Battery,45,93.0,Intermediate
smartphone,Samsung,Galaxy A15,water damage liquid spill phone got wet,Liquid damage,Motherboard;Battery;Display;Speaker,90,65.0,Advanced
smartphone,Samsung,Galaxy A15,phone keeps restarting boot loop crash,Boot failure,Storage;Motherboard;Operating system,60,80.0,Advanced
smartphone,Samsung,Galaxy A15,microphone not working cant hear me on calls,Audio failure,Microphone;Audio IC;Flex cable,35,88.0,Intermediate
smartphone,Samsung,Galaxy A15,fingerprint sensor not working biometrics,Physical damage,Fingerprint sensor;Flex cable;Home button,40,85.0,Intermediate
smartphone,Samsung,Galaxy A15,gps not working location inaccurate,Network failure,GPS antenna;Motherboard;Firmware,30,82.0,Intermediate
smartphone,Samsung,Galaxy A15,face id not working facial recognition,Camera failure,IR camera;Dot projector;Flood illuminator,55,78.0,Advanced
smartphone,Samsung,Galaxy A15,sim card not detected no signal no service,Network failure,SIM tray;SIM reader;Antenna;Motherboard,40,88.0,Intermediate
smartphone,Samsung,Galaxy A15,vibration motor not working no haptic feedback,Physical damage,Vibration motor;Taptic engine;Flex cable,35,92.0,Beginner
smartphone,Google,Pixel 9 Pro XL,won't turn on no power dead phone,Power supply failure,Battery;Charging port;Power IC,45,88.0,Intermediate
smartphone,Google,Pixel 9 Pro XL,dead battery drains fast not charging,Battery failure,Battery;Charging port,40,95.0,Beginner
smartphone,Google,Pixel 9 Pro XL,cracked screen broken display glass shattered,Screen damage,Display;Touch digitizer;Front glass,60,94.0,Advanced
smartphone,Google,Pixel 9 Pro XL,touch not working unresponsive screen,Touch failure,Touch digitizer;Display;Flex cable,55,90.0,Advanced
smartphone,Google,Pixel 9 Pro XL,slow performance lag freezing apps crash,Software issue,RAM;Processor;Storage,30,88.0,Beginner
smartphone,Google,Pixel 9 Pro XL,overheating phone gets very hot burns,Cooling system failure,Processor;Battery;Thermal pad,45,85.0,Intermediate
smartphone,Google,Pixel 9 Pro XL,wifi not connecting no internet bluetooth,Network failure,Wifi chip;Antenna;Bluetooth module,35,90.0,Intermediate
smartphone,Google,Pixel 9 Pro XL,no sound speaker audio crackling,Audio failure,Speaker;Audio IC;Earpiece,30,88.0,Beginner
smartphone,Google,Pixel 9 Pro XL,camera not working blurry photos black camera,Camera failure,Camera module;Lens;Camera flex cable,50,92.0,Advanced
smartphone,Google,Pixel 9 Pro XL,charging port loose not charging properly,DC jack failure,Charging port;Flex cable;Battery,45,93.0,Intermediate
smartphone,Google,Pixel 9 Pro XL,water damage liquid spill phone got wet,Liquid damage,Motherboard;Battery;Display;Speaker,90,65.0,Advanced
smartphone,Google,Pixel 9 Pro XL,phone keeps restarting boot loop crash,Boot failure,Storage;Motherboard;Operating system,60,80.0,Advanced
smartphone,Google,Pixel 9 Pro XL,microphone not working cant hear me on calls,Audio failure,Microphone;Audio IC;Flex cable,35,88.0,Intermediate
smartphone,Google,Pixel 9 Pro XL,fingerprint sensor not working biometrics,Physical damage,Fingerprint sensor;Flex cable;Home button,40,85.0,Intermediate
smartphone,Google,Pixel 9 Pro XL,gps not working location inaccurate,Network failure,GPS antenna;Motherboard;Firmware,30,82.0,Intermediate
smartphone,Google,Pixel 9 Pro XL,face id not working facial recognition,Camera failure,IR camera;Dot projector;Flood illuminator,55,78.0,Advanced
smartphone,Google,Pixel 9 Pro XL,sim card not detected no signal no service,Network failure,SIM tray;SIM reader;Antenna;Motherboard,40,88.0,Intermediate
smartphone,Google,Pixel 9 Pro XL,vibration motor not working no haptic feedback,Physical damage,Vibration motor;Taptic engine;Flex cable,35,92.0,Beginner
smartphone,Google,Pixel 9 Pro,won't turn on no power dead phone,Power supply failure,Battery;Charging port;Power IC,45,88.0,Intermediate
smartphone,Google,Pixel 9 Pro,dead battery drains fast not charging,Battery failure,Battery;Charging port,40,95.0,Beginner
smartphone,Google,Pixel 9 Pro,cracked screen broken display glass shattered,Screen damage,Display;Touch digitizer;Front glass,60,94.0,Advanced
smartphone,Google,Pixel 9 Pro,touch not working unresponsive screen,Touch failure,Touch digitizer;Display;Flex cable,55,90.0,Advanced
smartphone,Google,Pixel 9 Pro,slow performance lag freezing apps crash,Software issue,RAM;Processor;Storage,30,88.0,Beginner
smartphone,Google,Pixel 9 Pro,overheating phone gets very hot burns,Cooling system failure,Processor;Battery;Thermal pad,45,85.0,Intermediate
smartphone,Google,Pixel 9 Pro,wifi not connecting no internet bluetooth,Network failure,Wifi chip;Antenna;Bluetooth module,35,90.0,Intermediate
smartphone,Google,Pixel 9 Pro,no sound speaker audio crackling,Audio failure,Speaker;Audio IC;Earpiece,30,88.0,Beginner
smartphone,Google,Pixel 9 Pro,camera not working blurry photos black camera,Camera failure,Camera module;Lens;Camera flex cable,50,92.0,Advanced
smartphone,Google,Pixel 9 Pro,charging port loose not charging properly,DC jack failure,Charging port;Flex cable;Battery,45,93.0,Intermediate
smartphone,Google,Pixel 9 Pro,water damage liquid spill phone got wet,Liquid damage,Motherboard;Battery;Display;Speaker,90,65.0,Advanced
smartphone,Google,Pixel 9 Pro,phone keeps restarting boot loop crash,Boot failure,Storage;Motherboard;Operating system,60,80.0,Advanced
smartphone,Google,Pixel 9 Pro,microphone not working cant hear me on calls,Audio failure,Microphone;Audio IC;Flex cable,35,88.0,Intermediate
smartphone,Google,Pixel 9 Pro,fingerprint sensor not working biometrics,Physical damage,Fingerprint sensor;Flex cable;Home button,40,85.0,Intermediate
smartphone,Google,Pixel 9 Pro,gps not working location inaccurate,Network failure,GPS antenna;Motherboard;Firmware,30,82.0,Intermediate
smartphone,Google,Pixel 9 Pro,face id not working facial recognition,Camera failure,IR camera;Dot projector;Flood illuminator,55,78.0,Advanced
smartphone,Google,Pixel 9 Pro,sim card not detected no signal no service,Network failure,SIM tray;SIM reader;Antenna;Motherboard,40,88.0,Intermediate
smartphone,Google,Pixel 9 Pro,vibration motor not working no haptic feedback,Physical damage,Vibration motor;Taptic engine;Flex cable,35,92.0,Beginner
smartphone,Google,Pixel 9,won't turn on no power dead phone,Power supply failure,Battery;Charging port;Power IC,45,88.0,Intermediate
smartphone,Google,Pixel 9,dead battery drains fast not charging,Battery failure,Battery;Charging port,40,95.0,Beginner
smartphone,Google,Pixel 9,cracked screen broken display glass shattered,Screen damage,Display;Touch digitizer;Front glass,60,94.0,Advanced
smartphone,Google,Pixel 9,touch not working unresponsive screen,Touch failure,Touch digitizer;Display;Flex cable,55,90.0,Advanced
smartphone,Google,Pixel 9,slow performance lag freezing apps crash,Software issue,RAM;Processor;Storage,30,88.0,Beginner
smartphone,Google,Pixel 9,overheating phone gets very hot burns,Cooling system failure,Processor;Battery;Thermal pad,45,85.0,Intermediate
smartphone,Google,Pixel 9,wifi not connecting no internet bluetooth,Network failure,Wifi chip;Antenna;Bluetooth module,35,90.0,Intermediate
smartphone,Google,Pixel 9,no sound speaker audio crackling,Audio failure,Speaker;Audio IC;Earpiece,30,88.0,Beginner
smartphone,Google,Pixel 9,camera not working blurry photos black camera,Camera failure,Camera module;Lens;Camera flex cable,50,92.0,Advanced
smartphone,Google,Pixel 9,charging port loose not charging properly,DC jack failure,Charging port;Flex cable;Battery,45,93.0,Intermediate
smartphone,Google,Pixel 9,water damage liquid spill phone got wet,Liquid damage,Motherboard;Battery;Display;Speaker,90,65.0,Advanced
smartphone,Google,Pixel 9,phone keeps restarting boot loop crash,Boot failure,Storage;Motherboard;Operating system,60,80.0,Advanced
smartphone,Google,Pixel 9,microphone not working cant hear me on calls,Audio failure,Microphone;Audio IC;Flex cable,35,88.0,Intermediate
smartphone,Google,Pixel 9,fingerprint sensor not working biometrics,Physical damage,Fingerprint sensor;Flex cable;Home button,40,85.0,Intermediate
smartphone,Google,Pixel 9,gps not working location inaccurate,Network failure,GPS antenna;Motherboard;Firmware,30,82.0,Intermediate
smartphone,Google,Pixel 9,face id not working facial recognition,Camera failure,IR camera;Dot projector;Flood illuminator,55,78.0,Advanced
smartphone,Google,Pixel 9,sim card not detected no signal no service,Network failure,SIM tray;SIM reader;Antenna;Motherboard,40,88.0,Intermediate
smartphone,Google,Pixel 9,vibration motor not working no haptic feedback,Physical damage,Vibration motor;Taptic engine;Flex cable,35,92.0,Beginner
smartphone,Google,Pixel 8 Pro,won't turn on no power dead phone,Power supply failure,Battery;Charging port;Power IC,45,88.0,Intermediate
smartphone,Google,Pixel 8 Pro,dead battery drains fast not charging,Battery failure,Battery;Charging port,40,95.0,Beginner
smartphone,Google,Pixel 8 Pro,cracked screen broken display glass shattered,Screen damage,Display;Touch digitizer;Front glass,60,94.0,Advanced
smartphone,Google,Pixel 8 Pro,touch not working unresponsive screen,Touch failure,Touch digitizer;Display;Flex cable,55,90.0,Advanced
smartphone,Google,Pixel 8 Pro,slow performance lag freezing apps crash,Software issue,RAM;Processor;Storage,30,88.0,Beginner
smartphone,Google,Pixel 8 Pro,overheating phone gets very hot burns,Cooling system failure,Processor;Battery;Thermal pad,45,85.0,Intermediate
smartphone,Google,Pixel 8 Pro,wifi not connecting no internet bluetooth,Network failure,Wifi chip;Antenna;Bluetooth module,35,90.0,Intermediate
smartphone,Google,Pixel 8 Pro,no sound speaker audio crackling,Audio failure,Speaker;Audio IC;Earpiece,30,88.0,Beginner
smartphone,Google,Pixel 8 Pro,camera not working blurry photos black camera,Camera failure,Camera module;Lens;Camera flex cable,50,92.0,Advanced
smartphone,Google,Pixel 8 Pro,charging port loose not charging properly,DC jack failure,Charging port;Flex cable;Battery,45,93.0,Intermediate
smartphone,Google,Pixel 8 Pro,water damage liquid spill phone got wet,Liquid damage,Motherboard;Battery;Display;Speaker,90,65.0,Advanced
smartphone,Google,Pixel 8 Pro,phone keeps restarting boot loop crash,Boot failure,Storage;Motherboard;Operating system,60,80.0,Advanced
smartphone,Google,Pixel 8 Pro,microphone not working cant hear me on calls,Audio failure,Microphone;Audio IC;Flex cable,35,88.0,Intermediate
smartphone,Google,Pixel 8 Pro,fingerprint sensor not working biometrics,Physical damage,Fingerprint sensor;Flex cable;Home button,40,85.0,Intermediate
smartphone,Google,Pixel 8 Pro,gps not working location inaccurate,Network failure,GPS antenna;Motherboard;Firmware,30,82.0,Intermediate
smartphone,Google,Pixel 8 Pro,face id not working facial recognition,Camera failure,IR camera;Dot projector;Flood illuminator,55,78.0,Advanced
smartphone,Google,Pixel 8 Pro,sim card not detected no signal no service,Network failure,SIM tray;SIM reader;Antenna;Motherboard,40,88.0,Intermediate
smartphone,Google,Pixel 8 Pro,vibration motor not working no haptic feedback,Physical damage,Vibration motor;Taptic engine;Flex cable,35,92.0,Beginner
smartphone,Google,Pixel 8,won't turn on no power dead phone,Power supply failure,Battery;Charging port;Power IC,45,88.0,Intermediate
smartphone,Google,Pixel 8,dead battery drains fast not charging,Battery failure,Battery;Charging port,40,95.0,Beginner
smartphone,Google,Pixel 8,cracked screen broken display glass shattered,Screen damage,Display;Touch digitizer;Front glass,60,94.0,Advanced
smartphone,Google,Pixel 8,touch not working unresponsive screen,Touch failure,Touch digitizer;Display;Flex cable,55,90.0,Advanced
smartphone,Google,Pixel 8,slow performance lag freezing apps crash,Software issue,RAM;Processor;Storage,30,88.0,Beginner
smartphone,Google,Pixel 8,overheating phone gets very hot burns,Cooling system failure,Processor;Battery;Thermal pad,45,85.0,Intermediate
smartphone,Google,Pixel 8,wifi not connecting no internet bluetooth,Network failure,Wifi chip;Antenna;Bluetooth module,35,90.0,Intermediate
smartphone,Google,Pixel 8,no sound speaker audio crackling,Audio failure,Speaker;Audio IC;Earpiece,30,88.0,Beginner
smartphone,Google,Pixel 8,camera not working blurry photos black camera,Camera failure,Camera module;Lens;Camera flex cable,50,92.0,Advanced
smartphone,Google,Pixel 8,charging port loose not charging properly,DC jack failure,Charging port;Flex cable;Battery,45,93.0,Intermediate
smartphone,Google,Pixel 8,water damage liquid spill phone got wet,Liquid damage,Motherboard;Battery;Display;Speaker,90,65.0,Advanced
smartphone,Google,Pixel 8,phone keeps restarting boot loop crash,Boot failure,Storage;Motherboard;Operating system,60,80.0,Advanced
smartphone,Google,Pixel 8,microphone not working cant hear me on calls,Audio failure,Microphone;Audio IC;Flex cable,35,88.0,Intermediate
smartphone,Google,Pixel 8,fingerprint sensor not working biometrics,Physical damage,Fingerprint sensor;Flex cable;Home button,40,85.0,Intermediate
smartphone,Google,Pixel 8,gps not working location inaccurate,Network failure,GPS antenna;Motherboard;Firmware,30,82.0,Intermediate
smartphone,Google,Pixel 8,face id not working facial recognition,Camera failure,IR camera;Dot projector;Flood illuminator,55,78.0,Advanced
smartphone,Google,Pixel 8,sim card not detected no signal no service,Network failure,SIM tray;SIM reader;Antenna;Motherboard,40,88.0,Intermediate
smartphone,Google,Pixel 8,vibration motor not working no haptic feedback,Physical damage,Vibration motor;Taptic engine;Flex cable,35,92.0,Beginner
smartphone,Google,Pixel 8a,won't turn on no power dead phone,Power supply failure,Battery;Charging port;Power IC,45,88.0,Intermediate
smartphone,Google,Pixel 8a,dead battery drains fast not charging,Battery failure,Battery;Charging port,40,95.0,Beginner
smartphone,Google,Pixel 8a,cracked screen broken display glass shattered,Screen damage,Display;Touch digitizer;Front glass,60,94.0,Advanced
smartphone,Google,Pixel 8a,touch not working unresponsive screen,Touch failure,Touch digitizer;Display;Flex cable,55,90.0,Advanced
smartphone,Google,Pixel 8a,slow performance lag freezing apps crash,Software issue,RAM;Processor;Storage,30,88.0,Beginner
smartphone,Google,Pixel 8a,overheating phone gets very hot burns,Cooling system failure,Processor;Battery;Thermal pad,45,85.0,Intermediate
smartphone,Google,Pixel 8a,wifi not connecting no internet bluetooth,Network failure,Wifi chip;Antenna;Bluetooth module,35,90.0,Intermediate
smartphone,Google,Pixel 8a,no sound speaker audio crackling,Audio failure,Speaker;Audio IC;Earpiece,30,88.0,Beginner
smartphone,Google,Pixel 8a,camera not working blurry photos black camera,Camera failure,Camera module;Lens;Camera flex cable,50,92.0,Advanced
smartphone,Google,Pixel 8a,charging port loose not charging properly,DC jack failure,Charging port;Flex cable;Battery,45,93.0,Intermediate
smartphone,Google,Pixel 8a,water damage liquid spill phone got wet,Liquid damage,Motherboard;Battery;Display;Speaker,90,65.0,Advanced
smartphone,Google,Pixel 8a,phone keeps restarting boot loop crash,Boot failure,Storage;Motherboard;Operating system,60,80.0,Advanced
smartphone,Google,Pixel 8a,microphone not working cant hear me on calls,Audio failure,Microphone;Audio IC;Flex cable,35,88.0,Intermediate
smartphone,Google,Pixel 8a,fingerprint sensor not working biometrics,Physical damage,Fingerprint sensor;Flex cable;Home button,40,85.0,Intermediate
smartphone,Google,Pixel 8a,gps not working location inaccurate,Network failure,GPS antenna;Motherboard;Firmware,30,82.0,Intermediate
smartphone,Google,Pixel 8a,face id not working facial recognition,Camera failure,IR camera;Dot projector;Flood illuminator,55,78.0,Advanced
smartphone,Google,Pixel 8a,sim card not detected no signal no service,Network failure,SIM tray;SIM reader;Antenna;Motherboard,40,88.0,Intermediate
smartphone,Google,Pixel 8a,vibration motor not working no haptic feedback,Physical damage,Vibration motor;Taptic engine;Flex cable,35,92.0,Beginner
smartphone,Google,Pixel 7 Pro,won't turn on no power dead phone,Power supply failure,Battery;Charging port;Power IC,45,88.0,Intermediate
smartphone,Google,Pixel 7 Pro,dead battery drains fast not charging,Battery failure,Battery;Charging port,40,95.0,Beginner
smartphone,Google,Pixel 7 Pro,cracked screen broken display glass shattered,Screen damage,Display;Touch digitizer;Front glass,60,94.0,Advanced
smartphone,Google,Pixel 7 Pro,touch not working unresponsive screen,Touch failure,Touch digitizer;Display;Flex cable,55,90.0,Advanced
smartphone,Google,Pixel 7 Pro,slow performance lag freezing apps crash,Software issue,RAM;Processor;Storage,30,88.0,Beginner
smartphone,Google,Pixel 7 Pro,overheating phone gets very hot burns,Cooling system failure,Processor;Battery;Thermal pad,45,85.0,Intermediate
smartphone,Google,Pixel 7 Pro,wifi not connecting no internet bluetooth,Network failure,Wifi chip;Antenna;Bluetooth module,35,90.0,Intermediate
smartphone,Google,Pixel 7 Pro,no sound speaker audio crackling,Audio failure,Speaker;Audio IC;Earpiece,30,88.0,Beginner
smartphone,Google,Pixel 7 Pro,camera not working blurry photos black camera,Camera failure,Camera module;Lens;Camera flex cable,50,92.0,Advanced
smartphone,Google,Pixel 7 Pro,charging port loose not charging properly,DC jack failure,Charging port;Flex cable;Battery,45,93.0,Intermediate
smartphone,Google,Pixel 7 Pro,water damage liquid spill phone got wet,Liquid damage,Motherboard;Battery;Display;Speaker,90,65.0,Advanced
smartphone,Google,Pixel 7 Pro,phone keeps restarting boot loop crash,Boot failure,Storage;Motherboard;Operating system,60,80.0,Advanced
smartphone,Google,Pixel 7 Pro,microphone not working cant hear me on calls,Audio failure,Microphone;Audio IC;Flex cable,35,88.0,Intermediate
smartphone,Google,Pixel 7 Pro,fingerprint sensor not working biometrics,Physical damage,Fingerprint sensor;Flex cable;Home button,40,85.0,Intermediate
smartphone,Google,Pixel 7 Pro,gps not working location inaccurate,Network failure,GPS antenna;Motherboard;Firmware,30,82.0,Intermediate
smartphone,Google,Pixel 7 Pro,face id not working facial recognition,Camera failure,IR camera;Dot projector;Flood illuminator,55,78.0,Advanced
smartphone,Google,Pixel 7 Pro,sim card not detected no signal no service,Network failure,SIM tray;SIM reader;Antenna;Motherboard,40,88.0,Intermediate
smartphone,Google,Pixel 7 Pro,vibration motor not working no haptic feedback,Physical damage,Vibration motor;Taptic engine;Flex cable,35,92.0,Beginner
smartphone,Google,Pixel 7,won't turn on no power dead phone,Power supply failure,Battery;Charging port;Power IC,45,88.0,Intermediate
smartphone,Google,Pixel 7,dead battery drains fast not charging,Battery failure,Battery;Charging port,40,95.0,Beginner
smartphone,Google,Pixel 7,cracked screen broken display glass shattered,Screen damage,Display;Touch digitizer;Front glass,60,94.0,Advanced
smartphone,Google,Pixel 7,touch not working unresponsive screen,Touch failure,Touch digitizer;Display;Flex cable,55,90.0,Advanced
smartphone,Google,Pixel 7,slow performance lag freezing apps crash,Software issue,RAM;Processor;Storage,30,88.0,Beginner
smartphone,Google,Pixel 7,overheating phone gets very hot burns,Cooling system failure,Processor;Battery;Thermal pad,45,85.0,Intermediate
smartphone,Google,Pixel 7,wifi not connecting no internet bluetooth,Network failure,Wifi chip;Antenna;Bluetooth module,35,90.0,Intermediate
smartphone,Google,Pixel 7,no sound speaker audio crackling,Audio failure,Speaker;Audio IC;Earpiece,30,88.0,Beginner
smartphone,Google,Pixel 7,camera not working blurry photos black camera,Camera failure,Camera module;Lens;Camera flex cable,50,92.0,Advanced
smartphone,Google,Pixel 7,charging port loose not charging properly,DC jack failure,Charging port;Flex cable;Battery,45,93.0,Intermediate
smartphone,Google,Pixel 7,water damage liquid spill phone got wet,Liquid damage,Motherboard;Battery;Display;Speaker,90,65.0,Advanced
smartphone,Google,Pixel 7,phone keeps restarting boot loop crash,Boot failure,Storage;Motherboard;Operating system,60,80.0,Advanced
smartphone,Google,Pixel 7,microphone not working cant hear me on calls,Audio failure,Microphone;Audio IC;Flex cable,35,88.0,Intermediate
smartphone,Google,Pixel 7,fingerprint sensor not working biometrics,Physical damage,Fingerprint sensor;Flex cable;Home button,40,85.0,Intermediate
smartphone,Google,Pixel 7,gps not working location inaccurate,Network failure,GPS antenna;Motherboard;Firmware,30,82.0,Intermediate
smartphone,Google,Pixel 7,face id not working facial recognition,Camera failure,IR camera;Dot projector;Flood illuminator,55,78.0,Advanced
smartphone,Google,Pixel 7,sim card not detected no signal no service,Network failure,SIM tray;SIM reader;Antenna;Motherboard,40,88.0,Intermediate
smartphone,Google,Pixel 7,vibration motor not working no haptic feedback,Physical damage,Vibration motor;Taptic engine;Flex cable,35,92.0,Beginner
smartphone,Google,Pixel 7a,won't turn on no power dead phone,Power supply failure,Battery;Charging port;Power IC,45,88.0,Intermediate
smartphone,Google,Pixel 7a,dead battery drains fast not charging,Battery failure,Battery;Charging port,40,95.0,Beginner
smartphone,Google,Pixel 7a,cracked screen broken display glass shattered,Screen damage,Display;Touch digitizer;Front glass,60,94.0,Advanced
smartphone,Google,Pixel 7a,touch not working unresponsive screen,Touch failure,Touch digitizer;Display;Flex cable,55,90.0,Advanced
smartphone,Google,Pixel 7a,slow performance lag freezing apps crash,Software issue,RAM;Processor;Storage,30,88.0,Beginner
smartphone,Google,Pixel 7a,overheating phone gets very hot burns,Cooling system failure,Processor;Battery;Thermal pad,45,85.0,Intermediate
smartphone,Google,Pixel 7a,wifi not connecting no internet bluetooth,Network failure,Wifi chip;Antenna;Bluetooth module,35,90.0,Intermediate
smartphone,Google,Pixel 7a,no sound speaker audio crackling,Audio failure,Speaker;Audio IC;Earpiece,30,88.0,Beginner
smartphone,Google,Pixel 7a,camera not working blurry photos black camera,Camera failure,Camera module;Lens;Camera flex cable,50,92.0,Advanced
smartphone,Google,Pixel 7a,charging port loose not charging properly,DC jack failure,Charging port;Flex cable;Battery,45,93.0,Intermediate
smartphone,Google,Pixel 7a,water damage liquid spill phone got wet,Liquid damage,Motherboard;Battery;Display;Speaker,90,65.0,Advanced
smartphone,Google,Pixel 7a,phone keeps restarting boot loop crash,Boot failure,Storage;Motherboard;Operating system,60,80.0,Advanced
smartphone,Google,Pixel 7a,microphone not working cant hear me on calls,Audio failure,Microphone;Audio IC;Flex cable,35,88.0,Intermediate
smartphone,Google,Pixel 7a,fingerprint sensor not working biometrics,Physical damage,Fingerprint sensor;Flex cable;Home button,40,85.0,Intermediate
smartphone,Google,Pixel 7a,gps not working location inaccurate,Network failure,GPS antenna;Motherboard;Firmware,30,82.0,Intermediate
smartphone,Google,Pixel 7a,face id not working facial recognition,Camera failure,IR camera;Dot projector;Flood illuminator,55,78.0,Advanced
smartphone,Google,Pixel 7a,sim card not detected no signal no service,Network failure,SIM tray;SIM reader;Antenna;Motherboard,40,88.0,Intermediate
smartphone,Google,Pixel 7a,vibration motor not working no haptic feedback,Physical damage,Vibration motor;Taptic engine;Flex cable,35,92.0,Beginner
smartphone,Google,Pixel 6 Pro,won't turn on no power dead phone,Power supply failure,Battery;Charging port;Power IC,45,88.0,Intermediate
smartphone,Google,Pixel 6 Pro,dead battery drains fast not charging,Battery failure,Battery;Charging port,40,95.0,Beginner
smartphone,Google,Pixel 6 Pro,cracked screen broken display glass shattered,Screen damage,Display;Touch digitizer;Front glass,60,94.0,Advanced
smartphone,Google,Pixel 6 Pro,touch not working unresponsive screen,Touch failure,Touch digitizer;Display;Flex cable,55,90.0,Advanced
smartphone,Google,Pixel 6 Pro,slow performance lag freezing apps crash,Software issue,RAM;Processor;Storage,30,88.0,Beginner
smartphone,Google,Pixel 6 Pro,overheating phone gets very hot burns,Cooling system failure,Processor;Battery;Thermal pad,45,85.0,Intermediate
smartphone,Google,Pixel 6 Pro,wifi not connecting no internet bluetooth,Network failure,Wifi chip;Antenna;Bluetooth module,35,90.0,Intermediate
smartphone,Google,Pixel 6 Pro,no sound speaker audio crackling,Audio failure,Speaker;Audio IC;Earpiece,30,88.0,Beginner
smartphone,Google,Pixel 6 Pro,camera not working blurry photos black camera,Camera failure,Camera module;Lens;Camera flex cable,50,92.0,Advanced
smartphone,Google,Pixel 6 Pro,charging port loose not charging properly,DC jack failure,Charging port;Flex cable;Battery,45,93.0,Intermediate
smartphone,Google,Pixel 6 Pro,water damage liquid spill phone got wet,Liquid damage,Motherboard;Battery;Display;Speaker,90,65.0,Advanced
smartphone,Google,Pixel 6 Pro,phone keeps restarting boot loop crash,Boot failure,Storage;Motherboard;Operating system,60,80.0,Advanced
smartphone,Google,Pixel 6 Pro,microphone not working cant hear me on calls,Audio failure,Microphone;Audio IC;Flex cable,35,88.0,Intermediate
smartphone,Google,Pixel 6 Pro,fingerprint sensor not working biometrics,Physical damage,Fingerprint sensor;Flex cable;Home button,40,85.0,Intermediate
smartphone,Google,Pixel 6 Pro,gps not working location inaccurate,Network failure,GPS antenna;Motherboard;Firmware,30,82.0,Intermediate
smartphone,Google,Pixel 6 Pro,face id not working facial recognition,Camera failure,IR camera;Dot projector;Flood illuminator,55,78.0,Advanced
smartphone,Google,Pixel 6 Pro,sim card not detected no signal no service,Network failure,SIM tray;SIM reader;Antenna;Motherboard,40,88.0,Intermediate
smartphone,Google,Pixel 6 Pro,vibration motor not working no haptic feedback,Physical damage,Vibration motor;Taptic engine;Flex cable,35,92.0,Beginner
smartphone,OnePlus,OnePlus 12,won't turn on no power dead phone,Power supply failure,Battery;Charging port;Power IC,45,88.0,Intermediate
smartphone,OnePlus,OnePlus 12,dead battery drains fast not charging,Battery failure,Battery;Charging port,40,95.0,Beginner
smartphone,OnePlus,OnePlus 12,cracked screen broken display glass shattered,Screen damage,Display;Touch digitizer;Front glass,60,94.0,Advanced
smartphone,OnePlus,OnePlus 12,touch not working unresponsive screen,Touch failure,Touch digitizer;Display;Flex cable,55,90.0,Advanced
smartphone,OnePlus,OnePlus 12,slow performance lag freezing apps crash,Software issue,RAM;Processor;Storage,30,88.0,Beginner
smartphone,OnePlus,OnePlus 12,overheating phone gets very hot burns,Cooling system failure,Processor;Battery;Thermal pad,45,85.0,Intermediate
smartphone,OnePlus,OnePlus 12,wifi not connecting no internet bluetooth,Network failure,Wifi chip;Antenna;Bluetooth module,35,90.0,Intermediate
smartphone,OnePlus,OnePlus 12,no sound speaker audio crackling,Audio failure,Speaker;Audio IC;Earpiece,30,88.0,Beginner
smartphone,OnePlus,OnePlus 12,camera not working blurry photos black camera,Camera failure,Camera module;Lens;Camera flex cable,50,92.0,Advanced
smartphone,OnePlus,OnePlus 12,charging port loose not charging properly,DC jack failure,Charging port;Flex cable;Battery,45,93.0,Intermediate
smartphone,OnePlus,OnePlus 12,water damage liquid spill phone got wet,Liquid damage,Motherboard;Battery;Display;Speaker,90,65.0,Advanced
smartphone,OnePlus,OnePlus 12,phone keeps restarting boot loop crash,Boot failure,Storage;Motherboard;Operating system,60,80.0,Advanced
smartphone,OnePlus,OnePlus 12,microphone not working cant hear me on calls,Audio failure,Microphone;Audio IC;Flex cable,35,88.0,Intermediate
smartphone,OnePlus,OnePlus 12,fingerprint sensor not working biometrics,Physical damage,Fingerprint sensor;Flex cable;Home button,40,85.0,Intermediate
smartphone,OnePlus,OnePlus 12,gps not working location inaccurate,Network failure,GPS antenna;Motherboard;Firmware,30,82.0,Intermediate
smartphone,OnePlus,OnePlus 12,face id not working facial recognition,Camera failure,IR camera;Dot projector;Flood illuminator,55,78.0,Advanced
smartphone,OnePlus,OnePlus 12,sim card not detected no signal no service,Network failure,SIM tray;SIM reader;Antenna;Motherboard,40,88.0,Intermediate
smartphone,OnePlus,OnePlus 12,vibration motor not working no haptic feedback,Physical damage,Vibration motor;Taptic engine;Flex cable,35,92.0,Beginner
smartphone,OnePlus,OnePlus 12R,won't turn on no power dead phone,Power supply failure,Battery;Charging port;Power IC,45,88.0,Intermediate
smartphone,OnePlus,OnePlus 12R,dead battery drains fast not charging,Battery failure,Battery;Charging port,40,95.0,Beginner
smartphone,OnePlus,OnePlus 12R,cracked screen broken display glass shattered,Screen damage,Display;Touch digitizer;Front glass,60,94.0,Advanced
smartphone,OnePlus,OnePlus 12R,touch not working unresponsive screen,Touch failure,Touch digitizer;Display;Flex cable,55,90.0,Advanced
smartphone,OnePlus,OnePlus 12R,slow performance lag freezing apps crash,Software issue,RAM;Processor;Storage,30,88.0,Beginner
smartphone,OnePlus,OnePlus 12R,overheating phone gets very hot burns,Cooling system failure,Processor;Battery;Thermal pad,45,85.0,Intermediate
smartphone,OnePlus,OnePlus 12R,wifi not connecting no internet bluetooth,Network failure,Wifi chip;Antenna;Bluetooth module,35,90.0,Intermediate
smartphone,OnePlus,OnePlus 12R,no sound speaker audio crackling,Audio failure,Speaker;Audio IC;Earpiece,30,88.0,Beginner
smartphone,OnePlus,OnePlus 12R,camera not working blurry photos black camera,Camera failure,Camera module;Lens;Camera flex cable,50,92.0,Advanced
smartphone,OnePlus,OnePlus 12R,charging port loose not charging properly,DC jack failure,Charging port;Flex cable;Battery,45,93.0,Intermediate
smartphone,OnePlus,OnePlus 12R,water damage liquid spill phone got wet,Liquid damage,Motherboard;Battery;Display;Speaker,90,65.0,Advanced
smartphone,OnePlus,OnePlus 12R,phone keeps restarting boot loop crash,Boot failure,Storage;Motherboard;Operating system,60,80.0,Advanced
smartphone,OnePlus,OnePlus 12R,microphone not working cant hear me on calls,Audio failure,Microphone;Audio IC;Flex cable,35,88.0,Intermediate
smartphone,OnePlus,OnePlus 12R,fingerprint sensor not working biometrics,Physical damage,Fingerprint sensor;Flex cable;Home button,40,85.0,Intermediate
smartphone,OnePlus,OnePlus 12R,gps not working location inaccurate,Network failure,GPS antenna;Motherboard;Firmware,30,82.0,Intermediate
smartphone,OnePlus,OnePlus 12R,face id not working facial recognition,Camera failure,IR camera;Dot projector;Flood illuminator,55,78.0,Advanced
smartphone,OnePlus,OnePlus 12R,sim card not detected no signal no service,Network failure,SIM tray;SIM reader;Antenna;Motherboard,40,88.0,Intermediate
smartphone,OnePlus,OnePlus 12R,vibration motor not working no haptic feedback,Physical damage,Vibration motor;Taptic engine;Flex cable,35,92.0,Beginner
smartphone,OnePlus,OnePlus Open,won't turn on no power dead phone,Power supply failure,Battery;Charging port;Power IC,45,88.0,Intermediate
smartphone,OnePlus,OnePlus Open,dead battery drains fast not charging,Battery failure,Battery;Charging port,40,95.0,Beginner
smartphone,OnePlus,OnePlus Open,cracked screen broken display glass shattered,Screen damage,Display;Touch digitizer;Front glass,60,94.0,Advanced
smartphone,OnePlus,OnePlus Open,touch not working unresponsive screen,Touch failure,Touch digitizer;Display;Flex cable,55,90.0,Advanced
smartphone,OnePlus,OnePlus Open,slow performance lag freezing apps crash,Software issue,RAM;Processor;Storage,30,88.0,Beginner
smartphone,OnePlus,OnePlus Open,overheating phone gets very hot burns,Cooling system failure,Processor;Battery;Thermal pad,45,85.0,Intermediate
smartphone,OnePlus,OnePlus Open,wifi not connecting no internet bluetooth,Network failure,Wifi chip;Antenna;Bluetooth module,35,90.0,Intermediate
smartphone,OnePlus,OnePlus Open,no sound speaker audio crackling,Audio failure,Speaker;Audio IC;Earpiece,30,88.0,Beginner
smartphone,OnePlus,OnePlus Open,camera not working blurry photos black camera,Camera failure,Camera module;Lens;Camera flex cable,50,92.0,Advanced
smartphone,OnePlus,OnePlus Open,charging port loose not charging properly,DC jack failure,Charging port;Flex cable;Battery,45,93.0,Intermediate
smartphone,OnePlus,OnePlus Open,water damage liquid spill phone got wet,Liquid damage,Motherboard;Battery;Display;Speaker,90,65.0,Advanced
smartphone,OnePlus,OnePlus Open,phone keeps restarting boot loop crash,Boot failure,Storage;Motherboard;Operating system,60,80.0,Advanced
smartphone,OnePlus,OnePlus Open,microphone not working cant hear me on calls,Audio failure,Microphone;Audio IC;Flex cable,35,88.0,Intermediate
smartphone,OnePlus,OnePlus Open,fingerprint sensor not working biometrics,Physical damage,Fingerprint sensor;Flex cable;Home button,40,85.0,Intermediate
smartphone,OnePlus,OnePlus Open,gps not working location inaccurate,Network failure,GPS antenna;Motherboard;Firmware,30,82.0,Intermediate
smartphone,OnePlus,OnePlus Open,face id not working facial recognition,Camera failure,IR camera;Dot projector;Flood illuminator,55,78.0,Advanced
smartphone,OnePlus,OnePlus Open,sim card not detected no signal no service,Network failure,SIM tray;SIM reader;Antenna;Motherboard,40,88.0,Intermediate
smartphone,OnePlus,OnePlus Open,vibration motor not working no haptic feedback,Physical damage,Vibration motor;Taptic engine;Flex cable,35,92.0,Beginner
smartphone,OnePlus,OnePlus 11,won't turn on no power dead phone,Power supply failure,Battery;Charging port;Power IC,45,88.0,Intermediate
smartphone,OnePlus,OnePlus 11,dead battery drains fast not charging,Battery failure,Battery;Charging port,40,95.0,Beginner
smartphone,OnePlus,OnePlus 11,cracked screen broken display glass shattered,Screen damage,Display;Touch digitizer;Front glass,60,94.0,Advanced
smartphone,OnePlus,OnePlus 11,touch not working unresponsive screen,Touch failure,Touch digitizer;Display;Flex cable,55,90.0,Advanced
smartphone,OnePlus,OnePlus 11,slow performance lag freezing apps crash,Software issue,RAM;Processor;Storage,30,88.0,Beginner
smartphone,OnePlus,OnePlus 11,overheating phone gets very hot burns,Cooling system failure,Processor;Battery;Thermal pad,45,85.0,Intermediate
smartphone,OnePlus,OnePlus 11,wifi not connecting no internet bluetooth,Network failure,Wifi chip;Antenna;Bluetooth module,35,90.0,Intermediate
smartphone,OnePlus,OnePlus 11,no sound speaker audio crackling,Audio failure,Speaker;Audio IC;Earpiece,30,88.0,Beginner
smartphone,OnePlus,OnePlus 11,camera not working blurry photos black camera,Camera failure,Camera module;Lens;Camera flex cable,50,92.0,Advanced
smartphone,OnePlus,OnePlus 11,charging port loose not charging properly,DC jack failure,Charging port;Flex cable;Battery,45,93.0,Intermediate
smartphone,OnePlus,OnePlus 11,water damage liquid spill phone got wet,Liquid damage,Motherboard;Battery;Display;Speaker,90,65.0,Advanced
smartphone,OnePlus,OnePlus 11,phone keeps restarting boot loop crash,Boot failure,Storage;Motherboard;Operating system,60,80.0,Advanced
smartphone,OnePlus,OnePlus 11,microphone not working cant hear me on calls,Audio failure,Microphone;Audio IC;Flex cable,35,88.0,Intermediate
smartphone,OnePlus,OnePlus 11,fingerprint sensor not working biometrics,Physical damage,Fingerprint sensor;Flex cable;Home button,40,85.0,Intermediate
smartphone,OnePlus,OnePlus 11,gps not working location inaccurate,Network failure,GPS antenna;Motherboard;Firmware,30,82.0,Intermediate
smartphone,OnePlus,OnePlus 11,face id not working facial recognition,Camera failure,IR camera;Dot projector;Flood illuminator,55,78.0,Advanced
smartphone,OnePlus,OnePlus 11,sim card not detected no signal no service,Network failure,SIM tray;SIM reader;Antenna;Motherboard,40,88.0,Intermediate
smartphone,OnePlus,OnePlus 11,vibration motor not working no haptic feedback,Physical damage,Vibration motor;Taptic engine;Flex cable,35,92.0,Beginner
smartphone,OnePlus,OnePlus 10 Pro,won't turn on no power dead phone,Power supply failure,Battery;Charging port;Power IC,45,88.0,Intermediate
smartphone,OnePlus,OnePlus 10 Pro,dead battery drains fast not charging,Battery failure,Battery;Charging port,40,95.0,Beginner
smartphone,OnePlus,OnePlus 10 Pro,cracked screen broken display glass shattered,Screen damage,Display;Touch digitizer;Front glass,60,94.0,Advanced
smartphone,OnePlus,OnePlus 10 Pro,touch not working unresponsive screen,Touch failure,Touch digitizer;Display;Flex cable,55,90.0,Advanced
smartphone,OnePlus,OnePlus 10 Pro,slow performance lag freezing apps crash,Software issue,RAM;Processor;Storage,30,88.0,Beginner
smartphone,OnePlus,OnePlus 10 Pro,overheating phone gets very hot burns,Cooling system failure,Processor;Battery;Thermal pad,45,85.0,Intermediate
smartphone,OnePlus,OnePlus 10 Pro,wifi not connecting no internet bluetooth,Network failure,Wifi chip;Antenna;Bluetooth module,35,90.0,Intermediate
smartphone,OnePlus,OnePlus 10 Pro,no sound speaker audio crackling,Audio failure,Speaker;Audio IC;Earpiece,30,88.0,Beginner
smartphone,OnePlus,OnePlus 10 Pro,camera not working blurry photos black camera,Camera failure,Camera module;Lens;Camera flex cable,50,92.0,Advanced
smartphone,OnePlus,OnePlus 10 Pro,charging port loose not charging properly,DC jack failure,Charging port;Flex cable;Battery,45,93.0,Intermediate
smartphone,OnePlus,OnePlus 10 Pro,water damage liquid spill phone got wet,Liquid damage,Motherboard;Battery;Display;Speaker,90,65.0,Advanced
smartphone,OnePlus,OnePlus 10 Pro,phone keeps restarting boot loop crash,Boot failure,Storage;Motherboard;Operating system,60,80.0,Advanced
smartphone,OnePlus,OnePlus 10 Pro,microphone not working cant hear me on calls,Audio failure,Microphone;Audio IC;Flex cable,35,88.0,Intermediate
smartphone,OnePlus,OnePlus 10 Pro,fingerprint sensor not working biometrics,Physical damage,Fingerprint sensor;Flex cable;Home button,40,85.0,Intermediate
smartphone,OnePlus,OnePlus 10 Pro,gps not working location inaccurate,Network failure,GPS antenna;Motherboard;Firmware,30,82.0,Intermediate
smartphone,OnePlus,OnePlus 10 Pro,face id not working facial recognition,Camera failure,IR camera;Dot projector;Flood illuminator,55,78.0,Advanced
smartphone,OnePlus,OnePlus 10 Pro,sim card not detected no signal no service,Network failure,SIM tray;SIM reader;Antenna;Motherboard,40,88.0,Intermediate
smartphone,OnePlus,OnePlus 10 Pro,vibration motor not working no haptic feedback,Physical damage,Vibration motor;Taptic engine;Flex cable,35,92.0,Beginner
smartphone,OnePlus,OnePlus Nord 4,won't turn on no power dead phone,Power supply failure,Battery;Charging port;Power IC,45,88.0,Intermediate
smartphone,OnePlus,OnePlus Nord 4,dead battery drains fast not charging,Battery failure,Battery;Charging port,40,95.0,Beginner
smartphone,OnePlus,OnePlus Nord 4,cracked screen broken display glass shattered,Screen damage,Display;Touch digitizer;Front glass,60,94.0,Advanced
smartphone,OnePlus,OnePlus Nord 4,touch not working unresponsive screen,Touch failure,Touch digitizer;Display;Flex cable,55,90.0,Advanced
smartphone,OnePlus,OnePlus Nord 4,slow performance lag freezing apps crash,Software issue,RAM;Processor;Storage,30,88.0,Beginner
smartphone,OnePlus,OnePlus Nord 4,overheating phone gets very hot burns,Cooling system failure,Processor;Battery;Thermal pad,45,85.0,Intermediate
smartphone,OnePlus,OnePlus Nord 4,wifi not connecting no internet bluetooth,Network failure,Wifi chip;Antenna;Bluetooth module,35,90.0,Intermediate
smartphone,OnePlus,OnePlus Nord 4,no sound speaker audio crackling,Audio failure,Speaker;Audio IC;Earpiece,30,88.0,Beginner
smartphone,OnePlus,OnePlus Nord 4,camera not working blurry photos black camera,Camera failure,Camera module;Lens;Camera flex cable,50,92.0,Advanced
smartphone,OnePlus,OnePlus Nord 4,charging port loose not charging properly,DC jack failure,Charging port;Flex cable;Battery,45,93.0,Intermediate
smartphone,OnePlus,OnePlus Nord 4,water damage liquid spill phone got wet,Liquid damage,Motherboard;Battery;Display;Speaker,90,65.0,Advanced
smartphone,OnePlus,OnePlus Nord 4,phone keeps restarting boot loop crash,Boot failure,Storage;Motherboard;Operating system,60,80.0,Advanced
smartphone,OnePlus,OnePlus Nord 4,microphone not working cant hear me on calls,Audio failure,Microphone;Audio IC;Flex cable,35,88.0,Intermediate
smartphone,OnePlus,OnePlus Nord 4,fingerprint sensor not working biometrics,Physical damage,Fingerprint sensor;Flex cable;Home button,40,85.0,Intermediate
smartphone,OnePlus,OnePlus Nord 4,gps not working location inaccurate,Network failure,GPS antenna;Motherboard;Firmware,30,82.0,Intermediate
smartphone,OnePlus,OnePlus Nord 4,face id not working facial recognition,Camera failure,IR camera;Dot projector;Flood illuminator,55,78.0,Advanced
smartphone,OnePlus,OnePlus Nord 4,sim card not detected no signal no service,Network failure,SIM tray;SIM reader;Antenna;Motherboard,40,88.0,Intermediate
smartphone,OnePlus,OnePlus Nord 4,vibration motor not working no haptic feedback,Physical damage,Vibration motor;Taptic engine;Flex cable,35,92.0,Beginner
smartphone,OnePlus,OnePlus Nord CE 4,won't turn on no power dead phone,Power supply failure,Battery;Charging port;Power IC,45,88.0,Intermediate
smartphone,OnePlus,OnePlus Nord CE 4,dead battery drains fast not charging,Battery failure,Battery;Charging port,40,95.0,Beginner
smartphone,OnePlus,OnePlus Nord CE 4,cracked screen broken display glass shattered,Screen damage,Display;Touch digitizer;Front glass,60,94.0,Advanced
smartphone,OnePlus,OnePlus Nord CE 4,touch not working unresponsive screen,Touch failure,Touch digitizer;Display;Flex cable,55,90.0,Advanced
smartphone,OnePlus,OnePlus Nord CE 4,slow performance lag freezing apps crash,Software issue,RAM;Processor;Storage,30,88.0,Beginner
smartphone,OnePlus,OnePlus Nord CE 4,overheating phone gets very hot burns,Cooling system failure,Processor;Battery;Thermal pad,45,85.0,Intermediate
smartphone,OnePlus,OnePlus Nord CE 4,wifi not connecting no internet bluetooth,Network failure,Wifi chip;Antenna;Bluetooth module,35,90.0,Intermediate
smartphone,OnePlus,OnePlus Nord CE 4,no sound speaker audio crackling,Audio failure,Speaker;Audio IC;Earpiece,30,88.0,Beginner
smartphone,OnePlus,OnePlus Nord CE 4,camera not working blurry photos black camera,Camera failure,Camera module;Lens;Camera flex cable,50,92.0,Advanced
smartphone,OnePlus,OnePlus Nord CE 4,charging port loose not charging properly,DC jack failure,Charging port;Flex cable;Battery,45,93.0,Intermediate
smartphone,OnePlus,OnePlus Nord CE 4,water damage liquid spill phone got wet,Liquid damage,Motherboard;Battery;Display;Speaker,90,65.0,Advanced
smartphone,OnePlus,OnePlus Nord CE 4,phone keeps restarting boot loop crash,Boot failure,Storage;Motherboard;Operating system,60,80.0,Advanced
smartphone,OnePlus,OnePlus Nord CE 4,microphone not working cant hear me on calls,Audio failure,Microphone;Audio IC;Flex cable,35,88.0,Intermediate
smartphone,OnePlus,OnePlus Nord CE 4,fingerprint sensor not working biometrics,Physical damage,Fingerprint sensor;Flex cable;Home button,40,85.0,Intermediate
smartphone,OnePlus,OnePlus Nord CE 4,gps not working location inaccurate,Network failure,GPS antenna;Motherboard;Firmware,30,82.0,Intermediate
smartphone,OnePlus,OnePlus Nord CE 4,face id not working facial recognition,Camera failure,IR camera;Dot projector;Flood illuminator,55,78.0,Advanced
smartphone,OnePlus,OnePlus Nord CE 4,sim card not detected no signal no service,Network failure,SIM tray;SIM reader;Antenna;Motherboard,40,88.0,Intermediate
smartphone,OnePlus,OnePlus Nord CE 4,vibration motor not working no haptic feedback,Physical damage,Vibration motor;Taptic engine;Flex cable,35,92.0,Beginner
smartphone,OnePlus,OnePlus Nord 3,won't turn on no power dead phone,Power supply failure,Battery;Charging port;Power IC,45,88.0,Intermediate
smartphone,OnePlus,OnePlus Nord 3,dead battery drains fast not charging,Battery failure,Battery;Charging port,40,95.0,Beginner
smartphone,OnePlus,OnePlus Nord 3,cracked screen broken display glass shattered,Screen damage,Display;Touch digitizer;Front glass,60,94.0,Advanced
smartphone,OnePlus,OnePlus Nord 3,touch not working unresponsive screen,Touch failure,Touch digitizer;Display;Flex cable,55,90.0,Advanced
smartphone,OnePlus,OnePlus Nord 3,slow performance lag freezing apps crash,Software issue,RAM;Processor;Storage,30,88.0,Beginner
smartphone,OnePlus,OnePlus Nord 3,overheating phone gets very hot burns,Cooling system failure,Processor;Battery;Thermal pad,45,85.0,Intermediate
smartphone,OnePlus,OnePlus Nord 3,wifi not connecting no internet bluetooth,Network failure,Wifi chip;Antenna;Bluetooth module,35,90.0,Intermediate
smartphone,OnePlus,OnePlus Nord 3,no sound speaker audio crackling,Audio failure,Speaker;Audio IC;Earpiece,30,88.0,Beginner
smartphone,OnePlus,OnePlus Nord 3,camera not working blurry photos black camera,Camera failure,Camera module;Lens;Camera flex cable,50,92.0,Advanced
smartphone,OnePlus,OnePlus Nord 3,charging port loose not charging properly,DC jack failure,Charging port;Flex cable;Battery,45,93.0,Intermediate
smartphone,OnePlus,OnePlus Nord 3,water damage liquid spill phone got wet,Liquid damage,Motherboard;Battery;Display;Speaker,90,65.0,Advanced
smartphone,OnePlus,OnePlus Nord 3,phone keeps restarting boot loop crash,Boot failure,Storage;Motherboard;Operating system,60,80.0,Advanced
smartphone,OnePlus,OnePlus Nord 3,microphone not working cant hear me on calls,Audio failure,Microphone;Audio IC;Flex cable,35,88.0,Intermediate
smartphone,OnePlus,OnePlus Nord 3,fingerprint sensor not working biometrics,Physical damage,Fingerprint sensor;Flex cable;Home button,40,85.0,Intermediate
smartphone,OnePlus,OnePlus Nord 3,gps not working location inaccurate,Network failure,GPS antenna;Motherboard;Firmware,30,82.0,Intermediate
smartphone,OnePlus,OnePlus Nord 3,face id not working facial recognition,Camera failure,IR camera;Dot projector;Flood illuminator,55,78.0,Advanced
smartphone,OnePlus,OnePlus Nord 3,sim card not detected no signal no service,Network failure,SIM tray;SIM reader;Antenna;Motherboard,40,88.0,Intermediate
smartphone,OnePlus,OnePlus Nord 3,vibration motor not working no haptic feedback,Physical damage,Vibration motor;Taptic engine;Flex cable,35,92.0,Beginner
smartphone,OnePlus,OnePlus 10T,won't turn on no power dead phone,Power supply failure,Battery;Charging port;Power IC,45,88.0,Intermediate
smartphone,OnePlus,OnePlus 10T,dead battery drains fast not charging,Battery failure,Battery;Charging port,40,95.0,Beginner
smartphone,OnePlus,OnePlus 10T,cracked screen broken display glass shattered,Screen damage,Display;Touch digitizer;Front glass,60,94.0,Advanced
smartphone,OnePlus,OnePlus 10T,touch not working unresponsive screen,Touch failure,Touch digitizer;Display;Flex cable,55,90.0,Advanced
smartphone,OnePlus,OnePlus 10T,slow performance lag freezing apps crash,Software issue,RAM;Processor;Storage,30,88.0,Beginner
smartphone,OnePlus,OnePlus 10T,overheating phone gets very hot burns,Cooling system failure,Processor;Battery;Thermal pad,45,85.0,Intermediate
smartphone,OnePlus,OnePlus 10T,wifi not connecting no internet bluetooth,Network failure,Wifi chip;Antenna;Bluetooth module,35,90.0,Intermediate
smartphone,OnePlus,OnePlus 10T,no sound speaker audio crackling,Audio failure,Speaker;Audio IC;Earpiece,30,88.0,Beginner
smartphone,OnePlus,OnePlus 10T,camera not working blurry photos black camera,Camera failure,Camera module;Lens;Camera flex cable,50,92.0,Advanced
smartphone,OnePlus,OnePlus 10T,charging port loose not charging properly,DC jack failure,Charging port;Flex cable;Battery,45,93.0,Intermediate
smartphone,OnePlus,OnePlus 10T,water damage liquid spill phone got wet,Liquid damage,Motherboard;Battery;Display;Speaker,90,65.0,Advanced
smartphone,OnePlus,OnePlus 10T,phone keeps restarting boot loop crash,Boot failure,Storage;Motherboard;Operating system,60,80.0,Advanced
smartphone,OnePlus,OnePlus 10T,microphone not working cant hear me on calls,Audio failure,Microphone;Audio IC;Flex cable,35,88.0,Intermediate
smartphone,OnePlus,OnePlus 10T,fingerprint sensor not working biometrics,Physical damage,Fingerprint sensor;Flex cable;Home button,40,85.0,Intermediate
smartphone,OnePlus,OnePlus 10T,gps not working location inaccurate,Network failure,GPS antenna;Motherboard;Firmware,30,82.0,Intermediate
smartphone,OnePlus,OnePlus 10T,face id not working facial recognition,Camera failure,IR camera;Dot projector;Flood illuminator,55,78.0,Advanced
smartphone,OnePlus,OnePlus 10T,sim card not detected no signal no service,Network failure,SIM tray;SIM reader;Antenna;Motherboard,40,88.0,Intermediate
smartphone,OnePlus,OnePlus 10T,vibration motor not working no haptic feedback,Physical damage,Vibration motor;Taptic engine;Flex cable,35,92.0,Beginner
smartphone,Xiaomi,Xiaomi 14 Ultra,won't turn on no power dead phone,Power supply failure,Battery;Charging port;Power IC,45,88.0,Intermediate
smartphone,Xiaomi,Xiaomi 14 Ultra,dead battery drains fast not charging,Battery failure,Battery;Charging port,40,95.0,Beginner
smartphone,Xiaomi,Xiaomi 14 Ultra,cracked screen broken display glass shattered,Screen damage,Display;Touch digitizer;Front glass,60,94.0,Advanced
smartphone,Xiaomi,Xiaomi 14 Ultra,touch not working unresponsive screen,Touch failure,Touch digitizer;Display;Flex cable,55,90.0,Advanced
smartphone,Xiaomi,Xiaomi 14 Ultra,slow performance lag freezing apps crash,Software issue,RAM;Processor;Storage,30,88.0,Beginner
smartphone,Xiaomi,Xiaomi 14 Ultra,overheating phone gets very hot burns,Cooling system failure,Processor;Battery;Thermal pad,45,85.0,Intermediate
smartphone,Xiaomi,Xiaomi 14 Ultra,wifi not connecting no internet bluetooth,Network failure,Wifi chip;Antenna;Bluetooth module,35,90.0,Intermediate
smartphone,Xiaomi,Xiaomi 14 Ultra,no sound speaker audio crackling,Audio failure,Speaker;Audio IC;Earpiece,30,88.0,Beginner
smartphone,Xiaomi,Xiaomi 14 Ultra,camera not working blurry photos black camera,Camera failure,Camera module;Lens;Camera flex cable,50,92.0,Advanced
smartphone,Xiaomi,Xiaomi 14 Ultra,charging port loose not charging properly,DC jack failure,Charging port;Flex cable;Battery,45,93.0,Intermediate
smartphone,Xiaomi,Xiaomi 14 Ultra,water damage liquid spill phone got wet,Liquid damage,Motherboard;Battery;Display;Speaker,90,65.0,Advanced
smartphone,Xiaomi,Xiaomi 14 Ultra,phone keeps restarting boot loop crash,Boot failure,Storage;Motherboard;Operating system,60,80.0,Advanced
smartphone,Xiaomi,Xiaomi 14 Ultra,microphone not working cant hear me on calls,Audio failure,Microphone;Audio IC;Flex cable,35,88.0,Intermediate
smartphone,Xiaomi,Xiaomi 14 Ultra,fingerprint sensor not working biometrics,Physical damage,Fingerprint sensor;Flex cable;Home button,40,85.0,Intermediate
smartphone,Xiaomi,Xiaomi 14 Ultra,gps not working location inaccurate,Network failure,GPS antenna;Motherboard;Firmware,30,82.0,Intermediate
smartphone,Xiaomi,Xiaomi 14 Ultra,face id not working facial recognition,Camera failure,IR camera;Dot projector;Flood illuminator,55,78.0,Advanced
smartphone,Xiaomi,Xiaomi 14 Ultra,sim card not detected no signal no service,Network failure,SIM tray;SIM reader;Antenna;Motherboard,40,88.0,Intermediate
smartphone,Xiaomi,Xiaomi 14 Ultra,vibration motor not working no haptic feedback,Physical damage,Vibration motor;Taptic engine;Flex cable,35,92.0,Beginner
smartphone,Xiaomi,Xiaomi 14 Pro,won't turn on no power dead phone,Power supply failure,Battery;Charging port;Power IC,45,88.0,Intermediate
smartphone,Xiaomi,Xiaomi 14 Pro,dead battery drains fast not charging,Battery failure,Battery;Charging port,40,95.0,Beginner
smartphone,Xiaomi,Xiaomi 14 Pro,cracked screen broken display glass shattered,Screen damage,Display;Touch digitizer;Front glass,60,94.0,Advanced
smartphone,Xiaomi,Xiaomi 14 Pro,touch not working unresponsive screen,Touch failure,Touch digitizer;Display;Flex cable,55,90.0,Advanced
smartphone,Xiaomi,Xiaomi 14 Pro,slow performance lag freezing apps crash,Software issue,RAM;Processor;Storage,30,88.0,Beginner
smartphone,Xiaomi,Xiaomi 14 Pro,overheating phone gets very hot burns,Cooling system failure,Processor;Battery;Thermal pad,45,85.0,Intermediate
smartphone,Xiaomi,Xiaomi 14 Pro,wifi not connecting no internet bluetooth,Network failure,Wifi chip;Antenna;Bluetooth module,35,90.0,Intermediate
smartphone,Xiaomi,Xiaomi 14 Pro,no sound speaker audio crackling,Audio failure,Speaker;Audio IC;Earpiece,30,88.0,Beginner
smartphone,Xiaomi,Xiaomi 14 Pro,camera not working blurry photos black camera,Camera failure,Camera module;Lens;Camera flex cable,50,92.0,Advanced
smartphone,Xiaomi,Xiaomi 14 Pro,charging port loose not charging properly,DC jack failure,Charging port;Flex cable;Battery,45,93.0,Intermediate
smartphone,Xiaomi,Xiaomi 14 Pro,water damage liquid spill phone got wet,Liquid damage,Motherboard;Battery;Display;Speaker,90,65.0,Advanced
smartphone,Xiaomi,Xiaomi 14 Pro,phone keeps restarting boot loop crash,Boot failure,Storage;Motherboard;Operating system,60,80.0,Advanced
smartphone,Xiaomi,Xiaomi 14 Pro,microphone not working cant hear me on calls,Audio failure,Microphone;Audio IC;Flex cable,35,88.0,Intermediate
smartphone,Xiaomi,Xiaomi 14 Pro,fingerprint sensor not working biometrics,Physical damage,Fingerprint sensor;Flex cable;Home button,40,85.0,Intermediate
smartphone,Xiaomi,Xiaomi 14 Pro,gps not working location inaccurate,Network failure,GPS antenna;Motherboard;Firmware,30,82.0,Intermediate
smartphone,Xiaomi,Xiaomi 14 Pro,face id not working facial recognition,Camera failure,IR camera;Dot projector;Flood illuminator,55,78.0,Advanced
smartphone,Xiaomi,Xiaomi 14 Pro,sim card not detected no signal no service,Network failure,SIM tray;SIM reader;Antenna;Motherboard,40,88.0,Intermediate
smartphone,Xiaomi,Xiaomi 14 Pro,vibration motor not working no haptic feedback,Physical damage,Vibration motor;Taptic engine;Flex cable,35,92.0,Beginner
smartphone,Xiaomi,Xiaomi 14,won't turn on no power dead phone,Power supply failure,Battery;Charging port;Power IC,45,88.0,Intermediate
smartphone,Xiaomi,Xiaomi 14,dead battery drains fast not charging,Battery failure,Battery;Charging port,40,95.0,Beginner
smartphone,Xiaomi,Xiaomi 14,cracked screen broken display glass shattered,Screen damage,Display;Touch digitizer;Front glass,60,94.0,Advanced
smartphone,Xiaomi,Xiaomi 14,touch not working unresponsive screen,Touch failure,Touch digitizer;Display;Flex cable,55,90.0,Advanced
smartphone,Xiaomi,Xiaomi 14,slow performance lag freezing apps crash,Software issue,RAM;Processor;Storage,30,88.0,Beginner
smartphone,Xiaomi,Xiaomi 14,overheating phone gets very hot burns,Cooling system failure,Processor;Battery;Thermal pad,45,85.0,Intermediate
smartphone,Xiaomi,Xiaomi 14,wifi not connecting no internet bluetooth,Network failure,Wifi chip;Antenna;Bluetooth module,35,90.0,Intermediate
smartphone,Xiaomi,Xiaomi 14,no sound speaker audio crackling,Audio failure,Speaker;Audio IC;Earpiece,30,88.0,Beginner
smartphone,Xiaomi,Xiaomi 14,camera not working blurry photos black camera,Camera failure,Camera module;Lens;Camera flex cable,50,92.0,Advanced
smartphone,Xiaomi,Xiaomi 14,charging port loose not charging properly,DC jack failure,Charging port;Flex cable;Battery,45,93.0,Intermediate
smartphone,Xiaomi,Xiaomi 14,water damage liquid spill phone got wet,Liquid damage,Motherboard;Battery;Display;Speaker,90,65.0,Advanced
smartphone,Xiaomi,Xiaomi 14,phone keeps restarting boot loop crash,Boot failure,Storage;Motherboard;Operating system,60,80.0,Advanced
smartphone,Xiaomi,Xiaomi 14,microphone not working cant hear me on calls,Audio failure,Microphone;Audio IC;Flex cable,35,88.0,Intermediate
smartphone,Xiaomi,Xiaomi 14,fingerprint sensor not working biometrics,Physical damage,Fingerprint sensor;Flex cable;Home button,40,85.0,Intermediate
smartphone,Xiaomi,Xiaomi 14,gps not working location inaccurate,Network failure,GPS antenna;Motherboard;Firmware,30,82.0,Intermediate
smartphone,Xiaomi,Xiaomi 14,face id not working facial recognition,Camera failure,IR camera;Dot projector;Flood illuminator,55,78.0,Advanced
smartphone,Xiaomi,Xiaomi 14,sim card not detected no signal no service,Network failure,SIM tray;SIM reader;Antenna;Motherboard,40,88.0,Intermediate
smartphone,Xiaomi,Xiaomi 14,vibration motor not working no haptic feedback,Physical damage,Vibration motor;Taptic engine;Flex cable,35,92.0,Beginner
smartphone,Xiaomi,Xiaomi 14T Pro,won't turn on no power dead phone,Power supply failure,Battery;Charging port;Power IC,45,88.0,Intermediate
smartphone,Xiaomi,Xiaomi 14T Pro,dead battery drains fast not charging,Battery failure,Battery;Charging port,40,95.0,Beginner
smartphone,Xiaomi,Xiaomi 14T Pro,cracked screen broken display glass shattered,Screen damage,Display;Touch digitizer;Front glass,60,94.0,Advanced
smartphone,Xiaomi,Xiaomi 14T Pro,touch not working unresponsive screen,Touch failure,Touch digitizer;Display;Flex cable,55,90.0,Advanced
smartphone,Xiaomi,Xiaomi 14T Pro,slow performance lag freezing apps crash,Software issue,RAM;Processor;Storage,30,88.0,Beginner
smartphone,Xiaomi,Xiaomi 14T Pro,overheating phone gets very hot burns,Cooling system failure,Processor;Battery;Thermal pad,45,85.0,Intermediate
smartphone,Xiaomi,Xiaomi 14T Pro,wifi not connecting no internet bluetooth,Network failure,Wifi chip;Antenna;Bluetooth module,35,90.0,Intermediate
smartphone,Xiaomi,Xiaomi 14T Pro,no sound speaker audio crackling,Audio failure,Speaker;Audio IC;Earpiece,30,88.0,Beginner
smartphone,Xiaomi,Xiaomi 14T Pro,camera not working blurry photos black camera,Camera failure,Camera module;Lens;Camera flex cable,50,92.0,Advanced
smartphone,Xiaomi,Xiaomi 14T Pro,charging port loose not charging properly,DC jack failure,Charging port;Flex cable;Battery,45,93.0,Intermediate
smartphone,Xiaomi,Xiaomi 14T Pro,water damage liquid spill phone got wet,Liquid damage,Motherboard;Battery;Display;Speaker,90,65.0,Advanced
smartphone,Xiaomi,Xiaomi 14T Pro,phone keeps restarting boot loop crash,Boot failure,Storage;Motherboard;Operating system,60,80.0,Advanced
smartphone,Xiaomi,Xiaomi 14T Pro,microphone not working cant hear me on calls,Audio failure,Microphone;Audio IC;Flex cable,35,88.0,Intermediate
smartphone,Xiaomi,Xiaomi 14T Pro,fingerprint sensor not working biometrics,Physical damage,Fingerprint sensor;Flex cable;Home button,40,85.0,Intermediate
smartphone,Xiaomi,Xiaomi 14T Pro,gps not working location inaccurate,Network failure,GPS antenna;Motherboard;Firmware,30,82.0,Intermediate
smartphone,Xiaomi,Xiaomi 14T Pro,face id not working facial recognition,Camera failure,IR camera;Dot projector;Flood illuminator,55,78.0,Advanced
smartphone,Xiaomi,Xiaomi 14T Pro,sim card not detected no signal no service,Network failure,SIM tray;SIM reader;Antenna;Motherboard,40,88.0,Intermediate
smartphone,Xiaomi,Xiaomi 14T Pro,vibration motor not working no haptic feedback,Physical damage,Vibration motor;Taptic engine;Flex cable,35,92.0,Beginner
smartphone,Xiaomi,Xiaomi 13 Ultra,won't turn on no power dead phone,Power supply failure,Battery;Charging port;Power IC,45,88.0,Intermediate
smartphone,Xiaomi,Xiaomi 13 Ultra,dead battery drains fast not charging,Battery failure,Battery;Charging port,40,95.0,Beginner
smartphone,Xiaomi,Xiaomi 13 Ultra,cracked screen broken display glass shattered,Screen damage,Display;Touch digitizer;Front glass,60,94.0,Advanced
smartphone,Xiaomi,Xiaomi 13 Ultra,touch not working unresponsive screen,Touch failure,Touch digitizer;Display;Flex cable,55,90.0,Advanced
smartphone,Xiaomi,Xiaomi 13 Ultra,slow performance lag freezing apps crash,Software issue,RAM;Processor;Storage,30,88.0,Beginner
smartphone,Xiaomi,Xiaomi 13 Ultra,overheating phone gets very hot burns,Cooling system failure,Processor;Battery;Thermal pad,45,85.0,Intermediate
smartphone,Xiaomi,Xiaomi 13 Ultra,wifi not connecting no internet bluetooth,Network failure,Wifi chip;Antenna;Bluetooth module,35,90.0,Intermediate
smartphone,Xiaomi,Xiaomi 13 Ultra,no sound speaker audio crackling,Audio failure,Speaker;Audio IC;Earpiece,30,88.0,Beginner
smartphone,Xiaomi,Xiaomi 13 Ultra,camera not working blurry photos black camera,Camera failure,Camera module;Lens;Camera flex cable,50,92.0,Advanced
smartphone,Xiaomi,Xiaomi 13 Ultra,charging port loose not charging properly,DC jack failure,Charging port;Flex cable;Battery,45,93.0,Intermediate
smartphone,Xiaomi,Xiaomi 13 Ultra,water damage liquid spill phone got wet,Liquid damage,Motherboard;Battery;Display;Speaker,90,65.0,Advanced
smartphone,Xiaomi,Xiaomi 13 Ultra,phone keeps restarting boot loop crash,Boot failure,Storage;Motherboard;Operating system,60,80.0,Advanced
smartphone,Xiaomi,Xiaomi 13 Ultra,microphone not working cant hear me on calls,Audio failure,Microphone;Audio IC;Flex cable,35,88.0,Intermediate
smartphone,Xiaomi,Xiaomi 13 Ultra,fingerprint sensor not working biometrics,Physical damage,Fingerprint sensor;Flex cable;Home button,40,85.0,Intermediate
smartphone,Xiaomi,Xiaomi 13 Ultra,gps not working location inaccurate,Network failure,GPS antenna;Motherboard;Firmware,30,82.0,Intermediate
smartphone,Xiaomi,Xiaomi 13 Ultra,face id not working facial recognition,Camera failure,IR camera;Dot projector;Flood illuminator,55,78.0,Advanced
smartphone,Xiaomi,Xiaomi 13 Ultra,sim card not detected no signal no service,Network failure,SIM tray;SIM reader;Antenna;Motherboard,40,88.0,Intermediate
smartphone,Xiaomi,Xiaomi 13 Ultra,vibration motor not working no haptic feedback,Physical damage,Vibration motor;Taptic engine;Flex cable,35,92.0,Beginner
smartphone,Xiaomi,Redmi Note 13 Pro+ 5G,won't turn on no power dead phone,Power supply failure,Battery;Charging port;Power IC,45,88.0,Intermediate
smartphone,Xiaomi,Redmi Note 13 Pro+ 5G,dead battery drains fast not charging,Battery failure,Battery;Charging port,40,95.0,Beginner
smartphone,Xiaomi,Redmi Note 13 Pro+ 5G,cracked screen broken display glass shattered,Screen damage,Display;Touch digitizer;Front glass,60,94.0,Advanced
smartphone,Xiaomi,Redmi Note 13 Pro+ 5G,touch not working unresponsive screen,Touch failure,Touch digitizer;Display;Flex cable,55,90.0,Advanced
smartphone,Xiaomi,Redmi Note 13 Pro+ 5G,slow performance lag freezing apps crash,Software issue,RAM;Processor;Storage,30,88.0,Beginner
smartphone,Xiaomi,Redmi Note 13 Pro+ 5G,overheating phone gets very hot burns,Cooling system failure,Processor;Battery;Thermal pad,45,85.0,Intermediate
smartphone,Xiaomi,Redmi Note 13 Pro+ 5G,wifi not connecting no internet bluetooth,Network failure,Wifi chip;Antenna;Bluetooth module,35,90.0,Intermediate
smartphone,Xiaomi,Redmi Note 13 Pro+ 5G,no sound speaker audio crackling,Audio failure,Speaker;Audio IC;Earpiece,30,88.0,Beginner
smartphone,Xiaomi,Redmi Note 13 Pro+ 5G,camera not working blurry photos black camera,Camera failure,Camera module;Lens;Camera flex cable,50,92.0,Advanced
smartphone,Xiaomi,Redmi Note 13 Pro+ 5G,charging port loose not charging properly,DC jack failure,Charging port;Flex cable;Battery,45,93.0,Intermediate
smartphone,Xiaomi,Redmi Note 13 Pro+ 5G,water damage liquid spill phone got wet,Liquid damage,Motherboard;Battery;Display;Speaker,90,65.0,Advanced
smartphone,Xiaomi,Redmi Note 13 Pro+ 5G,phone keeps restarting boot loop crash,Boot failure,Storage;Motherboard;Operating system,60,80.0,Advanced
smartphone,Xiaomi,Redmi Note 13 Pro+ 5G,microphone not working cant hear me on calls,Audio failure,Microphone;Audio IC;Flex cable,35,88.0,Intermediate
smartphone,Xiaomi,Redmi Note 13 Pro+ 5G,fingerprint sensor not working biometrics,Physical damage,Fingerprint sensor;Flex cable;Home button,40,85.0,Intermediate
smartphone,Xiaomi,Redmi Note 13 Pro+ 5G,gps not working location inaccurate,Network failure,GPS antenna;Motherboard;Firmware,30,82.0,Intermediate
smartphone,Xiaomi,Redmi Note 13 Pro+ 5G,face id not working facial recognition,Camera failure,IR camera;Dot projector;Flood illuminator,55,78.0,Advanced
smartphone,Xiaomi,Redmi Note 13 Pro+ 5G,sim card not detected no signal no service,Network failure,SIM tray;SIM reader;Antenna;Motherboard,40,88.0,Intermediate
smartphone,Xiaomi,Redmi Note 13 Pro+ 5G,vibration motor not working no haptic feedback,Physical damage,Vibration motor;Taptic engine;Flex cable,35,92.0,Beginner
smartphone,Xiaomi,Redmi Note 13 Pro 5G,won't turn on no power dead phone,Power supply failure,Battery;Charging port;Power IC,45,88.0,Intermediate
smartphone,Xiaomi,Redmi Note 13 Pro 5G,dead battery drains fast not charging,Battery failure,Battery;Charging port,40,95.0,Beginner
smartphone,Xiaomi,Redmi Note 13 Pro 5G,cracked screen broken display glass shattered,Screen damage,Display;Touch digitizer;Front glass,60,94.0,Advanced
smartphone,Xiaomi,Redmi Note 13 Pro 5G,touch not working unresponsive screen,Touch failure,Touch digitizer;Display;Flex cable,55,90.0,Advanced
smartphone,Xiaomi,Redmi Note 13 Pro 5G,slow performance lag freezing apps crash,Software issue,RAM;Processor;Storage,30,88.0,Beginner
smartphone,Xiaomi,Redmi Note 13 Pro 5G,overheating phone gets very hot burns,Cooling system failure,Processor;Battery;Thermal pad,45,85.0,Intermediate
smartphone,Xiaomi,Redmi Note 13 Pro 5G,wifi not connecting no internet bluetooth,Network failure,Wifi chip;Antenna;Bluetooth module,35,90.0,Intermediate
smartphone,Xiaomi,Redmi Note 13 Pro 5G,no sound speaker audio crackling,Audio failure,Speaker;Audio IC;Earpiece,30,88.0,Beginner
smartphone,Xiaomi,Redmi Note 13 Pro 5G,camera not working blurry photos black camera,Camera failure,Camera module;Lens;Camera flex cable,50,92.0,Advanced
smartphone,Xiaomi,Redmi Note 13 Pro 5G,charging port loose not charging properly,DC jack failure,Charging port;Flex cable;Battery,45,93.0,Intermediate
smartphone,Xiaomi,Redmi Note 13 Pro 5G,water damage liquid spill phone got wet,Liquid damage,Motherboard;Battery;Display;Speaker,90,65.0,Advanced
smartphone,Xiaomi,Redmi Note 13 Pro 5G,phone keeps restarting boot loop crash,Boot failure,Storage;Motherboard;Operating system,60,80.0,Advanced
smartphone,Xiaomi,Redmi Note 13 Pro 5G,microphone not working cant hear me on calls,Audio failure,Microphone;Audio IC;Flex cable,35,88.0,Intermediate
smartphone,Xiaomi,Redmi Note 13 Pro 5G,fingerprint sensor not working biometrics,Physical damage,Fingerprint sensor;Flex cable;Home button,40,85.0,Intermediate
smartphone,Xiaomi,Redmi Note 13 Pro 5G,gps not working location inaccurate,Network failure,GPS antenna;Motherboard;Firmware,30,82.0,Intermediate
smartphone,Xiaomi,Redmi Note 13 Pro 5G,face id not working facial recognition,Camera failure,IR camera;Dot projector;Flood illuminator,55,78.0,Advanced
smartphone,Xiaomi,Redmi Note 13 Pro 5G,sim card not detected no signal no service,Network failure,SIM tray;SIM reader;Antenna;Motherboard,40,88.0,Intermediate
smartphone,Xiaomi,Redmi Note 13 Pro 5G,vibration motor not working no haptic feedback,Physical damage,Vibration motor;Taptic engine;Flex cable,35,92.0,Beginner
smartphone,Xiaomi,POCO X6 Pro,won't turn on no power dead phone,Power supply failure,Battery;Charging port;Power IC,45,88.0,Intermediate
smartphone,Xiaomi,POCO X6 Pro,dead battery drains fast not charging,Battery failure,Battery;Charging port,40,95.0,Beginner
smartphone,Xiaomi,POCO X6 Pro,cracked screen broken display glass shattered,Screen damage,Display;Touch digitizer;Front glass,60,94.0,Advanced
smartphone,Xiaomi,POCO X6 Pro,touch not working unresponsive screen,Touch failure,Touch digitizer;Display;Flex cable,55,90.0,Advanced
smartphone,Xiaomi,POCO X6 Pro,slow performance lag freezing apps crash,Software issue,RAM;Processor;Storage,30,88.0,Beginner
smartphone,Xiaomi,POCO X6 Pro,overheating phone gets very hot burns,Cooling system failure,Processor;Battery;Thermal pad,45,85.0,Intermediate
smartphone,Xiaomi,POCO X6 Pro,wifi not connecting no internet bluetooth,Network failure,Wifi chip;Antenna;Bluetooth module,35,90.0,Intermediate
smartphone,Xiaomi,POCO X6 Pro,no sound speaker audio crackling,Audio failure,Speaker;Audio IC;Earpiece,30,88.0,Beginner
smartphone,Xiaomi,POCO X6 Pro,camera not working blurry photos black camera,Camera failure,Camera module;Lens;Camera flex cable,50,92.0,Advanced
smartphone,Xiaomi,POCO X6 Pro,charging port loose not charging properly,DC jack failure,Charging port;Flex cable;Battery,45,93.0,Intermediate
smartphone,Xiaomi,POCO X6 Pro,water damage liquid spill phone got wet,Liquid damage,Motherboard;Battery;Display;Speaker,90,65.0,Advanced
smartphone,Xiaomi,POCO X6 Pro,phone keeps restarting boot loop crash,Boot failure,Storage;Motherboard;Operating system,60,80.0,Advanced
smartphone,Xiaomi,POCO X6 Pro,microphone not working cant hear me on calls,Audio failure,Microphone;Audio IC;Flex cable,35,88.0,Intermediate
smartphone,Xiaomi,POCO X6 Pro,fingerprint sensor not working biometrics,Physical damage,Fingerprint sensor;Flex cable;Home button,40,85.0,Intermediate
smartphone,Xiaomi,POCO X6 Pro,gps not working location inaccurate,Network failure,GPS antenna;Motherboard;Firmware,30,82.0,Intermediate
smartphone,Xiaomi,POCO X6 Pro,face id not working facial recognition,Camera failure,IR camera;Dot projector;Flood illuminator,55,78.0,Advanced
smartphone,Xiaomi,POCO X6 Pro,sim card not detected no signal no service,Network failure,SIM tray;SIM reader;Antenna;Motherboard,40,88.0,Intermediate
smartphone,Xiaomi,POCO X6 Pro,vibration motor not working no haptic feedback,Physical damage,Vibration motor;Taptic engine;Flex cable,35,92.0,Beginner
smartphone,Xiaomi,POCO F6 Pro,won't turn on no power dead phone,Power supply failure,Battery;Charging port;Power IC,45,88.0,Intermediate
smartphone,Xiaomi,POCO F6 Pro,dead battery drains fast not charging,Battery failure,Battery;Charging port,40,95.0,Beginner
smartphone,Xiaomi,POCO F6 Pro,cracked screen broken display glass shattered,Screen damage,Display;Touch digitizer;Front glass,60,94.0,Advanced
smartphone,Xiaomi,POCO F6 Pro,touch not working unresponsive screen,Touch failure,Touch digitizer;Display;Flex cable,55,90.0,Advanced
smartphone,Xiaomi,POCO F6 Pro,slow performance lag freezing apps crash,Software issue,RAM;Processor;Storage,30,88.0,Beginner
smartphone,Xiaomi,POCO F6 Pro,overheating phone gets very hot burns,Cooling system failure,Processor;Battery;Thermal pad,45,85.0,Intermediate
smartphone,Xiaomi,POCO F6 Pro,wifi not connecting no internet bluetooth,Network failure,Wifi chip;Antenna;Bluetooth module,35,90.0,Intermediate
smartphone,Xiaomi,POCO F6 Pro,no sound speaker audio crackling,Audio failure,Speaker;Audio IC;Earpiece,30,88.0,Beginner
smartphone,Xiaomi,POCO F6 Pro,camera not working blurry photos black camera,Camera failure,Camera module;Lens;Camera flex cable,50,92.0,Advanced
smartphone,Xiaomi,POCO F6 Pro,charging port loose not charging properly,DC jack failure,Charging port;Flex cable;Battery,45,93.0,Intermediate
smartphone,Xiaomi,POCO F6 Pro,water damage liquid spill phone got wet,Liquid damage,Motherboard;Battery;Display;Speaker,90,65.0,Advanced
smartphone,Xiaomi,POCO F6 Pro,phone keeps restarting boot loop crash,Boot failure,Storage;Motherboard;Operating system,60,80.0,Advanced
smartphone,Xiaomi,POCO F6 Pro,microphone not working cant hear me on calls,Audio failure,Microphone;Audio IC;Flex cable,35,88.0,Intermediate
smartphone,Xiaomi,POCO F6 Pro,fingerprint sensor not working biometrics,Physical damage,Fingerprint sensor;Flex cable;Home button,40,85.0,Intermediate
smartphone,Xiaomi,POCO F6 Pro,gps not working location inaccurate,Network failure,GPS antenna;Motherboard;Firmware,30,82.0,Intermediate
smartphone,Xiaomi,POCO F6 Pro,face id not working facial recognition,Camera failure,IR camera;Dot projector;Flood illuminator,55,78.0,Advanced
smartphone,Xiaomi,POCO F6 Pro,sim card not detected no signal no service,Network failure,SIM tray;SIM reader;Antenna;Motherboard,40,88.0,Intermediate
smartphone,Xiaomi,POCO F6 Pro,vibration motor not working no haptic feedback,Physical damage,Vibration motor;Taptic engine;Flex cable,35,92.0,Beginner
smartphone,Xiaomi,POCO F6,won't turn on no power dead phone,Power supply failure,Battery;Charging port;Power IC,45,88.0,Intermediate
smartphone,Xiaomi,POCO F6,dead battery drains fast not charging,Battery failure,Battery;Charging port,40,95.0,Beginner
smartphone,Xiaomi,POCO F6,cracked screen broken display glass shattered,Screen damage,Display;Touch digitizer;Front glass,60,94.0,Advanced
smartphone,Xiaomi,POCO F6,touch not working unresponsive screen,Touch failure,Touch digitizer;Display;Flex cable,55,90.0,Advanced
smartphone,Xiaomi,POCO F6,slow performance lag freezing apps crash,Software issue,RAM;Processor;Storage,30,88.0,Beginner
smartphone,Xiaomi,POCO F6,overheating phone gets very hot burns,Cooling system failure,Processor;Battery;Thermal pad,45,85.0,Intermediate
smartphone,Xiaomi,POCO F6,wifi not connecting no internet bluetooth,Network failure,Wifi chip;Antenna;Bluetooth module,35,90.0,Intermediate
smartphone,Xiaomi,POCO F6,no sound speaker audio crackling,Audio failure,Speaker;Audio IC;Earpiece,30,88.0,Beginner
smartphone,Xiaomi,POCO F6,camera not working blurry photos black camera,Camera failure,Camera module;Lens;Camera flex cable,50,92.0,Advanced
smartphone,Xiaomi,POCO F6,charging port loose not charging properly,DC jack failure,Charging port;Flex cable;Battery,45,93.0,Intermediate
smartphone,Xiaomi,POCO F6,water damage liquid spill phone got wet,Liquid damage,Motherboard;Battery;Display;Speaker,90,65.0,Advanced
smartphone,Xiaomi,POCO F6,phone keeps restarting boot loop crash,Boot failure,Storage;Motherboard;Operating system,60,80.0,Advanced
smartphone,Xiaomi,POCO F6,microphone not working cant hear me on calls,Audio failure,Microphone;Audio IC;Flex cable,35,88.0,Intermediate
smartphone,Xiaomi,POCO F6,fingerprint sensor not working biometrics,Physical damage,Fingerprint sensor;Flex cable;Home button,40,85.0,Intermediate
smartphone,Xiaomi,POCO F6,gps not working location inaccurate,Network failure,GPS antenna;Motherboard;Firmware,30,82.0,Intermediate
smartphone,Xiaomi,POCO F6,face id not working facial recognition,Camera failure,IR camera;Dot projector;Flood illuminator,55,78.0,Advanced
smartphone,Xiaomi,POCO F6,sim card not detected no signal no service,Network failure,SIM tray;SIM reader;Antenna;Motherboard,40,88.0,Intermediate
smartphone,Xiaomi,POCO F6,vibration motor not working no haptic feedback,Physical damage,Vibration motor;Taptic engine;Flex cable,35,92.0,Beginner
laptop,HP,Pavilion 15,won't turn on no power black screen,Power supply failure,Power adapter;Battery;Motherboard,60,90.0,Intermediate
laptop,HP,Pavilion 15,dead battery not charging,Battery failure,Battery;Charging port,45,95.0,Beginner
laptop,HP,Pavilion 15,screen cracked broken display,Screen damage,Display;Touch digitizer,75,95.0,Advanced
laptop,HP,Pavilion 15,slow performance lag freezing,Software issue,RAM;SSD;Operating system,90,85.0,Intermediate
laptop,HP,Pavilion 15,overheating fan loud hot,Cooling system failure,Fan;Heat sink;Thermal paste,60,88.0,Intermediate
laptop,HP,Pavilion 15,wifi not connecting no internet,Network failure,Wifi card;Network drivers,30,92.0,Beginner
laptop,HP,Pavilion 15,keyboard not working some keys,Keyboard failure,Keyboard;Ribbon cable,45,90.0,Intermediate
laptop,HP,Pavilion 15,no sound speaker audio issue,Audio failure,Speakers;Audio jack,30,85.0,Beginner
laptop,HP,Pavilion 15,usb ports not working,USB failure,USB ports;Motherboard,45,87.0,Intermediate
laptop,HP,Pavilion 15,blue screen crash random restarts,RAM failure,RAM;Motherboard,45,88.0,Intermediate
laptop,HP,Pavilion 15,hard drive not detected no storage,Storage failure,SSD;SATA cable;M.2 slot,50,90.0,Intermediate
laptop,HP,Pavilion 15,trackpad not responding cursor jumping,Trackpad failure,Trackpad;Ribbon cable,40,88.0,Intermediate
laptop,HP,Pavilion 15,gpu artifacts screen glitches display lines,GPU failure,GPU;Display cable;Motherboard,60,75.0,Advanced
laptop,HP,Pavilion 15,bios not loading firmware corrupt,BIOS corruption,BIOS chip;CMOS battery,45,82.0,Advanced
laptop,HP,Envy x360 15,won't turn on no power black screen,Power supply failure,Power adapter;Battery;Motherboard,60,90.0,Intermediate
laptop,HP,Envy x360 15,dead battery not charging,Battery failure,Battery;Charging port,45,95.0,Beginner
laptop,HP,Envy x360 15,screen cracked broken display,Screen damage,Display;Touch digitizer,75,95.0,Advanced
laptop,HP,Envy x360 15,slow performance lag freezing,Software issue,RAM;SSD;Operating system,90,85.0,Intermediate
laptop,HP,Envy x360 15,overheating fan loud hot,Cooling system failure,Fan;Heat sink;Thermal paste,60,88.0,Intermediate
laptop,HP,Envy x360 15,wifi not connecting no internet,Network failure,Wifi card;Network drivers,30,92.0,Beginner
laptop,HP,Envy x360 15,keyboard not working some keys,Keyboard failure,Keyboard;Ribbon cable,45,90.0,Intermediate
laptop,HP,Envy x360 15,no sound speaker audio issue,Audio failure,Speakers;Audio jack,30,85.0,Beginner
laptop,HP,Envy x360 15,usb ports not working,USB failure,USB ports;Motherboard,45,87.0,Intermediate
laptop,HP,Envy x360 15,blue screen crash random restarts,RAM failure,RAM;Motherboard,45,88.0,Intermediate
laptop,HP,Envy x360 15,hard drive not detected no storage,Storage failure,SSD;SATA cable;M.2 slot,50,90.0,Intermediate
laptop,HP,Envy x360 15,trackpad not responding cursor jumping,Trackpad failure,Trackpad;Ribbon cable,40,88.0,Intermediate
laptop,HP,Envy x360 15,gpu artifacts screen glitches display lines,GPU failure,GPU;Display cable;Motherboard,60,75.0,Advanced
laptop,HP,Envy x360 15,bios not loading firmware corrupt,BIOS corruption,BIOS chip;CMOS battery,45,82.0,Advanced
laptop,HP,Spectre x360 14,won't turn on no power black screen,Power supply failure,Power adapter;Battery;Motherboard,60,90.0,Intermediate
laptop,HP,Spectre x360 14,dead battery not charging,Battery failure,Battery;Charging port,45,95.0,Beginner
laptop,HP,Spectre x360 14,screen cracked broken display,Screen damage,Display;Touch digitizer,75,95.0,Advanced
laptop,HP,Spectre x360 14,slow performance lag freezing,Software issue,RAM;SSD;Operating system,90,85.0,Intermediate
laptop,HP,Spectre x360 14,overheating fan loud hot,Cooling system failure,Fan;Heat sink;Thermal paste,60,88.0,Intermediate
laptop,HP,Spectre x360 14,wifi not connecting no internet,Network failure,Wifi card;Network drivers,30,92.0,Beginner
laptop,HP,Spectre x360 14,keyboard not working some keys,Keyboard failure,Keyboard;Ribbon cable,45,90.0,Intermediate
laptop,HP,Spectre x360 14,no sound speaker audio issue,Audio failure,Speakers;Audio jack,30,85.0,Beginner
laptop,HP,Spectre x360 14,usb ports not working,USB failure,USB ports;Motherboard,45,87.0,Intermediate
laptop,HP,Spectre x360 14,blue screen crash random restarts,RAM failure,RAM;Motherboard,45,88.0,Intermediate
laptop,HP,Spectre x360 14,hard drive not detected no storage,Storage failure,SSD;SATA cable;M.2 slot,50,90.0,Intermediate
laptop,HP,Spectre x360 14,trackpad not responding cursor jumping,Trackpad failure,Trackpad;Ribbon cable,40,88.0,Intermediate
laptop,HP,Spectre x360 14,gpu artifacts screen glitches display lines,GPU failure,GPU;Display cable;Motherboard,60,75.0,Advanced
laptop,HP,Spectre x360 14,bios not loading firmware corrupt,BIOS corruption,BIOS chip;CMOS battery,45,82.0,Advanced
laptop,HP,EliteBook 840,won't turn on no power black screen,Power supply failure,Power adapter;Battery;Motherboard,60,90.0,Intermediate
laptop,HP,EliteBook 840,dead battery not charging,Battery failure,Battery;Charging port,45,95.0,Beginner
laptop,HP,EliteBook 840,screen cracked broken display,Screen damage,Display;Touch digitizer,75,95.0,Advanced
laptop,HP,EliteBook 840,slow performance lag freezing,Software issue,RAM;SSD;Operating system,90,85.0,Intermediate
laptop,HP,EliteBook 840,overheating fan loud hot,Cooling system failure,Fan;Heat sink;Thermal paste,60,88.0,Intermediate
laptop,HP,EliteBook 840,wifi not connecting no internet,Network failure,Wifi card;Network drivers,30,92.0,Beginner
laptop,HP,EliteBook 840,keyboard not working some keys,Keyboard failure,Keyboard;Ribbon cable,45,90.0,Intermediate
laptop,HP,EliteBook 840,no sound speaker audio issue,Audio failure,Speakers;Audio jack,30,85.0,Beginner
laptop,HP,EliteBook 840,usb ports not working,USB failure,USB ports;Motherboard,45,87.0,Intermediate
laptop,HP,EliteBook 840,blue screen crash random restarts,RAM failure,RAM;Motherboard,45,88.0,Intermediate
laptop,HP,EliteBook 840,hard drive not detected no storage,Storage failure,SSD;SATA cable;M.2 slot,50,90.0,Intermediate
laptop,HP,EliteBook 840,trackpad not responding cursor jumping,Trackpad failure,Trackpad;Ribbon cable,40,88.0,Intermediate
laptop,HP,EliteBook 840,gpu artifacts screen glitches display lines,GPU failure,GPU;Display cable;Motherboard,60,75.0,Advanced
laptop,HP,EliteBook 840,bios not loading firmware corrupt,BIOS corruption,BIOS chip;CMOS battery,45,82.0,Advanced
laptop,HP,ProBook 450,won't turn on no power black screen,Power supply failure,Power adapter;Battery;Motherboard,60,90.0,Intermediate
laptop,HP,ProBook 450,dead battery not charging,Battery failure,Battery;Charging port,45,95.0,Beginner
laptop,HP,ProBook 450,screen cracked broken display,Screen damage,Display;Touch digitizer,75,95.0,Advanced
laptop,HP,ProBook 450,slow performance lag freezing,Software issue,RAM;SSD;Operating system,90,85.0,Intermediate
laptop,HP,ProBook 450,overheating fan loud hot,Cooling system failure,Fan;Heat sink;Thermal paste,60,88.0,Intermediate
laptop,HP,ProBook 450,wifi not connecting no internet,Network failure,Wifi card;Network drivers,30,92.0,Beginner
laptop,HP,ProBook 450,keyboard not working some keys,Keyboard failure,Keyboard;Ribbon cable,45,90.0,Intermediate
laptop,HP,ProBook 450,no sound speaker audio issue,Audio failure,Speakers;Audio jack,30,85.0,Beginner
laptop,HP,ProBook 450,usb ports not working,USB failure,USB ports;Motherboard,45,87.0,Intermediate
laptop,HP,ProBook 450,blue screen crash random restarts,RAM failure,RAM;Motherboard,45,88.0,Intermediate
laptop,HP,ProBook 450,hard drive not detected no storage,Storage failure,SSD;SATA cable;M.2 slot,50,90.0,Intermediate
laptop,HP,ProBook 450,trackpad not responding cursor jumping,Trackpad failure,Trackpad;Ribbon cable,40,88.0,Intermediate
laptop,HP,ProBook 450,gpu artifacts screen glitches display lines,GPU failure,GPU;Display cable;Motherboard,60,75.0,Advanced
laptop,HP,ProBook 450,bios not loading firmware corrupt,BIOS corruption,BIOS chip;CMOS battery,45,82.0,Advanced
laptop,HP,Omen 16,won't turn on no power black screen,Power supply failure,Power adapter;Battery;Motherboard,60,90.0,Intermediate
laptop,HP,Omen 16,dead battery not charging,Battery failure,Battery;Charging port,45,95.0,Beginner
laptop,HP,Omen 16,screen cracked broken display,Screen damage,Display;Touch digitizer,75,95.0,Advanced
laptop,HP,Omen 16,slow performance lag freezing,Software issue,RAM;SSD;Operating system,90,85.0,Intermediate
laptop,HP,Omen 16,overheating fan loud hot,Cooling system failure,Fan;Heat sink;Thermal paste,60,88.0,Intermediate
laptop,HP,Omen 16,wifi not connecting no internet,Network failure,Wifi card;Network drivers,30,92.0,Beginner
laptop,HP,Omen 16,keyboard not working some keys,Keyboard failure,Keyboard;Ribbon cable,45,90.0,Intermediate
laptop,HP,Omen 16,no sound speaker audio issue,Audio failure,Speakers;Audio jack,30,85.0,Beginner
laptop,HP,Omen 16,usb ports not working,USB failure,USB ports;Motherboard,45,87.0,Intermediate
laptop,HP,Omen 16,blue screen crash random restarts,RAM failure,RAM;Motherboard,45,88.0,Intermediate
laptop,HP,Omen 16,hard drive not detected no storage,Storage failure,SSD;SATA cable;M.2 slot,50,90.0,Intermediate
laptop,HP,Omen 16,trackpad not responding cursor jumping,Trackpad failure,Trackpad;Ribbon cable,40,88.0,Intermediate
laptop,HP,Omen 16,gpu artifacts screen glitches display lines,GPU failure,GPU;Display cable;Motherboard,60,75.0,Advanced
laptop,HP,Omen 16,bios not loading firmware corrupt,BIOS corruption,BIOS chip;CMOS battery,45,82.0,Advanced
laptop,HP,ZBook Firefly 14,won't turn on no power black screen,Power supply failure,Power adapter;Battery;Motherboard,60,90.0,Intermediate
laptop,HP,ZBook Firefly 14,dead battery not charging,Battery failure,Battery;Charging port,45,95.0,Beginner
laptop,HP,ZBook Firefly 14,screen cracked broken display,Screen damage,Display;Touch digitizer,75,95.0,Advanced
laptop,HP,ZBook Firefly 14,slow performance lag freezing,Software issue,RAM;SSD;Operating system,90,85.0,Intermediate
laptop,HP,ZBook Firefly 14,overheating fan loud hot,Cooling system failure,Fan;Heat sink;Thermal paste,60,88.0,Intermediate
laptop,HP,ZBook Firefly 14,wifi not connecting no internet,Network failure,Wifi card;Network drivers,30,92.0,Beginner
laptop,HP,ZBook Firefly 14,keyboard not working some keys,Keyboard failure,Keyboard;Ribbon cable,45,90.0,Intermediate
laptop,HP,ZBook Firefly 14,no sound speaker audio issue,Audio failure,Speakers;Audio jack,30,85.0,Beginner
laptop,HP,ZBook Firefly 14,usb ports not working,USB failure,USB ports;Motherboard,45,87.0,Intermediate
laptop,HP,ZBook Firefly 14,blue screen crash random restarts,RAM failure,RAM;Motherboard,45,88.0,Intermediate
laptop,HP,ZBook Firefly 14,hard drive not detected no storage,Storage failure,SSD;SATA cable;M.2 slot,50,90.0,Intermediate
laptop,HP,ZBook Firefly 14,trackpad not responding cursor jumping,Trackpad failure,Trackpad;Ribbon cable,40,88.0,Intermediate
laptop,HP,ZBook Firefly 14,gpu artifacts screen glitches display lines,GPU failure,GPU;Display cable;Motherboard,60,75.0,Advanced
laptop,HP,ZBook Firefly 14,bios not loading firmware corrupt,BIOS corruption,BIOS chip;CMOS battery,45,82.0,Advanced
laptop,Dell,Inspiron 15 5000,won't turn on no power black screen,Power supply failure,Power adapter;Battery;Motherboard,60,90.0,Intermediate
laptop,Dell,Inspiron 15 5000,dead battery not charging,Battery failure,Battery;Charging port,45,95.0,Beginner
laptop,Dell,Inspiron 15 5000,screen cracked broken display,Screen damage,Display;Touch digitizer,75,95.0,Advanced
laptop,Dell,Inspiron 15 5000,slow performance lag freezing,Software issue,RAM;SSD;Operating system,90,85.0,Intermediate
laptop,Dell,Inspiron 15 5000,overheating fan loud hot,Cooling system failure,Fan;Heat sink;Thermal paste,60,88.0,Intermediate
laptop,Dell,Inspiron 15 5000,wifi not connecting no internet,Network failure,Wifi card;Network drivers,30,92.0,Beginner
laptop,Dell,Inspiron 15 5000,keyboard not working some keys,Keyboard failure,Keyboard;Ribbon cable,45,90.0,Intermediate
laptop,Dell,Inspiron 15 5000,no sound speaker audio issue,Audio failure,Speakers;Audio jack,30,85.0,Beginner
laptop,Dell,Inspiron 15 5000,usb ports not working,USB failure,USB ports;Motherboard,45,87.0,Intermediate
laptop,Dell,Inspiron 15 5000,blue screen crash random restarts,RAM failure,RAM;Motherboard,45,88.0,Intermediate
laptop,Dell,Inspiron 15 5000,hard drive not detected no storage,Storage failure,SSD;SATA cable;M.2 slot,50,90.0,Intermediate
laptop,Dell,Inspiron 15 5000,trackpad not responding cursor jumping,Trackpad failure,Trackpad;Ribbon cable,40,88.0,Intermediate
laptop,Dell,Inspiron 15 5000,gpu artifacts screen glitches display lines,GPU failure,GPU;Display cable;Motherboard,60,75.0,Advanced
laptop,Dell,Inspiron 15 5000,bios not loading firmware corrupt,BIOS corruption,BIOS chip;CMOS battery,45,82.0,Advanced
laptop,Dell,XPS 15,blue screen crash random restarts,RAM failure,RAM;Motherboard,45,88.0,Intermediate
laptop,Dell,XPS 15,hard drive not detected no storage,Storage failure,SSD;SATA cable;M.2 slot,50,90.0,Intermediate
laptop,Dell,XPS 15,trackpad not responding cursor jumping,Trackpad failure,Trackpad;Ribbon cable,40,88.0,Intermediate
laptop,Dell,XPS 15,gpu artifacts screen glitches display lines,GPU failure,GPU;Display cable;Motherboard,60,75.0,Advanced
laptop,Dell,XPS 15,bios not loading firmware corrupt,BIOS corruption,BIOS chip;CMOS battery,45,82.0,Advanced
laptop,Dell,Latitude 5430,won't turn on no power black screen,Power supply failure,Power adapter;Battery;Motherboard,60,90.0,Intermediate
laptop,Dell,Latitude 5430,dead battery not charging,Battery failure,Battery;Charging port,45,95.0,Beginner
laptop,Dell,Latitude 5430,screen cracked broken display,Screen damage,Display;Touch digitizer,75,95.0,Advanced
laptop,Dell,Latitude 5430,slow performance lag freezing,Software issue,RAM;SSD;Operating system,90,85.0,Intermediate
laptop,Dell,Latitude 5430,overheating fan loud hot,Cooling system failure,Fan;Heat sink;Thermal paste,60,88.0,Intermediate
laptop,Dell,Latitude 5430,wifi not connecting no internet,Network failure,Wifi card;Network drivers,30,92.0,Beginner
laptop,Dell,Latitude 5430,keyboard not working some keys,Keyboard failure,Keyboard;Ribbon cable,45,90.0,Intermediate
laptop,Dell,Latitude 5430,no sound speaker audio issue,Audio failure,Speakers;Audio jack,30,85.0,Beginner
laptop,Dell,Latitude 5430,usb ports not working,USB failure,USB ports;Motherboard,45,87.0,Intermediate
laptop,Dell,Latitude 5430,blue screen crash random restarts,RAM failure,RAM;Motherboard,45,88.0,Intermediate
laptop,Dell,Latitude 5430,hard drive not detected no storage,Storage failure,SSD;SATA cable;M.2 slot,50,90.0,Intermediate
laptop,Dell,Latitude 5430,trackpad not responding cursor jumping,Trackpad failure,Trackpad;Ribbon cable,40,88.0,Intermediate
laptop,Dell,Latitude 5430,gpu artifacts screen glitches display lines,GPU failure,GPU;Display cable;Motherboard,60,75.0,Advanced
laptop,Dell,Latitude 5430,bios not loading firmware corrupt,BIOS corruption,BIOS chip;CMOS battery,45,82.0,Advanced
laptop,Dell,Latitude 7430,won't turn on no power black screen,Power supply failure,Power adapter;Battery;Motherboard,60,90.0,Intermediate
laptop,Dell,Latitude 7430,dead battery not charging,Battery failure,Battery;Charging port,45,95.0,Beginner
laptop,Dell,Latitude 7430,screen cracked broken display,Screen damage,Display;Touch digitizer,75,95.0,Advanced
laptop,Dell,Latitude 7430,slow performance lag freezing,Software issue,RAM;SSD;Operating system,90,85.0,Intermediate
laptop,Dell,Latitude 7430,overheating fan loud hot,Cooling system failure,Fan;Heat sink;Thermal paste,60,88.0,Intermediate
laptop,Dell,Latitude 7430,wifi not connecting no internet,Network failure,Wifi card;Network drivers,30,92.0,Beginner
laptop,Dell,Latitude 7430,keyboard not working some keys,Keyboard failure,Keyboard;Ribbon cable,45,90.0,Intermediate
laptop,Dell,Latitude 7430,no sound speaker audio issue,Audio failure,Speakers;Audio jack,30,85.0,Beginner
laptop,Dell,Latitude 7430,usb ports not working,USB failure,USB ports;Motherboard,45,87.0,Intermediate
laptop,Dell,Latitude 7430,blue screen crash random restarts,RAM failure,RAM;Motherboard,45,88.0,Intermediate
laptop,Dell,Latitude 7430,hard drive not detected no storage,Storage failure,SSD;SATA cable;M.2 slot,50,90.0,Intermediate
laptop,Dell,Latitude 7430,trackpad not responding cursor jumping,Trackpad failure,Trackpad;Ribbon cable,40,88.0,Intermediate
laptop,Dell,Latitude 7430,gpu artifacts screen glitches display lines,GPU failure,GPU;Display cable;Motherboard,60,75.0,Advanced
laptop,Dell,Latitude 7430,bios not loading firmware corrupt,BIOS corruption,BIOS chip;CMOS battery,45,82.0,Advanced
laptop,Dell,Alienware m16,won't turn on no power black screen,Power supply failure,Power adapter;Battery;Motherboard,60,90.0,Intermediate
laptop,Dell,Alienware m16,dead battery not charging,Battery failure,Battery;Charging port,45,95.0,Beginner
laptop,Dell,Alienware m16,screen cracked broken display,Screen damage,Display;Touch digitizer,75,95.0,Advanced
laptop,Dell,Alienware m16,slow performance lag freezing,Software issue,RAM;SSD;Operating system,90,85.0,Intermediate
laptop,Dell,Alienware m16,overheating fan loud hot,Cooling system failure,Fan;Heat sink;Thermal paste,60,88.0,Intermediate
laptop,Dell,Alienware m16,wifi not connecting no internet,Network failure,Wifi card;Network drivers,30,92.0,Beginner
laptop,Dell,Alienware m16,keyboard not working some keys,Keyboard failure,Keyboard;Ribbon cable,45,90.0,Intermediate
laptop,Dell,Alienware m16,no sound speaker audio issue,Audio failure,Speakers;Audio jack,30,85.0,Beginner
laptop,Dell,Alienware m16,usb ports not working,USB failure,USB ports;Motherboard,45,87.0,Intermediate
laptop,Dell,Alienware m16,blue screen crash random restarts,RAM failure,RAM;Motherboard,45,88.0,Intermediate
laptop,Dell,Alienware m16,hard drive not detected no storage,Storage failure,SSD;SATA cable;M.2 slot,50,90.0,Intermediate
laptop,Dell,Alienware m16,trackpad not responding cursor jumping,Trackpad failure,Trackpad;Ribbon cable,40,88.0,Intermediate
laptop,Dell,Alienware m16,gpu artifacts screen glitches display lines,GPU failure,GPU;Display cable;Motherboard,60,75.0,Advanced
laptop,Dell,Alienware m16,bios not loading firmware corrupt,BIOS corruption,BIOS chip;CMOS battery,45,82.0,Advanced
laptop,Dell,Dell G15,won't turn on no power black screen,Power supply failure,Power adapter;Battery;Motherboard,60,90.0,Intermediate
laptop,Dell,Dell G15,dead battery not charging,Battery failure,Battery;Charging port,45,95.0,Beginner
laptop,Dell,Dell G15,screen cracked broken display,Screen damage,Display;Touch digitizer,75,95.0,Advanced
laptop,Dell,Dell G15,slow performance lag freezing,Software issue,RAM;SSD;Operating system,90,85.0,Intermediate
laptop,Dell,Dell G15,overheating fan loud hot,Cooling system failure,Fan;Heat sink;Thermal paste,60,88.0,Intermediate
laptop,Dell,Dell G15,wifi not connecting no internet,Network failure,Wifi card;Network drivers,30,92.0,Beginner
laptop,Dell,Dell G15,keyboard not working some keys,Keyboard failure,Keyboard;Ribbon cable,45,90.0,Intermediate
laptop,Dell,Dell G15,no sound speaker audio issue,Audio failure,Speakers;Audio jack,30,85.0,Beginner
laptop,Dell,Dell G15,usb ports not working,USB failure,USB ports;Motherboard,45,87.0,Intermediate
laptop,Dell,Dell G15,blue screen crash random restarts,RAM failure,RAM;Motherboard,45,88.0,Intermediate
laptop,Dell,Dell G15,hard drive not detected no storage,Storage failure,SSD;SATA cable;M.2 slot,50,90.0,Intermediate
laptop,Dell,Dell G15,trackpad not responding cursor jumping,Trackpad failure,Trackpad;Ribbon cable,40,88.0,Intermediate
laptop,Dell,Dell G15,gpu artifacts screen glitches display lines,GPU failure,GPU;Display cable;Motherboard,60,75.0,Advanced
laptop,Dell,Dell G15,bios not loading firmware corrupt,BIOS corruption,BIOS chip;CMOS battery,45,82.0,Advanced
laptop,Dell,Precision 5480,won't turn on no power black screen,Power supply failure,Power adapter;Battery;Motherboard,60,90.0,Intermediate
laptop,Dell,Precision 5480,dead battery not charging,Battery failure,Battery;Charging port,45,95.0,Beginner
laptop,Dell,Precision 5480,screen cracked broken display,Screen damage,Display;Touch digitizer,75,95.0,Advanced
laptop,Dell,Precision 5480,slow performance lag freezing,Software issue,RAM;SSD;Operating system,90,85.0,Intermediate
laptop,Dell,Precision 5480,overheating fan loud hot,Cooling system failure,Fan;Heat sink;Thermal paste,60,88.0,Intermediate
laptop,Dell,Precision 5480,wifi not connecting no internet,Network failure,Wifi card;Network drivers,30,92.0,Beginner
laptop,Dell,Precision 5480,keyboard not working some keys,Keyboard failure,Keyboard;Ribbon cable,45,90.0,Intermediate
laptop,Dell,Precision 5480,no sound speaker audio issue,Audio failure,Speakers;Audio jack,30,85.0,Beginner
laptop,Dell,Precision 5480,usb ports not working,USB failure,USB ports;Motherboard,45,87.0,Intermediate
laptop,Dell,Precision 5480,blue screen crash random restarts,RAM failure,RAM;Motherboard,45,88.0,Intermediate
laptop,Dell,Precision 5480,hard drive not detected no storage,Storage failure,SSD;SATA cable;M.2 slot,50,90.0,Intermediate
laptop,Dell,Precision 5480,trackpad not responding cursor jumping,Trackpad failure,Trackpad;Ribbon cable,40,88.0,Intermediate
laptop,Dell,Precision 5480,gpu artifacts screen glitches display lines,GPU failure,GPU;Display cable;Motherboard,60,75.0,Advanced
laptop,Dell,Precision 5480,bios not loading firmware corrupt,BIOS corruption,BIOS chip;CMOS battery,45,82.0,Advanced
laptop,Lenovo,ThinkPad X1 Carbon,won't turn on no power black screen,Power supply failure,Power adapter;Battery;Motherboard,60,90.0,Intermediate
laptop,Lenovo,ThinkPad X1 Carbon,dead battery not charging,Battery failure,Battery;Charging port,45,95.0,Beginner
laptop,Lenovo,ThinkPad X1 Carbon,screen cracked broken display,Screen damage,Display;Touch digitizer,75,95.0,Advanced
laptop,Lenovo,ThinkPad X1 Carbon,slow performance lag freezing,Software issue,RAM;SSD;Operating system,90,85.0,Intermediate
laptop,Lenovo,ThinkPad X1 Carbon,overheating fan loud hot,Cooling system failure,Fan;Heat sink;Thermal paste,60,88.0,Intermediate
laptop,Lenovo,ThinkPad X1 Carbon,wifi not connecting no internet,Network failure,Wifi card;Network drivers,30,92.0,Beginner
laptop,Lenovo,ThinkPad X1 Carbon,keyboard not working some keys,Keyboard failure,Keyboard;Ribbon cable,45,90.0,Intermediate
laptop,Lenovo,ThinkPad X1 Carbon,no sound speaker audio issue,Audio failure,Speakers;Audio jack,30,85.0,Beginner
laptop,Lenovo,ThinkPad X1 Carbon,usb ports not working,USB failure,USB ports;Motherboard,45,87.0,Intermediate
laptop,Lenovo,ThinkPad X1 Carbon,blue screen crash random restarts,RAM failure,RAM;Motherboard,45,88.0,Intermediate
laptop,Lenovo,ThinkPad X1 Carbon,hard drive not detected no storage,Storage failure,SSD;SATA cable;M.2 slot,50,90.0,Intermediate
laptop,Lenovo,ThinkPad X1 Carbon,trackpad not responding cursor jumping,Trackpad failure,Trackpad;Ribbon cable,40,88.0,Intermediate
laptop,Lenovo,ThinkPad X1 Carbon,gpu artifacts screen glitches display lines,GPU failure,GPU;Display cable;Motherboard,60,75.0,Advanced
laptop,Lenovo,ThinkPad X1 Carbon,bios not loading firmware corrupt,BIOS corruption,BIOS chip;CMOS battery,45,82.0,Advanced
laptop,Lenovo,ThinkPad T14,won't turn on no power black screen,Power supply failure,Power adapter;Battery;Motherboard,60,90.0,Intermediate
laptop,Lenovo,ThinkPad T14,dead battery not charging,Battery failure,Battery;Charging port,45,95.0,Beginner
laptop,Lenovo,ThinkPad T14,screen cracked broken display,Screen damage,Display;Touch digitizer,75,95.0,Advanced
laptop,Lenovo,ThinkPad T14,slow performance lag freezing,Software issue,RAM;SSD;Operating system,90,85.0,Intermediate
laptop,Lenovo,ThinkPad T14,overheating fan loud hot,Cooling system failure,Fan;Heat sink;Thermal paste,60,88.0,Intermediate
laptop,Lenovo,ThinkPad T14,wifi not connecting no internet,Network failure,Wifi card;Network drivers,30,92.0,Beginner
laptop,Lenovo,ThinkPad T14,keyboard not working some keys,Keyboard failure,Keyboard;Ribbon cable,45,90.0,Intermediate
laptop,Lenovo,ThinkPad T14,no sound speaker audio issue,Audio failure,Speakers;Audio jack,30,85.0,Beginner
laptop,Lenovo,ThinkPad T14,usb ports not working,USB failure,USB ports;Motherboard,45,87.0,Intermediate
laptop,Lenovo,ThinkPad T14,blue screen crash random restarts,RAM failure,RAM;Motherboard,45,88.0,Intermediate
laptop,Lenovo,ThinkPad T14,hard drive not detected no storage,Storage failure,SSD;SATA cable;M.2 slot,50,90.0,Intermediate
laptop,Lenovo,ThinkPad T14,trackpad not responding cursor jumping,Trackpad failure,Trackpad;Ribbon cable,40,88.0,Intermediate
laptop,Lenovo,ThinkPad T14,gpu artifacts screen glitches display lines,GPU failure,GPU;Display cable;Motherboard,60,75.0,Advanced
laptop,Lenovo,ThinkPad T14,bios not loading firmware corrupt,BIOS corruption,BIOS chip;CMOS battery,45,82.0,Advanced
laptop,Lenovo,IdeaPad 5,won't turn on no power black screen,Power supply failure,Power adapter;Battery;Motherboard,60,90.0,Intermediate
laptop,Lenovo,IdeaPad 5,dead battery not charging,Battery failure,Battery;Charging port,45,95.0,Beginner
laptop,Lenovo,IdeaPad 5,screen cracked broken display,Screen damage,Display;Touch digitizer,75,95.0,Advanced
laptop,Lenovo,IdeaPad 5,slow performance lag freezing,Software issue,RAM;SSD;Operating system,90,85.0,Intermediate
laptop,Lenovo,IdeaPad 5,overheating fan loud hot,Cooling system failure,Fan;Heat sink;Thermal paste,60,88.0,Intermediate
laptop,Lenovo,IdeaPad 5,wifi not connecting no internet,Network failure,Wifi card;Network drivers,30,92.0,Beginner
laptop,Lenovo,IdeaPad 5,keyboard not working some keys,Keyboard failure,Keyboard;Ribbon cable,45,90.0,Intermediate
laptop,Lenovo,IdeaPad 5,no sound speaker audio issue,Audio failure,Speakers;Audio jack,30,85.0,Beginner
laptop,Lenovo,IdeaPad 5,usb ports not working,USB failure,USB ports;Motherboard,45,87.0,Intermediate
laptop,Lenovo,IdeaPad 5,blue screen crash random restarts,RAM failure,RAM;Motherboard,45,88.0,Intermediate
laptop,Lenovo,IdeaPad 5,hard drive not detected no storage,Storage failure,SSD;SATA cable;M.2 slot,50,90.0,Intermediate
laptop,Lenovo,IdeaPad 5,trackpad not responding cursor jumping,Trackpad failure,Trackpad;Ribbon cable,40,88.0,Intermediate
laptop,Lenovo,IdeaPad 5,gpu artifacts screen glitches display lines,GPU failure,GPU;Display cable;Motherboard,60,75.0,Advanced
laptop,Lenovo,IdeaPad 5,bios not loading firmware corrupt,BIOS corruption,BIOS chip;CMOS battery,45,82.0,Advanced
laptop,Lenovo,Legion 5 Gen 9,won't turn on no power black screen,Power supply failure,Power adapter;Battery;Motherboard,60,90.0,Intermediate
laptop,Lenovo,Legion 5 Gen 9,dead battery not charging,Battery failure,Battery;Charging port,45,95.0,Beginner
laptop,Lenovo,Legion 5 Gen 9,screen cracked broken display,Screen damage,Display;Touch digitizer,75,95.0,Advanced
laptop,Lenovo,Legion 5 Gen 9,slow performance lag freezing,Software issue,RAM;SSD;Operating system,90,85.0,Intermediate
laptop,Lenovo,Legion 5 Gen 9,overheating fan loud hot,Cooling system failure,Fan;Heat sink;Thermal paste,60,88.0,Intermediate
laptop,Lenovo,Legion 5 Gen 9,wifi not connecting no internet,Network failure,Wifi card;Network drivers,30,92.0,Beginner
laptop,Lenovo,Legion 5 Gen 9,keyboard not working some keys,Keyboard failure,Keyboard;Ribbon cable,45,90.0,Intermediate
laptop,Lenovo,Legion 5 Gen 9,no sound speaker audio issue,Audio failure,Speakers;Audio jack,30,85.0,Beginner
laptop,Lenovo,Legion 5 Gen 9,usb ports not working,USB failure,USB ports;Motherboard,45,87.0,Intermediate
laptop,Lenovo,Legion 5 Gen 9,blue screen crash random restarts,RAM failure,RAM;Motherboard,45,88.0,Intermediate
laptop,Lenovo,Legion 5 Gen 9,hard drive not detected no storage,Storage failure,SSD;SATA cable;M.2 slot,50,90.0,Intermediate
laptop,Lenovo,Legion 5 Gen 9,trackpad not responding cursor jumping,Trackpad failure,Trackpad;Ribbon cable,40,88.0,Intermediate
laptop,Lenovo,Legion 5 Gen 9,gpu artifacts screen glitches display lines,GPU failure,GPU;Display cable;Motherboard,60,75.0,Advanced
laptop,Lenovo,Legion 5 Gen 9,bios not loading firmware corrupt,BIOS corruption,BIOS chip;CMOS battery,45,82.0,Advanced
laptop,Lenovo,Yoga 9,won't turn on no power black screen,Power supply failure,Power adapter;Battery;Motherboard,60,90.0,Intermediate
laptop,Lenovo,Yoga 9,dead battery not charging,Battery failure,Battery;Charging port,45,95.0,Beginner
laptop,Lenovo,Yoga 9,screen cracked broken display,Screen damage,Display;Touch digitizer,75,95.0,Advanced
laptop,Lenovo,Yoga 9,slow performance lag freezing,Software issue,RAM;SSD;Operating system,90,85.0,Intermediate
laptop,Lenovo,Yoga 9,overheating fan loud hot,Cooling system failure,Fan;Heat sink;Thermal paste,60,88.0,Intermediate
laptop,Lenovo,Yoga 9,wifi not connecting no internet,Network failure,Wifi card;Network drivers,30,92.0,Beginner
laptop,Lenovo,Yoga 9,keyboard not working some keys,Keyboard failure,Keyboard;Ribbon cable,45,90.0,Intermediate
laptop,Lenovo,Yoga 9,no sound speaker audio issue,Audio failure,Speakers;Audio jack,30,85.0,Beginner
laptop,Lenovo,Yoga 9,usb ports not working,USB failure,USB ports;Motherboard,45,87.0,Intermediate
laptop,Lenovo,Yoga 9,blue screen crash random restarts,RAM failure,RAM;Motherboard,45,88.0,Intermediate
laptop,Lenovo,Yoga 9,hard drive not detected no storage,Storage failure,SSD;SATA cable;M.2 slot,50,90.0,Intermediate
laptop,Lenovo,Yoga 9,trackpad not responding cursor jumping,Trackpad failure,Trackpad;Ribbon cable,40,88.0,Intermediate
laptop,Lenovo,Yoga 9,gpu artifacts screen glitches display lines,GPU failure,GPU;Display cable;Motherboard,60,75.0,Advanced
laptop,Lenovo,Yoga 9,bios not loading firmware corrupt,BIOS corruption,BIOS chip;CMOS battery,45,82.0,Advanced
laptop,Lenovo,ThinkBook 16,won't turn on no power black screen,Power supply failure,Power adapter;Battery;Motherboard,60,90.0,Intermediate
laptop,Lenovo,ThinkBook 16,dead battery not charging,Battery failure,Battery;Charging port,45,95.0,Beginner
laptop,Lenovo,ThinkBook 16,screen cracked broken display,Screen damage,Display;Touch digitizer,75,95.0,Advanced
laptop,Lenovo,ThinkBook 16,slow performance lag freezing,Software issue,RAM;SSD;Operating system,90,85.0,Intermediate
laptop,Lenovo,ThinkBook 16,overheating fan loud hot,Cooling system failure,Fan;Heat sink;Thermal paste,60,88.0,Intermediate
laptop,Lenovo,ThinkBook 16,wifi not connecting no internet,Network failure,Wifi card;Network drivers,30,92.0,Beginner
laptop,Lenovo,ThinkBook 16,keyboard not working some keys,Keyboard failure,Keyboard;Ribbon cable,45,90.0,Intermediate
laptop,Lenovo,ThinkBook 16,no sound speaker audio issue,Audio failure,Speakers;Audio jack,30,85.0,Beginner
laptop,Lenovo,ThinkBook 16,usb ports not working,USB failure,USB ports;Motherboard,45,87.0,Intermediate
laptop,Lenovo,ThinkBook 16,blue screen crash random restarts,RAM failure,RAM;Motherboard,45,88.0,Intermediate
laptop,Lenovo,ThinkBook 16,hard drive not detected no storage,Storage failure,SSD;SATA cable;M.2 slot,50,90.0,Intermediate
laptop,Lenovo,ThinkBook 16,trackpad not responding cursor jumping,Trackpad failure,Trackpad;Ribbon cable,40,88.0,Intermediate
laptop,Lenovo,ThinkBook 16,gpu artifacts screen glitches display lines,GPU failure,GPU;Display cable;Motherboard,60,75.0,Advanced
laptop,Lenovo,ThinkBook 16,bios not loading firmware corrupt,BIOS corruption,BIOS chip;CMOS battery,45,82.0,Advanced
laptop,Lenovo,LOQ 16,won't turn on no power black screen,Power supply failure,Power adapter;Battery;Motherboard,60,90.0,Intermediate
laptop,Lenovo,LOQ 16,dead battery not charging,Battery failure,Battery;Charging port,45,95.0,Beginner
laptop,Lenovo,LOQ 16,screen cracked broken display,Screen damage,Display;Touch digitizer,75,95.0,Advanced
laptop,Lenovo,LOQ 16,slow performance lag freezing,Software issue,RAM;SSD;Operating system,90,85.0,Intermediate
laptop,Lenovo,LOQ 16,overheating fan loud hot,Cooling system failure,Fan;Heat sink;Thermal paste,60,88.0,Intermediate
laptop,Lenovo,LOQ 16,wifi not connecting no internet,Network failure,Wifi card;Network drivers,30,92.0,Beginner
laptop,Lenovo,LOQ 16,keyboard not working some keys,Keyboard failure,Keyboard;Ribbon cable,45,90.0,Intermediate
laptop,Lenovo,LOQ 16,no sound speaker audio issue,Audio failure,Speakers;Audio jack,30,85.0,Beginner
laptop,Lenovo,LOQ 16,usb ports not working,USB failure,USB ports;Motherboard,45,87.0,Intermediate
laptop,Lenovo,LOQ 16,blue screen crash random restarts,RAM failure,RAM;Motherboard,45,88.0,Intermediate
laptop,Lenovo,LOQ 16,hard drive not detected no storage,Storage failure,SSD;SATA cable;M.2 slot,50,90.0,Intermediate
laptop,Lenovo,LOQ 16,trackpad not responding cursor jumping,Trackpad failure,Trackpad;Ribbon cable,40,88.0,Intermediate
laptop,Lenovo,LOQ 16,gpu artifacts screen glitches display lines,GPU failure,GPU;Display cable;Motherboard,60,75.0,Advanced
laptop,Lenovo,LOQ 16,bios not loading firmware corrupt,BIOS corruption,BIOS chip;CMOS battery,45,82.0,Advanced
laptop,Apple,"MacBook Air 13-inch (M3, 2024)",won't turn on no power black screen,Power supply failure,Power adapter;Battery;Motherboard,60,90.0,Intermediate
laptop,Apple,"MacBook Air 13-inch (M3, 2024)",dead battery not charging,Battery failure,Battery;Charging port,45,95.0,Beginner
laptop,Apple,"MacBook Air 13-inch (M3, 2024)",screen cracked broken display,Screen damage,Display;Touch digitizer,75,95.0,Advanced
laptop,Apple,"MacBook Air 13-inch (M3, 2024)",slow performance lag freezing,Software issue,RAM;SSD;Operating system,90,85.0,Intermediate
laptop,Apple,"MacBook Air 13-inch (M3, 2024)",overheating fan loud hot,Cooling system failure,Fan;Heat sink;Thermal paste,60,88.0,Intermediate
laptop,Apple,"MacBook Air 13-inch (M3, 2024)",wifi not connecting no internet,Network failure,Wifi card;Network drivers,30,92.0,Beginner
laptop,Apple,"MacBook Air 13-inch (M3, 2024)",keyboard not working some keys,Keyboard failure,Keyboard;Ribbon cable,45,90.0,Intermediate
laptop,Apple,"MacBook Air 13-inch (M3, 2024)",no sound speaker audio issue,Audio failure,Speakers;Audio jack,30,85.0,Beginner
laptop,Apple,"MacBook Air 13-inch (M3, 2024)",usb ports not working,USB failure,USB ports;Motherboard,45,87.0,Intermediate
laptop,Apple,"MacBook Air 13-inch (M3, 2024)",blue screen crash random restarts,RAM failure,RAM;Motherboard,45,88.0,Intermediate
laptop,Apple,"MacBook Air 13-inch (M3, 2024)",hard drive not detected no storage,Storage failure,SSD;SATA cable;M.2 slot,50,90.0,Intermediate
laptop,Apple,"MacBook Air 13-inch (M3, 2024)",trackpad not responding cursor jumping,Trackpad failure,Trackpad;Ribbon cable,40,88.0,Intermediate
laptop,Apple,"MacBook Air 13-inch (M3, 2024)",gpu artifacts screen glitches display lines,GPU failure,GPU;Display cable;Motherboard,60,75.0,Advanced
laptop,Apple,"MacBook Air 13-inch (M3, 2024)",bios not loading firmware corrupt,BIOS corruption,BIOS chip;CMOS battery,45,82.0,Advanced
laptop,Apple,"MacBook Pro 14-inch (M3 Pro / M3 Max, 2023)",won't turn on no power black screen,Power supply failure,Power adapter;Battery;Motherboard,60,90.0,Intermediate
laptop,Apple,"MacBook Pro 14-inch (M3 Pro / M3 Max, 2023)",dead battery not charging,Battery failure,Battery;Charging port,45,95.0,Beginner
laptop,Apple,"MacBook Pro 14-inch (M3 Pro / M3 Max, 2023)",screen cracked broken display,Screen damage,Display;Touch digitizer,75,95.0,Advanced
laptop,Apple,"MacBook Pro 14-inch (M3 Pro / M3 Max, 2023)",slow performance lag freezing,Software issue,RAM;SSD;Operating system,90,85.0,Intermediate
laptop,Apple,"MacBook Pro 14-inch (M3 Pro / M3 Max, 2023)",overheating fan loud hot,Cooling system failure,Fan;Heat sink;Thermal paste,60,88.0,Intermediate
laptop,Apple,"MacBook Pro 14-inch (M3 Pro / M3 Max, 2023)",wifi not connecting no internet,Network failure,Wifi card;Network drivers,30,92.0,Beginner
laptop,Apple,"MacBook Pro 14-inch (M3 Pro / M3 Max, 2023)",keyboard not working some keys,Keyboard failure,Keyboard;Ribbon cable,45,90.0,Intermediate
laptop,Apple,"MacBook Pro 14-inch (M3 Pro / M3 Max, 2023)",no sound speaker audio issue,Audio failure,Speakers;Audio jack,30,85.0,Beginner
laptop,Apple,"MacBook Pro 14-inch (M3 Pro / M3 Max, 2023)",usb ports not working,USB failure,USB ports;Motherboard,45,87.0,Intermediate
laptop,Apple,"MacBook Pro 14-inch (M3 Pro / M3 Max, 2023)",blue screen crash random restarts,RAM failure,RAM;Motherboard,45,88.0,Intermediate
laptop,Apple,"MacBook Pro 14-inch (M3 Pro / M3 Max, 2023)",hard drive not detected no storage,Storage failure,SSD;SATA cable;M.2 slot,50,90.0,Intermediate
laptop,Apple,"MacBook Pro 14-inch (M3 Pro / M3 Max, 2023)",trackpad not responding cursor jumping,Trackpad failure,Trackpad;Ribbon cable,40,88.0,Intermediate
laptop,Apple,"MacBook Pro 14-inch (M3 Pro / M3 Max, 2023)",gpu artifacts screen glitches display lines,GPU failure,GPU;Display cable;Motherboard,60,75.0,Advanced
laptop,Apple,"MacBook Pro 14-inch (M3 Pro / M3 Max, 2023)",bios not loading firmware corrupt,BIOS corruption,BIOS chip;CMOS battery,45,82.0,Advanced
laptop,Apple,"MacBook Pro 16-inch (M3 Pro / M3 Max, 2023)",won't turn on no power black screen,Power supply failure,Power adapter;Battery;Motherboard,60,90.0,Intermediate
laptop,Apple,"MacBook Pro 16-inch (M3 Pro / M3 Max, 2023)",dead battery not charging,Battery failure,Battery;Charging port,45,95.0,Beginner
laptop,Apple,"MacBook Pro 16-inch (M3 Pro / M3 Max, 2023)",screen cracked broken display,Screen damage,Display;Touch digitizer,75,95.0,Advanced
laptop,Apple,"MacBook Pro 16-inch (M3 Pro / M3 Max, 2023)",slow performance lag freezing,Software issue,RAM;SSD;Operating system,90,85.0,Intermediate
laptop,Apple,"MacBook Pro 16-inch (M3 Pro / M3 Max, 2023)",overheating fan loud hot,Cooling system failure,Fan;Heat sink;Thermal paste,60,88.0,Intermediate
laptop,Apple,"MacBook Pro 16-inch (M3 Pro / M3 Max, 2023)",wifi not connecting no internet,Network failure,Wifi card;Network drivers,30,92.0,Beginner
laptop,Apple,"MacBook Pro 16-inch (M3 Pro / M3 Max, 2023)",keyboard not working some keys,Keyboard failure,Keyboard;Ribbon cable,45,90.0,Intermediate
laptop,Apple,"MacBook Pro 16-inch (M3 Pro / M3 Max, 2023)",no sound speaker audio issue,Audio failure,Speakers;Audio jack,30,85.0,Beginner
laptop,Apple,"MacBook Pro 16-inch (M3 Pro / M3 Max, 2023)",usb ports not working,USB failure,USB ports;Motherboard,45,87.0,Intermediate
laptop,Apple,"MacBook Pro 16-inch (M3 Pro / M3 Max, 2023)",blue screen crash random restarts,RAM failure,RAM;Motherboard,45,88.0,Intermediate
laptop,Apple,"MacBook Pro 16-inch (M3 Pro / M3 Max, 2023)",hard drive not detected no storage,Storage failure,SSD;SATA cable;M.2 slot,50,90.0,Intermediate
laptop,Apple,"MacBook Pro 16-inch (M3 Pro / M3 Max, 2023)",trackpad not responding cursor jumping,Trackpad failure,Trackpad;Ribbon cable,40,88.0,Intermediate
laptop,Apple,"MacBook Pro 16-inch (M3 Pro / M3 Max, 2023)",gpu artifacts screen glitches display lines,GPU failure,GPU;Display cable;Motherboard,60,75.0,Advanced
laptop,Apple,"MacBook Pro 16-inch (M3 Pro / M3 Max, 2023)",bios not loading firmware corrupt,BIOS corruption,BIOS chip;CMOS battery,45,82.0,Advanced
laptop,Apple,"MacBook Air 15-inch (M2, 2023)",won't turn on no power black screen,Power supply failure,Power adapter;Battery;Motherboard,60,90.0,Intermediate
laptop,Apple,"MacBook Air 15-inch (M2, 2023)",dead battery not charging,Battery failure,Battery;Charging port,45,95.0,Beginner
laptop,Apple,"MacBook Air 15-inch (M2, 2023)",screen cracked broken display,Screen damage,Display;Touch digitizer,75,95.0,Advanced
laptop,Apple,"MacBook Air 15-inch (M2, 2023)",slow performance lag freezing,Software issue,RAM;SSD;Operating system,90,85.0,Intermediate
laptop,Apple,"MacBook Air 15-inch (M2, 2023)",overheating fan loud hot,Cooling system failure,Fan;Heat sink;Thermal paste,60,88.0,Intermediate
laptop,Apple,"MacBook Air 15-inch (M2, 2023)",wifi not connecting no internet,Network failure,Wifi card;Network drivers,30,92.0,Beginner
laptop,Apple,"MacBook Air 15-inch (M2, 2023)",keyboard not working some keys,Keyboard failure,Keyboard;Ribbon cable,45,90.0,Intermediate
laptop,Apple,"MacBook Air 15-inch (M2, 2023)",no sound speaker audio issue,Audio failure,Speakers;Audio jack,30,85.0,Beginner
laptop,Apple,"MacBook Air 15-inch (M2, 2023)",usb ports not working,USB failure,USB ports;Motherboard,45,87.0,Intermediate
laptop,Apple,"MacBook Air 15-inch (M2, 2023)",blue screen crash random restarts,RAM failure,RAM;Motherboard,45,88.0,Intermediate
laptop,Apple,"MacBook Air 15-inch (M2, 2023)",hard drive not detected no storage,Storage failure,SSD;SATA cable;M.2 slot,50,90.0,Intermediate
laptop,Apple,"MacBook Air 15-inch (M2, 2023)",trackpad not responding cursor jumping,Trackpad failure,Trackpad;Ribbon cable,40,88.0,Intermediate
laptop,Apple,"MacBook Air 15-inch (M2, 2023)",gpu artifacts screen glitches display lines,GPU failure,GPU;Display cable;Motherboard,60,75.0,Advanced
laptop,Apple,"MacBook Air 15-inch (M2, 2023)",bios not loading firmware corrupt,BIOS corruption,BIOS chip;CMOS battery,45,82.0,Advanced
laptop,Apple,"MacBook Pro 13-inch (M2, 2022)",won't turn on no power black screen,Power supply failure,Power adapter;Battery;Motherboard,60,90.0,Intermediate
laptop,Apple,"MacBook Pro 13-inch (M2, 2022)",dead battery not charging,Battery failure,Battery;Charging port,45,95.0,Beginner
laptop,Apple,"MacBook Pro 13-inch (M2, 2022)",screen cracked broken display,Screen damage,Display;Touch digitizer,75,95.0,Advanced
laptop,Apple,"MacBook Pro 13-inch (M2, 2022)",slow performance lag freezing,Software issue,RAM;SSD;Operating system,90,85.0,Intermediate
laptop,Apple,"MacBook Pro 13-inch (M2, 2022)",overheating fan loud hot,Cooling system failure,Fan;Heat sink;Thermal paste,60,88.0,Intermediate
laptop,Apple,"MacBook Pro 13-inch (M2, 2022)",wifi not connecting no internet,Network failure,Wifi card;Network drivers,30,92.0,Beginner
laptop,Apple,"MacBook Pro 13-inch (M2, 2022)",keyboard not working some keys,Keyboard failure,Keyboard;Ribbon cable,45,90.0,Intermediate
laptop,Apple,"MacBook Pro 13-inch (M2, 2022)",no sound speaker audio issue,Audio failure,Speakers;Audio jack,30,85.0,Beginner
laptop,Apple,"MacBook Pro 13-inch (M2, 2022)",usb ports not working,USB failure,USB ports;Motherboard,45,87.0,Intermediate
laptop,Apple,"MacBook Pro 13-inch (M2, 2022)",blue screen crash random restarts,RAM failure,RAM;Motherboard,45,88.0,Intermediate
laptop,Apple,"MacBook Pro 13-inch (M2, 2022)",hard drive not detected no storage,Storage failure,SSD;SATA cable;M.2 slot,50,90.0,Intermediate
laptop,Apple,"MacBook Pro 13-inch (M2, 2022)",trackpad not responding cursor jumping,Trackpad failure,Trackpad;Ribbon cable,40,88.0,Intermediate
laptop,Apple,"MacBook Pro 13-inch (M2, 2022)",gpu artifacts screen glitches display lines,GPU failure,GPU;Display cable;Motherboard,60,75.0,Advanced
laptop,Apple,"MacBook Pro 13-inch (M2, 2022)",bios not loading firmware corrupt,BIOS corruption,BIOS chip;CMOS battery,45,82.0,Advanced
laptop,ASUS,ROG Zephyrus G14 (GA401/GA403),won't turn on no power black screen,Power supply failure,Power adapter;Battery;Motherboard,60,90.0,Intermediate
laptop,ASUS,ROG Zephyrus G14 (GA401/GA403),dead battery not charging,Battery failure,Battery;Charging port,45,95.0,Beginner
laptop,ASUS,ROG Zephyrus G14 (GA401/GA403),screen cracked broken display,Screen damage,Display;Touch digitizer,75,95.0,Advanced
laptop,ASUS,ROG Zephyrus G14 (GA401/GA403),slow performance lag freezing,Software issue,RAM;SSD;Operating system,90,85.0,Intermediate
laptop,ASUS,ROG Zephyrus G14 (GA401/GA403),overheating fan loud hot,Cooling system failure,Fan;Heat sink;Thermal paste,60,88.0,Intermediate
laptop,ASUS,ROG Zephyrus G14 (GA401/GA403),wifi not connecting no internet,Network failure,Wifi card;Network drivers,30,92.0,Beginner
laptop,ASUS,ROG Zephyrus G14 (GA401/GA403),keyboard not working some keys,Keyboard failure,Keyboard;Ribbon cable,45,90.0,Intermediate
laptop,ASUS,ROG Zephyrus G14 (GA401/GA403),no sound speaker audio issue,Audio failure,Speakers;Audio jack,30,85.0,Beginner
laptop,ASUS,ROG Zephyrus G14 (GA401/GA403),usb ports not working,USB failure,USB ports;Motherboard,45,87.0,Intermediate
laptop,ASUS,ROG Zephyrus G14 (GA401/GA403),blue screen crash random restarts,RAM failure,RAM;Motherboard,45,88.0,Intermediate
laptop,ASUS,ROG Zephyrus G14 (GA401/GA403),hard drive not detected no storage,Storage failure,SSD;SATA cable;M.2 slot,50,90.0,Intermediate
laptop,ASUS,ROG Zephyrus G14 (GA401/GA403),trackpad not responding cursor jumping,Trackpad failure,Trackpad;Ribbon cable,40,88.0,Intermediate
laptop,ASUS,ROG Zephyrus G14 (GA401/GA403),gpu artifacts screen glitches display lines,GPU failure,GPU;Display cable;Motherboard,60,75.0,Advanced
laptop,ASUS,ROG Zephyrus G14 (GA401/GA403),bios not loading firmware corrupt,BIOS corruption,BIOS chip;CMOS battery,45,82.0,Advanced
laptop,ASUS,ROG Strix G16 (G614),won't turn on no power black screen,Power supply failure,Power adapter;Battery;Motherboard,60,90.0,Intermediate
laptop,ASUS,ROG Strix G16 (G614),dead battery not charging,Battery failure,Battery;Charging port,45,95.0,Beginner
laptop,ASUS,ROG Strix G16 (G614),screen cracked broken display,Screen damage,Display;Touch digitizer,75,95.0,Advanced
laptop,ASUS,ROG Strix G16 (G614),slow performance lag freezing,Software issue,RAM;SSD;Operating system,90,85.0,Intermediate
laptop,ASUS,ROG Strix G16 (G614),overheating fan loud hot,Cooling system failure,Fan;Heat sink;Thermal paste,60,88.0,Intermediate
laptop,ASUS,ROG Strix G16 (G614),wifi not connecting no internet,Network failure,Wifi card;Network drivers,30,92.0,Beginner
laptop,ASUS,ROG Strix G16 (G614),keyboard not working some keys,Keyboard failure,Keyboard;Ribbon cable,45,90.0,Intermediate
laptop,ASUS,ROG Strix G16 (G614),no sound speaker audio issue,Audio failure,Speakers;Audio jack,30,85.0,Beginner
laptop,ASUS,ROG Strix G16 (G614),usb ports not working,USB failure,USB ports;Motherboard,45,87.0,Intermediate
laptop,ASUS,ROG Strix G16 (G614),blue screen crash random restarts,RAM failure,RAM;Motherboard,45,88.0,Intermediate
laptop,ASUS,ROG Strix G16 (G614),hard drive not detected no storage,Storage failure,SSD;SATA cable;M.2 slot,50,90.0,Intermediate
laptop,ASUS,ROG Strix G16 (G614),trackpad not responding cursor jumping,Trackpad failure,Trackpad;Ribbon cable,40,88.0,Intermediate
laptop,ASUS,ROG Strix G16 (G614),gpu artifacts screen glitches display lines,GPU failure,GPU;Display cable;Motherboard,60,75.0,Advanced
laptop,ASUS,ROG Strix G16 (G614),bios not loading firmware corrupt,BIOS corruption,BIOS chip;CMOS battery,45,82.0,Advanced
laptop,ASUS,TUF Gaming A15 (FA506),won't turn on no power black screen,Power supply failure,Power adapter;Battery;Motherboard,60,90.0,Intermediate
laptop,ASUS,TUF Gaming A15 (FA506),dead battery not charging,Battery failure,Battery;Charging port,45,95.0,Beginner
laptop,ASUS,TUF Gaming A15 (FA506),screen cracked broken display,Screen damage,Display;Touch digitizer,75,95.0,Advanced
laptop,ASUS,TUF Gaming A15 (FA506),slow performance lag freezing,Software issue,RAM;SSD;Operating system,90,85.0,Intermediate
laptop,ASUS,TUF Gaming A15 (FA506),overheating fan loud hot,Cooling system failure,Fan;Heat sink;Thermal paste,60,88.0,Intermediate
laptop,ASUS,TUF Gaming A15 (FA506),wifi not connecting no internet,Network failure,Wifi card;Network drivers,30,92.0,Beginner
laptop,ASUS,TUF Gaming A15 (FA506),keyboard not working some keys,Keyboard failure,Keyboard;Ribbon cable,45,90.0,Intermediate
laptop,ASUS,TUF Gaming A15 (FA506),no sound speaker audio issue,Audio failure,Speakers;Audio jack,30,85.0,Beginner
laptop,ASUS,TUF Gaming A15 (FA506),usb ports not working,USB failure,USB ports;Motherboard,45,87.0,Intermediate
laptop,ASUS,TUF Gaming A15 (FA506),blue screen crash random restarts,RAM failure,RAM;Motherboard,45,88.0,Intermediate
laptop,ASUS,TUF Gaming A15 (FA506),hard drive not detected no storage,Storage failure,SSD;SATA cable;M.2 slot,50,90.0,Intermediate
laptop,ASUS,TUF Gaming A15 (FA506),trackpad not responding cursor jumping,Trackpad failure,Trackpad;Ribbon cable,40,88.0,Intermediate
laptop,ASUS,TUF Gaming A15 (FA506),gpu artifacts screen glitches display lines,GPU failure,GPU;Display cable;Motherboard,60,75.0,Advanced
laptop,ASUS,TUF Gaming A15 (FA506),bios not loading firmware corrupt,BIOS corruption,BIOS chip;CMOS battery,45,82.0,Advanced
laptop,ASUS,ZenBook 14 OLED (UX3405),won't turn on no power black screen,Power supply failure,Power adapter;Battery;Motherboard,60,90.0,Intermediate
laptop,ASUS,ZenBook 14 OLED (UX3405),dead battery not charging,Battery failure,Battery;Charging port,45,95.0,Beginner
laptop,ASUS,ZenBook 14 OLED (UX3405),screen cracked broken display,Screen damage,Display;Touch digitizer,75,95.0,Advanced
laptop,ASUS,ZenBook 14 OLED (UX3405),slow performance lag freezing,Software issue,RAM;SSD;Operating system,90,85.0,Intermediate
laptop,ASUS,ZenBook 14 OLED (UX3405),overheating fan loud hot,Cooling system failure,Fan;Heat sink;Thermal paste,60,88.0,Intermediate
laptop,ASUS,ZenBook 14 OLED (UX3405),wifi not connecting no internet,Network failure,Wifi card;Network drivers,30,92.0,Beginner
laptop,ASUS,ZenBook 14 OLED (UX3405),keyboard not working some keys,Keyboard failure,Keyboard;Ribbon cable,45,90.0,Intermediate
laptop,ASUS,ZenBook 14 OLED (UX3405),no sound speaker audio issue,Audio failure,Speakers;Audio jack,30,85.0,Beginner
laptop,ASUS,ZenBook 14 OLED (UX3405),usb ports not working,USB failure,USB ports;Motherboard,45,87.0,Intermediate
laptop,ASUS,ZenBook 14 OLED (UX3405),blue screen crash random restarts,RAM failure,RAM;Motherboard,45,88.0,Intermediate
laptop,ASUS,ZenBook 14 OLED (UX3405),hard drive not detected no storage,Storage failure,SSD;SATA cable;M.2 slot,50,90.0,Intermediate
laptop,ASUS,ZenBook 14 OLED (UX3405),trackpad not responding cursor jumping,Trackpad failure,Trackpad;Ribbon cable,40,88.0,Intermediate
laptop,ASUS,ZenBook 14 OLED (UX3405),gpu artifacts screen glitches display lines,GPU failure,GPU;Display cable;Motherboard,60,75.0,Advanced
laptop,ASUS,ZenBook 14 OLED (UX3405),bios not loading firmware corrupt,BIOS corruption,BIOS chip;CMOS battery,45,82.0,Advanced
laptop,ASUS,Vivobook 15 (X1502),won't turn on no power black screen,Power supply failure,Power adapter;Battery;Motherboard,60,90.0,Intermediate
laptop,ASUS,Vivobook 15 (X1502),dead battery not charging,Battery failure,Battery;Charging port,45,95.0,Beginner
laptop,ASUS,Vivobook 15 (X1502),screen cracked broken display,Screen damage,Display;Touch digitizer,75,95.0,Advanced
laptop,ASUS,Vivobook 15 (X1502),slow performance lag freezing,Software issue,RAM;SSD;Operating system,90,85.0,Intermediate
laptop,ASUS,Vivobook 15 (X1502),overheating fan loud hot,Cooling system failure,Fan;Heat sink;Thermal paste,60,88.0,Intermediate
laptop,ASUS,Vivobook 15 (X1502),wifi not connecting no internet,Network failure,Wifi card;Network drivers,30,92.0,Beginner
laptop,ASUS,Vivobook 15 (X1502),keyboard not working some keys,Keyboard failure,Keyboard;Ribbon cable,45,90.0,Intermediate
laptop,ASUS,Vivobook 15 (X1502),no sound speaker audio issue,Audio failure,Speakers;Audio jack,30,85.0,Beginner
laptop,ASUS,Vivobook 15 (X1502),usb ports not working,USB failure,USB ports;Motherboard,45,87.0,Intermediate
laptop,ASUS,Vivobook 15 (X1502),blue screen crash random restarts,RAM failure,RAM;Motherboard,45,88.0,Intermediate
laptop,ASUS,Vivobook 15 (X1502),hard drive not detected no storage,Storage failure,SSD;SATA cable;M.2 slot,50,90.0,Intermediate
laptop,ASUS,Vivobook 15 (X1502),trackpad not responding cursor jumping,Trackpad failure,Trackpad;Ribbon cable,40,88.0,Intermediate
laptop,ASUS,Vivobook 15 (X1502),gpu artifacts screen glitches display lines,GPU failure,GPU;Display cable;Motherboard,60,75.0,Advanced
laptop,ASUS,Vivobook 15 (X1502),bios not loading firmware corrupt,BIOS corruption,BIOS chip;CMOS battery,45,82.0,Advanced
laptop,ASUS,ProArt Studiobook 16 OLED (H7604),won't turn on no power black screen,Power supply failure,Power adapter;Battery;Motherboard,60,90.0,Intermediate
laptop,ASUS,ProArt Studiobook 16 OLED (H7604),dead battery not charging,Battery failure,Battery;Charging port,45,95.0,Beginner
laptop,ASUS,ProArt Studiobook 16 OLED (H7604),screen cracked broken display,Screen damage,Display;Touch digitizer,75,95.0,Advanced
laptop,ASUS,ProArt Studiobook 16 OLED (H7604),slow performance lag freezing,Software issue,RAM;SSD;Operating system,90,85.0,Intermediate
laptop,ASUS,ProArt Studiobook 16 OLED (H7604),overheating fan loud hot,Cooling system failure,Fan;Heat sink;Thermal paste,60,88.0,Intermediate
laptop,ASUS,ProArt Studiobook 16 OLED (H7604),wifi not connecting no internet,Network failure,Wifi card;Network drivers,30,92.0,Beginner
laptop,ASUS,ProArt Studiobook 16 OLED (H7604),keyboard not working some keys,Keyboard failure,Keyboard;Ribbon cable,45,90.0,Intermediate
laptop,ASUS,ProArt Studiobook 16 OLED (H7604),no sound speaker audio issue,Audio failure,Speakers;Audio jack,30,85.0,Beginner
laptop,ASUS,ProArt Studiobook 16 OLED (H7604),usb ports not working,USB failure,USB ports;Motherboard,45,87.0,Intermediate
laptop,ASUS,ProArt Studiobook 16 OLED (H7604),blue screen crash random restarts,RAM failure,RAM;Motherboard,45,88.0,Intermediate
laptop,ASUS,ProArt Studiobook 16 OLED (H7604),hard drive not detected no storage,Storage failure,SSD;SATA cable;M.2 slot,50,90.0,Intermediate
laptop,ASUS,ProArt Studiobook 16 OLED (H7604),trackpad not responding cursor jumping,Trackpad failure,Trackpad;Ribbon cable,40,88.0,Intermediate
laptop,ASUS,ProArt Studiobook 16 OLED (H7604),gpu artifacts screen glitches display lines,GPU failure,GPU;Display cable;Motherboard,60,75.0,Advanced
laptop,ASUS,ProArt Studiobook 16 OLED (H7604),bios not loading firmware corrupt,BIOS corruption,BIOS chip;CMOS battery,45,82.0,Advanced
laptop,Acer,Predator Helios 16 (PH16),won't turn on no power black screen,Power supply failure,Power adapter;Battery;Motherboard,60,90.0,Intermediate
laptop,Acer,Predator Helios 16 (PH16),dead battery not charging,Battery failure,Battery;Charging port,45,95.0,Beginner
laptop,Acer,Predator Helios 16 (PH16),screen cracked broken display,Screen damage,Display;Touch digitizer,75,95.0,Advanced
laptop,Acer,Predator Helios 16 (PH16),slow performance lag freezing,Software issue,RAM;SSD;Operating system,90,85.0,Intermediate
laptop,Acer,Predator Helios 16 (PH16),overheating fan loud hot,Cooling system failure,Fan;Heat sink;Thermal paste,60,88.0,Intermediate
laptop,Acer,Predator Helios 16 (PH16),wifi not connecting no internet,Network failure,Wifi card;Network drivers,30,92.0,Beginner
laptop,Acer,Predator Helios 16 (PH16),keyboard not working some keys,Keyboard failure,Keyboard;Ribbon cable,45,90.0,Intermediate
laptop,Acer,Predator Helios 16 (PH16),no sound speaker audio issue,Audio failure,Speakers;Audio jack,30,85.0,Beginner
laptop,Acer,Predator Helios 16 (PH16),usb ports not working,USB failure,USB ports;Motherboard,45,87.0,Intermediate
laptop,Acer,Predator Helios 16 (PH16),blue screen crash random restarts,RAM failure,RAM;Motherboard,45,88.0,Intermediate
laptop,Acer,Predator Helios 16 (PH16),hard drive not detected no storage,Storage failure,SSD;SATA cable;M.2 slot,50,90.0,Intermediate
laptop,Acer,Predator Helios 16 (PH16),trackpad not responding cursor jumping,Trackpad failure,Trackpad;Ribbon cable,40,88.0,Intermediate
laptop,Acer,Predator Helios 16 (PH16),gpu artifacts screen glitches display lines,GPU failure,GPU;Display cable;Motherboard,60,75.0,Advanced
laptop,Acer,Predator Helios 16 (PH16),bios not loading firmware corrupt,BIOS corruption,BIOS chip;CMOS battery,45,82.0,Advanced
laptop,Acer,Nitro 5 (AN515 / AN517),won't turn on no power black screen,Power supply failure,Power adapter;Battery;Motherboard,60,90.0,Intermediate
laptop,Acer,Nitro 5 (AN515 / AN517),dead battery not charging,Battery failure,Battery;Charging port,45,95.0,Beginner
laptop,Acer,Nitro 5 (AN515 / AN517),screen cracked broken display,Screen damage,Display;Touch digitizer,75,95.0,Advanced
laptop,Acer,Nitro 5 (AN515 / AN517),slow performance lag freezing,Software issue,RAM;SSD;Operating system,90,85.0,Intermediate
laptop,Acer,Nitro 5 (AN515 / AN517),overheating fan loud hot,Cooling system failure,Fan;Heat sink;Thermal paste,60,88.0,Intermediate
laptop,Acer,Nitro 5 (AN515 / AN517),wifi not connecting no internet,Network failure,Wifi card;Network drivers,30,92.0,Beginner
laptop,Acer,Nitro 5 (AN515 / AN517),keyboard not working some keys,Keyboard failure,Keyboard;Ribbon cable,45,90.0,Intermediate
laptop,Acer,Nitro 5 (AN515 / AN517),no sound speaker audio issue,Audio failure,Speakers;Audio jack,30,85.0,Beginner
laptop,Acer,Nitro 5 (AN515 / AN517),usb ports not working,USB failure,USB ports;Motherboard,45,87.0,Intermediate
laptop,Acer,Nitro 5 (AN515 / AN517),blue screen crash random restarts,RAM failure,RAM;Motherboard,45,88.0,Intermediate
laptop,Acer,Nitro 5 (AN515 / AN517),hard drive not detected no storage,Storage failure,SSD;SATA cable;M.2 slot,50,90.0,Intermediate
laptop,Acer,Nitro 5 (AN515 / AN517),trackpad not responding cursor jumping,Trackpad failure,Trackpad;Ribbon cable,40,88.0,Intermediate
laptop,Acer,Nitro 5 (AN515 / AN517),gpu artifacts screen glitches display lines,GPU failure,GPU;Display cable;Motherboard,60,75.0,Advanced
laptop,Acer,Nitro 5 (AN515 / AN517),bios not loading firmware corrupt,BIOS corruption,BIOS chip;CMOS battery,45,82.0,Advanced
laptop,Acer,Aspire 5 (A515),won't turn on no power black screen,Power supply failure,Power adapter;Battery;Motherboard,60,90.0,Intermediate
laptop,Acer,Aspire 5 (A515),dead battery not charging,Battery failure,Battery;Charging port,45,95.0,Beginner
laptop,Acer,Aspire 5 (A515),screen cracked broken display,Screen damage,Display;Touch digitizer,75,95.0,Advanced
laptop,Acer,Aspire 5 (A515),slow performance lag freezing,Software issue,RAM;SSD;Operating system,90,85.0,Intermediate
laptop,Acer,Aspire 5 (A515),overheating fan loud hot,Cooling system failure,Fan;Heat sink;Thermal paste,60,88.0,Intermediate
laptop,Acer,Aspire 5 (A515),wifi not connecting no internet,Network failure,Wifi card;Network drivers,30,92.0,Beginner
laptop,Acer,Aspire 5 (A515),keyboard not working some keys,Keyboard failure,Keyboard;Ribbon cable,45,90.0,Intermediate
laptop,Acer,Aspire 5 (A515),no sound speaker audio issue,Audio failure,Speakers;Audio jack,30,85.0,Beginner
laptop,Acer,Aspire 5 (A515),usb ports not working,USB failure,USB ports;Motherboard,45,87.0,Intermediate
laptop,Acer,Aspire 5 (A515),blue screen crash random restarts,RAM failure,RAM;Motherboard,45,88.0,Intermediate
laptop,Acer,Aspire 5 (A515),hard drive not detected no storage,Storage failure,SSD;SATA cable;M.2 slot,50,90.0,Intermediate
laptop,Acer,Aspire 5 (A515),trackpad not responding cursor jumping,Trackpad failure,Trackpad;Ribbon cable,40,88.0,Intermediate
laptop,Acer,Aspire 5 (A515),gpu artifacts screen glitches display lines,GPU failure,GPU;Display cable;Motherboard,60,75.0,Advanced
laptop,Acer,Aspire 5 (A515),bios not loading firmware corrupt,BIOS corruption,BIOS chip;CMOS battery,45,82.0,Advanced
laptop,Acer,Swift Go 14 (SFG14),won't turn on no power black screen,Power supply failure,Power adapter;Battery;Motherboard,60,90.0,Intermediate
laptop,Acer,Swift Go 14 (SFG14),dead battery not charging,Battery failure,Battery;Charging port,45,95.0,Beginner
laptop,Acer,Swift Go 14 (SFG14),screen cracked broken display,Screen damage,Display;Touch digitizer,75,95.0,Advanced
laptop,Acer,Swift Go 14 (SFG14),slow performance lag freezing,Software issue,RAM;SSD;Operating system,90,85.0,Intermediate
laptop,Acer,Swift Go 14 (SFG14),overheating fan loud hot,Cooling system failure,Fan;Heat sink;Thermal paste,60,88.0,Intermediate
laptop,Acer,Swift Go 14 (SFG14),wifi not connecting no internet,Network failure,Wifi card;Network drivers,30,92.0,Beginner
laptop,Acer,Swift Go 14 (SFG14),keyboard not working some keys,Keyboard failure,Keyboard;Ribbon cable,45,90.0,Intermediate
laptop,Acer,Swift Go 14 (SFG14),no sound speaker audio issue,Audio failure,Speakers;Audio jack,30,85.0,Beginner
laptop,Acer,Swift Go 14 (SFG14),usb ports not working,USB failure,USB ports;Motherboard,45,87.0,Intermediate
laptop,Acer,Swift Go 14 (SFG14),blue screen crash random restarts,RAM failure,RAM;Motherboard,45,88.0,Intermediate
laptop,Acer,Swift Go 14 (SFG14),hard drive not detected no storage,Storage failure,SSD;SATA cable;M.2 slot,50,90.0,Intermediate
laptop,Acer,Swift Go 14 (SFG14),trackpad not responding cursor jumping,Trackpad failure,Trackpad;Ribbon cable,40,88.0,Intermediate
laptop,Acer,Swift Go 14 (SFG14),gpu artifacts screen glitches display lines,GPU failure,GPU;Display cable;Motherboard,60,75.0,Advanced
laptop,Acer,Swift Go 14 (SFG14),bios not loading firmware corrupt,BIOS corruption,BIOS chip;CMOS battery,45,82.0,Advanced
laptop,Acer,TravelMate P4 (TMP414),won't turn on no power black screen,Power supply failure,Power adapter;Battery;Motherboard,60,90.0,Intermediate
laptop,Acer,TravelMate P4 (TMP414),dead battery not charging,Battery failure,Battery;Charging port,45,95.0,Beginner
laptop,Acer,TravelMate P4 (TMP414),screen cracked broken display,Screen damage,Display;Touch digitizer,75,95.0,Advanced
laptop,Acer,TravelMate P4 (TMP414),slow performance lag freezing,Software issue,RAM;SSD;Operating system,90,85.0,Intermediate
laptop,Acer,TravelMate P4 (TMP414),overheating fan loud hot,Cooling system failure,Fan;Heat sink;Thermal paste,60,88.0,Intermediate
laptop,Acer,TravelMate P4 (TMP414),wifi not connecting no internet,Network failure,Wifi card;Network drivers,30,92.0,Beginner
laptop,Acer,TravelMate P4 (TMP414),keyboard not working some keys,Keyboard failure,Keyboard;Ribbon cable,45,90.0,Intermediate
laptop,Acer,TravelMate P4 (TMP414),no sound speaker audio issue,Audio failure,Speakers;Audio jack,30,85.0,Beginner
laptop,Acer,TravelMate P4 (TMP414),usb ports not working,USB failure,USB ports;Motherboard,45,87.0,Intermediate
laptop,Acer,TravelMate P4 (TMP414),blue screen crash random restarts,RAM failure,RAM;Motherboard,45,88.0,Intermediate
laptop,Acer,TravelMate P4 (TMP414),hard drive not detected no storage,Storage failure,SSD;SATA cable;M.2 slot,50,90.0,Intermediate
laptop,Acer,TravelMate P4 (TMP414),trackpad not responding cursor jumping,Trackpad failure,Trackpad;Ribbon cable,40,88.0,Intermediate
laptop,Acer,TravelMate P4 (TMP414),gpu artifacts screen glitches display lines,GPU failure,GPU;Display cable;Motherboard,60,75.0,Advanced
laptop,Acer,TravelMate P4 (TMP414),bios not loading firmware corrupt,BIOS corruption,BIOS chip;CMOS battery,45,82.0,Advanced
laptop,Acer,ConceptD 5 (CN514),won't turn on no power black screen,Power supply failure,Power adapter;Battery;Motherboard,60,90.0,Intermediate
laptop,Acer,ConceptD 5 (CN514),dead battery not charging,Battery failure,Battery;Charging port,45,95.0,Beginner
laptop,Acer,ConceptD 5 (CN514),screen cracked broken display,Screen damage,Display;Touch digitizer,75,95.0,Advanced
laptop,Acer,ConceptD 5 (CN514),slow performance lag freezing,Software issue,RAM;SSD;Operating system,90,85.0,Intermediate
laptop,Acer,ConceptD 5 (CN514),overheating fan loud hot,Cooling system failure,Fan;Heat sink;Thermal paste,60,88.0,Intermediate
laptop,Acer,ConceptD 5 (CN514),wifi not connecting no internet,Network failure,Wifi card;Network drivers,30,92.0,Beginner
laptop,Acer,ConceptD 5 (CN514),keyboard not working some keys,Keyboard failure,Keyboard;Ribbon cable,45,90.0,Intermediate
laptop,Acer,ConceptD 5 (CN514),no sound speaker audio issue,Audio failure,Speakers;Audio jack,30,85.0,Beginner
laptop,Acer,ConceptD 5 (CN514),usb ports not working,USB failure,USB ports;Motherboard,45,87.0,Intermediate
laptop,Acer,ConceptD 5 (CN514),blue screen crash random restarts,RAM failure,RAM;Motherboard,45,88.0,Intermediate
laptop,Acer,ConceptD 5 (CN514),hard drive not detected no storage,Storage failure,SSD;SATA cable;M.2 slot,50,90.0,Intermediate
laptop,Acer,ConceptD 5 (CN514),trackpad not responding cursor jumping,Trackpad failure,Trackpad;Ribbon cable,40,88.0,Intermediate
laptop,Acer,ConceptD 5 (CN514),gpu artifacts screen glitches display lines,GPU failure,GPU;Display cable;Motherboard,60,75.0,Advanced
laptop,Acer,ConceptD 5 (CN514),bios not loading firmware corrupt,BIOS corruption,BIOS chip;CMOS battery,45,82.0,Advanced
